Station,YEAR,MONTH,DAY,ROAD,JULIAN,X,Y,HETH
BG-0002-001,2015,6,16,0,166,-110.9990005,56.3941002,0
BG-0002-001,2015,6,19,0,169,-110.9990005,56.3941002,0
BG-0002-001,2015,6,21,0,171,-110.9990005,56.3941002,0
BG-0002-001,2015,6,26,0,176,-110.9990005,56.3941002,1
BG-0002-002,2015,6,26,0,176,-110.9889984,56.3936005,0
BG-0002-002,2015,6,15,0,165,-110.9889984,56.3936005,0
BG-0002-002,2015,6,19,0,169,-110.9889984,56.3936005,0
BG-0002-002,2015,6,22,0,172,-110.9889984,56.3936005,0
BG-0002-003,2015,6,20,0,170,-110.9800034,56.3931999,1
BG-0002-003,2015,6,18,0,168,-110.9800034,56.3931999,1
BG-0002-003,2015,6,21,0,171,-110.9800034,56.3931999,0
BG-0002-003,2015,6,24,0,174,-110.9800034,56.3931999,1
BG-0002-004,2015,6,17,0,167,-110.9700012,56.3930016,0
BG-0002-004,2015,6,29,0,179,-110.9700012,56.3930016,2
BG-0002-004,2015,6,21,0,171,-110.9700012,56.3930016,0
BG-0002-004,2015,6,20,0,170,-110.9700012,56.3930016,1
BG-0002-005,2015,6,26,0,176,-110.961998,56.3928986,1
BG-0002-005,2015,6,30,0,180,-110.961998,56.3928986,2
BG-0002-005,2015,6,22,0,172,-110.961998,56.3928986,3
BG-0002-005,2015,6,21,0,171,-110.961998,56.3928986,2
BG-0002-006,2015,6,21,0,171,-110.9499969,56.3925018,0
BG-0002-006,2015,6,25,0,175,-110.9499969,56.3925018,0
BG-0002-006,2015,6,23,0,173,-110.9499969,56.3925018,0
BG-0002-006,2015,6,24,0,174,-110.9499969,56.3925018,0
BG-0002-007,2015,6,22,0,172,-110.9410019,56.3921013,1
BG-0002-007,2015,6,21,0,171,-110.9410019,56.3921013,2
BG-0002-007,2015,6,23,0,173,-110.9410019,56.3921013,2
BG-0002-007,2015,6,24,0,174,-110.9410019,56.3921013,1
BG-0002-008,2015,6,22,0,172,-110.9309998,56.3917007,0
BG-0002-008,2015,6,25,0,175,-110.9309998,56.3917007,0
BG-0002-008,2015,6,23,0,173,-110.9309998,56.3917007,1
BG-0002-008,2015,6,24,0,174,-110.9309998,56.3917007,0
BG-0002-009,2015,6,22,0,172,-110.9219971,56.3913002,0
BG-0002-009,2015,6,21,0,171,-110.9219971,56.3913002,0
BG-0002-009,2015,6,23,0,173,-110.9219971,56.3913002,0
BG-0002-009,2015,6,25,0,175,-110.9219971,56.3913002,0
BG-0002-011,2015,6,12,1,162,-110.9990005,56.3992996,0
BG-0002-011,2015,6,16,1,166,-110.9990005,56.3992996,1
BG-0002-011,2015,6,14,1,164,-110.9990005,56.3992996,0
BG-0002-011,2015,6,24,1,174,-110.9990005,56.3992996,0
BG-0002-012,2015,6,21,0,171,-110.9889984,56.3988991,0
BG-0002-012,2015,6,15,0,165,-110.9889984,56.3988991,0
BG-0002-012,2015,6,22,0,172,-110.9889984,56.3988991,1
BG-0002-013,2015,6,25,1,175,-110.9789963,56.3986015,2
BG-0002-013,2015,6,24,1,174,-110.9789963,56.3986015,1
BG-0002-013,2015,6,20,1,170,-110.9789963,56.3986015,1
BG-0002-013,2015,6,22,1,172,-110.9789963,56.3986015,0
BG-0002-014,2015,6,22,1,172,-110.9690018,56.3983002,0
BG-0002-014,2015,6,16,1,166,-110.9690018,56.3983002,0
BG-0002-014,2015,6,18,1,168,-110.9690018,56.3983002,0
BG-0002-014,2015,6,24,1,174,-110.9690018,56.3983002,0
BG-0002-015,2015,6,24,1,174,-110.9599991,56.3979988,1
BG-0002-015,2015,6,13,1,163,-110.9599991,56.3979988,0
BG-0002-015,2015,6,21,1,171,-110.9599991,56.3979988,0
BG-0002-015,2015,6,22,1,172,-110.9599991,56.3979988,1
BG-0002-016,2015,6,22,0,172,-110.9499969,56.3977013,0
BG-0002-016,2015,6,23,0,173,-110.9499969,56.3977013,0
BG-0002-016,2015,6,24,0,174,-110.9499969,56.3977013,0
BG-0002-016,2015,6,25,0,175,-110.9499969,56.3977013,0
BG-0002-017,2015,6,25,0,175,-110.9400024,56.3973999,1
BG-0002-017,2015,6,21,0,171,-110.9400024,56.3973999,1
BG-0002-017,2015,6,22,0,172,-110.9400024,56.3973999,0
BG-0002-017,2015,6,24,0,174,-110.9400024,56.3973999,0
BG-0002-018,2015,6,21,1,171,-110.9309998,56.3970985,1
BG-0002-018,2015,6,23,1,173,-110.9309998,56.3970985,0
BG-0002-018,2015,6,24,1,174,-110.9309998,56.3970985,0
BG-0002-018,2015,6,25,1,175,-110.9309998,56.3970985,0
BG-0002-019,2015,6,22,0,172,-110.9209976,56.3969002,0
BG-0002-019,2015,6,23,0,173,-110.9209976,56.3969002,0
BG-0002-019,2015,6,24,0,174,-110.9209976,56.3969002,0
BG-0002-019,2015,6,25,0,175,-110.9209976,56.3969002,0
BG-0002-020,2015,6,21,0,171,-110.9110031,56.3964005,2
BG-0002-020,2015,6,23,0,173,-110.9110031,56.3964005,0
BG-0002-020,2015,6,24,0,174,-110.9110031,56.3964005,2
BG-0002-020,2015,6,25,0,175,-110.9110031,56.3964005,1
BG-0002-021,2015,6,29,0,179,-110.9980011,56.4047012,1
BG-0002-021,2015,6,19,0,169,-110.9980011,56.4047012,0
BG-0002-022,2015,6,17,0,167,-110.987999,56.4043007,1
BG-0002-022,2015,6,18,0,168,-110.987999,56.4043007,1
BG-0002-022,2015,6,19,0,169,-110.987999,56.4043007,1
BG-0002-022,2015,6,24,0,174,-110.987999,56.4043007,2
BG-0002-023,2015,6,21,0,171,-110.9789963,56.4039993,0
BG-0002-023,2015,6,23,0,173,-110.9789963,56.4039993,2
BG-0002-023,2015,6,24,0,174,-110.9789963,56.4039993,2
BG-0002-023,2015,6,26,0,176,-110.9789963,56.4039993,1
BG-0002-024,2015,6,26,0,176,-110.9690018,56.4040985,0
BG-0002-024,2015,6,27,0,177,-110.9690018,56.4040985,0
BG-0002-024,2015,6,21,0,171,-110.9690018,56.4040985,0
BG-0002-024,2015,6,23,0,173,-110.9690018,56.4040985,0
BG-0002-025,2015,6,22,0,172,-110.9599991,56.4040985,0
BG-0002-025,2015,6,24,0,174,-110.9599991,56.4040985,0
BG-0002-025,2015,6,27,0,177,-110.9599991,56.4040985,0
BG-0002-026,2015,6,29,1,179,-110.9489975,56.4033012,0
BG-0002-026,2015,6,23,1,173,-110.9489975,56.4033012,0
BG-0002-026,2015,6,24,1,174,-110.9489975,56.4033012,0
BG-0002-026,2015,6,27,1,177,-110.9489975,56.4033012,0
BG-0002-027,2015,6,22,1,172,-110.9400024,56.4026985,0
BG-0002-027,2015,6,25,1,175,-110.9400024,56.4026985,0
BG-0002-027,2015,6,26,1,176,-110.9400024,56.4026985,0
BG-0002-027,2015,6,27,1,177,-110.9400024,56.4026985,0
BG-0002-028,2015,6,29,1,179,-110.9300003,56.402401,0
BG-0002-028,2015,6,24,1,174,-110.9300003,56.402401,0
BG-0002-028,2015,6,27,1,177,-110.9300003,56.402401,0
BG-0002-028,2015,6,28,1,178,-110.9300003,56.402401,0
BG-0002-029,2015,6,22,0,172,-110.9209976,56.4021988,0
BG-0002-029,2015,6,23,0,173,-110.9209976,56.4021988,0
BG-0002-029,2015,6,24,0,174,-110.9209976,56.4021988,0
BG-0002-029,2015,6,25,0,175,-110.9209976,56.4021988,0
BG-0002-030,2015,6,21,1,171,-110.9110031,56.4017982,0
BG-0002-030,2015,6,23,1,173,-110.9110031,56.4017982,0
BG-0002-030,2015,6,24,1,174,-110.9110031,56.4017982,0
BG-0002-030,2015,6,25,1,175,-110.9110031,56.4017982,0
BG-0002-031,2015,6,27,0,177,-110.9980011,56.410099,0
BG-0002-031,2015,6,12,0,162,-110.9980011,56.410099,2
BG-0002-031,2015,6,15,0,165,-110.9980011,56.410099,2
BG-0002-031,2015,6,18,0,168,-110.9980011,56.410099,0
BG-0002-032,2015,6,15,0,165,-110.9899979,56.408699,1
BG-0002-032,2015,6,18,0,168,-110.9899979,56.408699,1
BG-0002-032,2015,6,19,0,169,-110.9899979,56.408699,0
BG-0002-033,2015,6,21,0,171,-110.9779968,56.4094009,1
BG-0002-033,2015,6,22,0,172,-110.9779968,56.4094009,1
BG-0002-033,2015,6,26,0,176,-110.9779968,56.4094009,1
BG-0002-033,2015,6,27,0,177,-110.9779968,56.4094009,1
BG-0002-034,2015,6,21,0,171,-110.9660034,56.4089012,0
BG-0002-034,2015,6,27,0,177,-110.9660034,56.4089012,0
BG-0002-034,2015,6,23,0,173,-110.9660034,56.4089012,0
BG-0002-034,2015,6,26,0,176,-110.9660034,56.4089012,0
BG-0002-035,2015,6,26,0,176,-110.9609985,56.4085999,0
BG-0002-035,2015,6,23,0,173,-110.9609985,56.4085999,0
BG-0002-035,2015,6,24,0,174,-110.9609985,56.4085999,1
BG-0002-036,2015,6,29,1,179,-110.9499969,56.4079018,0
BG-0002-036,2015,6,22,1,172,-110.9499969,56.4079018,0
BG-0002-036,2015,6,25,1,175,-110.9499969,56.4079018,0
BG-0002-036,2015,6,28,1,178,-110.9499969,56.4079018,0
BG-0002-037,2015,6,27,1,177,-110.9400024,56.4079018,0
BG-0002-037,2015,6,22,1,172,-110.9400024,56.4079018,0
BG-0002-037,2015,6,28,1,178,-110.9400024,56.4079018,0
BG-0002-037,2015,6,29,1,179,-110.9400024,56.4079018,0
BG-0002-037,2015,6,26,1,176,-110.9400024,56.4079018,0
BG-0002-038,2015,6,21,1,171,-110.9300003,56.4079018,0
BG-0002-038,2015,6,29,1,179,-110.9300003,56.4079018,0
BG-0002-038,2015,6,23,1,173,-110.9300003,56.4079018,0
BG-0002-038,2015,6,28,1,178,-110.9300003,56.4079018,0
BG-0002-038,2015,6,26,1,176,-110.9300003,56.4079018,0
BG-0002-039,2015,6,22,0,172,-110.9209976,56.4067993,0
BG-0002-039,2015,6,26,0,176,-110.9209976,56.4067993,0
BG-0002-039,2015,6,29,0,179,-110.9209976,56.4067993,0
BG-0002-040,2015,6,21,1,171,-110.9100037,56.4071999,0
BG-0002-040,2015,6,22,1,172,-110.9100037,56.4071999,0
BG-0002-040,2015,6,24,1,174,-110.9100037,56.4071999,1
BG-0002-041,2015,6,16,0,166,-110.9970016,56.4155006,3
BG-0002-041,2015,6,20,0,170,-110.9970016,56.4155006,2
BG-0002-041,2015,6,22,0,172,-110.9970016,56.4155006,2
BG-0002-041,2015,6,15,0,165,-110.9970016,56.4155006,2
BG-0002-042,2015,6,21,0,171,-110.9869995,56.4151001,0
BG-0002-042,2015,6,12,0,162,-110.9869995,56.4151001,2
BG-0002-042,2015,6,16,0,166,-110.9869995,56.4151001,1
BG-0002-042,2015,6,11,0,161,-110.9869995,56.4151001,1
BG-0002-043,2015,7,2,0,182,-110.9779968,56.4146004,0
BG-0002-043,2015,6,23,0,173,-110.9779968,56.4146004,1
BG-0002-043,2015,6,27,0,177,-110.9779968,56.4146004,0
BG-0002-043,2015,7,3,0,183,-110.9779968,56.4146004,0
BG-0002-044,2015,7,3,0,183,-110.9680023,56.4146004,0
BG-0002-044,2015,6,22,0,172,-110.9680023,56.4146004,0
BG-0002-044,2015,6,27,0,177,-110.9680023,56.4146004,0
BG-0002-044,2015,6,23,0,173,-110.9680023,56.4146004,0
BG-0002-045,2015,6,22,1,172,-110.9580002,56.4141998,0
BG-0002-045,2015,6,27,1,177,-110.9580002,56.4141998,0
BG-0002-045,2015,6,21,1,171,-110.9580002,56.4141998,0
BG-0002-045,2015,6,30,1,180,-110.9580002,56.4141998,0
BG-0002-046,2015,6,27,1,177,-110.947998,56.4140015,0
BG-0002-046,2015,6,25,1,175,-110.947998,56.4140015,0
BG-0002-046,2015,6,24,1,174,-110.947998,56.4140015,0
BG-0002-046,2015,6,29,1,179,-110.947998,56.4140015,0
BG-0002-047,2015,6,25,1,175,-110.939003,56.4135017,0
BG-0002-047,2015,6,23,1,173,-110.939003,56.4135017,0
BG-0002-047,2015,6,24,1,174,-110.939003,56.4135017,0
BG-0002-047,2015,6,29,1,179,-110.939003,56.4135017,0
BG-0002-048,2015,6,23,0,173,-110.9290009,56.4132996,0
BG-0002-048,2015,6,24,0,174,-110.9290009,56.4132996,0
BG-0002-048,2015,6,25,0,175,-110.9290009,56.4132996,0
BG-0002-048,2015,6,26,0,176,-110.9290009,56.4132996,0
BG-0002-049,2015,6,26,0,176,-110.9189987,56.412899,0
BG-0002-049,2015,6,23,0,173,-110.9189987,56.412899,0
BG-0002-049,2015,6,24,0,174,-110.9189987,56.412899,0
BG-0002-049,2015,6,25,0,175,-110.9189987,56.412899,0
BG-0002-050,2015,7,2,0,182,-110.9100037,56.4126015,0
BG-0002-050,2015,7,7,0,187,-110.9100037,56.4126015,0
BG-0002-050,2015,6,22,0,172,-110.9100037,56.4126015,0
BG-0002-050,2015,6,30,0,180,-110.9100037,56.4126015,0
BG-0002-051,2015,6,11,0,161,-110.9960022,56.4207993,0
BG-0002-051,2015,6,16,0,166,-110.9960022,56.4207993,0
BG-0002-051,2015,6,18,0,168,-110.9960022,56.4207993,2
BG-0002-051,2015,6,20,0,170,-110.9960022,56.4207993,2
BG-0002-052,2015,6,10,0,160,-110.9869995,56.4206009,0
BG-0002-052,2015,6,15,0,165,-110.9869995,56.4206009,1
BG-0002-052,2015,6,18,0,168,-110.9869995,56.4206009,0
BG-0002-053,2015,6,28,0,178,-110.9769974,56.4202003,0
BG-0002-053,2015,7,1,0,181,-110.9769974,56.4202003,0
BG-0002-053,2015,6,21,0,171,-110.9769974,56.4202003,1
BG-0002-053,2015,6,30,0,180,-110.9769974,56.4202003,0
BG-0002-054,2015,7,4,1,184,-110.9670029,56.4197006,0
BG-0002-054,2015,6,24,1,174,-110.9670029,56.4197006,0
BG-0002-054,2015,6,28,1,178,-110.9670029,56.4197006,0
BG-0002-054,2015,6,30,1,180,-110.9670029,56.4197006,1
BG-0002-055,2015,7,4,1,184,-110.9580002,56.4194984,0
BG-0002-055,2015,7,2,1,182,-110.9580002,56.4194984,0
BG-0002-055,2015,6,28,1,178,-110.9580002,56.4194984,0
BG-0002-055,2015,6,25,1,175,-110.9580002,56.4194984,0
BG-0002-056,2015,6,29,1,179,-110.947998,56.4194984,0
BG-0002-056,2015,6,30,1,180,-110.947998,56.4194984,0
BG-0002-056,2015,6,21,1,171,-110.947998,56.4194984,0
BG-0002-056,2015,6,26,1,176,-110.947998,56.4194984,0
BG-0002-057,2015,6,30,0,180,-110.9380035,56.4188995,0
BG-0002-057,2015,6,24,0,174,-110.9380035,56.4188995,0
BG-0002-057,2015,6,27,0,177,-110.9380035,56.4188995,0
BG-0002-057,2015,6,29,0,179,-110.9380035,56.4188995,0
BG-0002-058,2015,7,1,0,181,-110.9280014,56.4185982,2
BG-0002-058,2015,6,24,0,174,-110.9280014,56.4185982,0
BG-0002-058,2015,6,28,0,178,-110.9280014,56.4185982,2
BG-0002-058,2015,6,29,0,179,-110.9280014,56.4185982,0
BG-0002-059,2015,6,22,0,172,-110.9199982,56.4178009,0
BG-0002-059,2015,6,24,0,174,-110.9199982,56.4178009,1
BG-0002-059,2015,6,25,0,175,-110.9199982,56.4178009,1
BG-0002-059,2015,6,26,0,176,-110.9199982,56.4178009,0
BG-0002-060,2015,6,23,0,173,-110.9089966,56.4178009,1
BG-0002-060,2015,6,22,0,172,-110.9089966,56.4178009,2
BG-0002-060,2015,6,30,0,180,-110.9089966,56.4178009,1
BG-0002-062,2015,6,9,0,159,-110.9860001,56.4258003,0
BG-0002-062,2015,6,12,0,162,-110.9860001,56.4258003,0
BG-0002-062,2015,6,16,0,166,-110.9860001,56.4258003,1
BG-0002-062,2015,6,17,0,167,-110.9860001,56.4258003,0
BG-0002-063,2015,6,14,0,164,-110.9749985,56.4262009,0
BG-0002-063,2015,6,17,0,167,-110.9749985,56.4262009,0
BG-0002-063,2015,6,19,0,169,-110.9749985,56.4262009,1
BG-0002-063,2015,6,21,0,171,-110.9749985,56.4262009,2
BG-0002-064,2015,6,18,1,168,-110.9670029,56.4250984,1
BG-0002-064,2015,6,22,1,172,-110.9670029,56.4250984,0
BG-0002-064,2015,6,14,1,164,-110.9670029,56.4250984,1
BG-0002-064,2015,6,16,1,166,-110.9670029,56.4250984,1
BG-0002-064,2015,6,19,1,169,-110.9670029,56.4250984,1
BG-0002-064,2015,6,13,1,163,-110.9670029,56.4250984,0
BG-0002-065,2015,6,14,1,164,-110.9560013,56.4249992,0
BG-0002-065,2015,6,18,1,168,-110.9560013,56.4249992,0
BG-0002-066,2015,6,28,0,178,-110.9469986,56.4245987,1
BG-0002-066,2015,7,2,0,182,-110.9469986,56.4245987,0
BG-0002-066,2015,6,25,0,175,-110.9469986,56.4245987,1
BG-0002-066,2015,6,29,0,179,-110.9469986,56.4245987,1
BG-0002-067,2015,7,3,0,183,-110.9380035,56.4243011,0
BG-0002-067,2015,6,28,0,178,-110.9380035,56.4243011,3
BG-0002-067,2015,6,27,0,177,-110.9380035,56.4243011,0
BG-0002-067,2015,6,24,0,174,-110.9380035,56.4243011,1
BG-0002-068,2015,7,1,0,181,-110.9280014,56.4239998,1
BG-0002-068,2015,6,23,0,173,-110.9280014,56.4239998,3
BG-0002-069,2015,6,30,0,180,-110.9179993,56.4235992,0
BG-0002-069,2015,7,2,0,182,-110.9179993,56.4235992,0
BG-0002-069,2015,6,24,0,174,-110.9179993,56.4235992,0
BG-0002-070,2015,6,25,0,175,-110.9079971,56.4233017,0
BG-0002-070,2015,6,29,0,179,-110.9079971,56.4233017,0
BG-0002-070,2015,6,30,0,180,-110.9079971,56.4233017,0
BG-0002-070,2015,7,1,0,181,-110.9079971,56.4233017,1
BG-0002-071,2015,6,6,1,156,-110.9950027,56.4315987,0
BG-0002-071,2015,6,10,1,160,-110.9950027,56.4315987,0
BG-0002-071,2015,6,18,1,168,-110.9950027,56.4315987,0
BG-0002-071,2015,6,21,1,171,-110.9950027,56.4315987,0
BG-0002-072,2015,6,10,0,160,-110.9860001,56.4313011,0
BG-0002-072,2015,6,16,0,166,-110.9860001,56.4313011,0
BG-0002-072,2015,6,19,0,169,-110.9860001,56.4313011,0
BG-0002-072,2015,6,13,0,163,-110.9860001,56.4313011,0
BG-0002-073,2015,6,9,0,159,-110.9759979,56.4309006,0
BG-0002-073,2015,6,13,0,163,-110.9759979,56.4309006,0
BG-0002-073,2015,6,19,0,169,-110.9759979,56.4309006,0
BG-0002-073,2015,6,17,0,167,-110.9759979,56.4309006,1
BG-0002-074,2015,6,11,1,161,-110.9649963,56.4309998,0
BG-0002-074,2015,6,20,1,170,-110.9649963,56.4309998,0
BG-0002-074,2015,6,22,1,172,-110.9649963,56.4309998,1
BG-0002-074,2015,6,24,1,174,-110.9649963,56.4309998,0
BG-0002-075,2015,6,11,0,161,-110.9560013,56.4303017,1
BG-0002-075,2015,6,15,0,165,-110.9560013,56.4303017,1
BG-0002-075,2015,6,22,0,172,-110.9560013,56.4303017,0
BG-0002-075,2015,6,20,0,170,-110.9560013,56.4303017,0
BG-0002-076,2015,6,13,0,163,-110.9469986,56.4300003,0
BG-0002-076,2015,6,17,0,167,-110.9469986,56.4300003,1
BG-0002-076,2015,6,20,0,170,-110.9469986,56.4300003,0
BG-0002-076,2015,6,21,0,171,-110.9469986,56.4300003,0
BG-0002-077,2015,7,1,0,181,-110.9369965,56.4297981,0
BG-0002-077,2015,6,25,0,175,-110.9369965,56.4297981,0
BG-0002-078,2015,6,29,0,179,-110.9290009,56.4291,0
BG-0002-078,2015,7,6,0,186,-110.9290009,56.4291,0
BG-0002-078,2015,6,26,0,176,-110.9290009,56.4291,0
BG-0002-078,2015,7,1,0,181,-110.9290009,56.4291,0
BG-0002-079,2015,6,25,0,175,-110.9179993,56.4290009,1
BG-0002-079,2015,6,24,0,174,-110.9179993,56.4290009,0
BG-0002-079,2015,7,1,0,181,-110.9179993,56.4290009,1
BG-0002-079,2015,6,29,0,179,-110.9179993,56.4290009,1
BG-0002-080,2015,6,26,0,176,-110.9079971,56.4286995,1
BG-0002-080,2015,6,10,0,160,-110.9079971,56.4286995,0
BG-0002-080,2015,6,23,0,173,-110.9079971,56.4286995,2
BG-0002-080,2015,6,28,0,178,-110.9079971,56.4286995,1
BG-0002-080,2015,6,29,0,179,-110.9079971,56.4286995,0
BG-0002-081,2015,6,11,0,161,-110.9950027,56.4370003,0
BG-0002-081,2015,6,15,0,165,-110.9950027,56.4370003,1
BG-0002-081,2015,6,17,0,167,-110.9950027,56.4370003,0
BG-0002-081,2015,6,21,0,171,-110.9950027,56.4370003,1
BG-0002-082,2015,6,10,0,160,-110.9850006,56.4365997,0
BG-0002-082,2015,6,19,0,169,-110.9850006,56.4365997,1
BG-0002-083,2015,6,10,0,160,-110.9749985,56.4362984,0
BG-0002-083,2015,6,9,0,159,-110.9749985,56.4362984,0
BG-0002-083,2015,6,11,0,161,-110.9749985,56.4362984,0
BG-0002-083,2015,6,22,0,172,-110.9749985,56.4362984,2
BG-0002-084,2015,6,16,1,166,-110.9660034,56.4361,0
BG-0002-084,2015,6,17,1,167,-110.9660034,56.4361,1
BG-0002-084,2015,6,18,1,168,-110.9660034,56.4361,1
BG-0002-084,2015,6,19,1,169,-110.9660034,56.4361,2
BG-0002-085,2015,6,10,1,160,-110.9560013,56.4356995,2
BG-0002-085,2015,6,11,1,161,-110.9560013,56.4356995,2
BG-0002-085,2015,6,12,1,162,-110.9560013,56.4356995,0
BG-0002-085,2015,6,20,1,170,-110.9560013,56.4356995,1
BG-0002-086,2015,6,19,0,169,-110.9459991,56.4352989,2
BG-0002-086,2015,6,13,0,163,-110.9459991,56.4352989,1
BG-0002-086,2015,6,15,0,165,-110.9459991,56.4352989,1
BG-0002-086,2015,6,21,0,171,-110.9459991,56.4352989,2
BG-0002-087,2015,7,2,0,182,-110.935997,56.4351006,1
BG-0002-087,2015,7,5,0,185,-110.935997,56.4351006,0
BG-0002-087,2015,6,21,0,171,-110.935997,56.4351006,0
BG-0002-087,2015,6,25,0,175,-110.935997,56.4351006,0
BG-0002-088,2015,6,21,0,171,-110.927002,56.4350014,0
BG-0002-088,2015,6,20,0,170,-110.927002,56.4350014,1
BG-0002-088,2015,6,23,0,173,-110.927002,56.4350014,0
BG-0002-088,2015,6,22,0,172,-110.927002,56.4350014,0
BG-0002-089,2015,6,24,0,174,-110.9169998,56.4343987,1
BG-0002-089,2015,6,25,0,175,-110.9169998,56.4343987,1
BG-0002-089,2015,6,21,0,171,-110.9169998,56.4343987,3
BG-0002-089,2015,6,22,0,172,-110.9169998,56.4343987,3
BG-0002-090,2015,6,22,0,172,-110.9069977,56.4341011,0
BG-0002-090,2015,6,20,0,170,-110.9069977,56.4341011,2
BG-0002-090,2015,6,21,0,171,-110.9069977,56.4341011,0
BG-0002-091,2015,6,9,0,159,-110.9940033,56.4424019,0
BG-0002-091,2015,6,15,0,165,-110.9940033,56.4424019,0
BG-0002-091,2015,6,19,0,169,-110.9940033,56.4424019,0
BG-0002-091,2015,6,20,0,170,-110.9940033,56.4424019,0
BG-0002-092,2015,6,9,0,159,-110.9840012,56.4420013,1
BG-0002-092,2015,6,13,0,163,-110.9840012,56.4420013,0
BG-0002-092,2015,6,16,0,166,-110.9840012,56.4420013,0
BG-0002-092,2015,6,17,0,167,-110.9840012,56.4420013,1
BG-0002-093,2015,6,15,0,165,-110.9749985,56.4417992,1
BG-0002-094,2015,6,6,0,156,-110.9649963,56.4413986,2
BG-0002-094,2015,6,15,0,165,-110.9649963,56.4413986,2
BG-0002-094,2015,6,16,0,166,-110.9649963,56.4413986,2
BG-0002-094,2015,6,17,0,167,-110.9649963,56.4413986,0
BG-0002-095,2015,6,10,0,160,-110.9550018,56.4411011,0
BG-0002-095,2015,6,15,0,165,-110.9550018,56.4411011,0
BG-0002-095,2015,6,17,0,167,-110.9550018,56.4411011,0
BG-0002-095,2015,6,19,0,169,-110.9550018,56.4411011,0
BG-0002-096,2015,6,10,1,160,-110.9459991,56.4407997,0
BG-0002-096,2015,6,13,1,163,-110.9459991,56.4407997,0
BG-0002-096,2015,6,15,1,165,-110.9459991,56.4407997,0
BG-0002-096,2015,6,22,1,172,-110.9459991,56.4407997,0
BG-0002-097,2015,7,4,1,184,-110.935997,56.4403992,0
BG-0002-097,2015,7,2,1,182,-110.935997,56.4403992,0
BG-0002-097,2015,6,20,1,170,-110.935997,56.4403992,0
BG-0002-097,2015,6,25,1,175,-110.935997,56.4403992,0
BG-0002-098,2015,6,20,0,170,-110.9260025,56.4390984,0
BG-0002-098,2015,6,21,0,171,-110.9260025,56.4390984,0
BG-0002-098,2015,6,22,0,172,-110.9260025,56.4390984,1
BG-0002-098,2015,6,23,0,173,-110.9260025,56.4390984,0
BG-0002-099,2015,6,20,0,170,-110.9160004,56.4398003,1
BG-0002-099,2015,6,24,0,174,-110.9160004,56.4398003,2
BG-0002-099,2015,6,25,0,175,-110.9160004,56.4398003,2
BG-0002-099,2015,6,22,0,172,-110.9160004,56.4398003,0
BG-0002-100,2015,6,24,0,174,-110.9069977,56.4394989,2
BG-0002-100,2015,6,22,0,172,-110.9069977,56.4394989,0
BG-0002-100,2015,6,21,0,171,-110.9069977,56.4394989,1
BG-0002-100,2015,6,25,0,175,-110.9069977,56.4394989,1
BG-0003-009,2015,6,25,0,175,-110.961998,56.2929993,0
BG-0003-009,2015,6,19,0,169,-110.961998,56.2929993,0
BG-0003-009,2015,6,21,0,171,-110.961998,56.2929993,0
BG-0003-009,2015,6,22,0,172,-110.961998,56.2929993,0
BG-0003-010,2015,6,19,1,169,-110.9520035,56.2929993,0
BG-0003-010,2015,6,23,1,173,-110.9520035,56.2929993,0
BG-0003-010,2015,6,25,1,175,-110.9520035,56.2929993,1
BG-0003-012,2015,7,2,0,182,-111.0289993,56.3011017,0
BG-0003-013,2015,7,4,0,184,-111.0189972,56.3003006,0
BG-0003-013,2015,6,30,0,180,-111.0189972,56.3003006,0
BG-0003-013,2015,7,2,0,182,-111.0189972,56.3003006,0
BG-0003-014,2015,6,26,0,176,-111.0100021,56.2999992,1
BG-0003-014,2015,6,30,0,180,-111.0100021,56.2999992,2
BG-0003-015,2015,7,3,0,183,-111,56.2997017,0
BG-0003-015,2015,6,30,0,180,-111,56.2997017,0
BG-0003-015,2015,6,29,0,179,-111,56.2997017,0
BG-0003-016,2015,7,2,0,182,-110.9899979,56.2994003,1
BG-0003-016,2015,7,5,0,185,-110.9899979,56.2994003,0
BG-0003-016,2015,6,30,0,180,-110.9899979,56.2994003,1
BG-0003-017,2015,6,29,0,179,-110.9810028,56.299099,1
BG-0003-017,2015,7,6,0,186,-110.9810028,56.299099,2
BG-0003-017,2015,7,7,0,187,-110.9810028,56.299099,1
BG-0003-018,2015,7,2,0,182,-110.9710007,56.2988014,0
BG-0003-018,2015,7,3,0,183,-110.9710007,56.2988014,0
BG-0003-018,2015,7,7,0,187,-110.9710007,56.2988014,0
BG-0003-019,2015,6,19,0,169,-110.9609985,56.2985001,0
BG-0003-019,2015,6,14,0,164,-110.9609985,56.2985001,0
BG-0003-019,2015,6,23,0,173,-110.9609985,56.2985001,0
BG-0003-019,2015,6,25,0,175,-110.9609985,56.2985001,0
BG-0003-020,2015,6,16,0,166,-110.9520035,56.2981987,0
BG-0003-020,2015,6,19,0,169,-110.9520035,56.2981987,0
BG-0003-020,2015,6,27,0,177,-110.9520035,56.2981987,0
BG-0003-022,2015,7,7,0,187,-111.0279999,56.3059998,0
BG-0003-022,2015,7,1,0,181,-111.0279999,56.3059998,0
BG-0003-023,2015,7,6,0,186,-111.0189972,56.3056984,0
BG-0003-023,2015,6,29,0,179,-111.0189972,56.3056984,1
BG-0003-023,2015,7,5,0,185,-111.0189972,56.3056984,0
BG-0003-024,2015,6,28,0,178,-111.0090027,56.3054008,1
BG-0003-024,2015,7,1,0,181,-111.0090027,56.3054008,2
BG-0003-024,2015,6,29,0,179,-111.0090027,56.3054008,1
BG-0003-025,2015,7,6,0,186,-110.9990005,56.3050995,1
BG-0003-025,2015,6,29,0,179,-110.9990005,56.3050995,0
BG-0003-025,2015,6,30,0,180,-110.9990005,56.3050995,1
BG-0003-026,2015,7,5,0,185,-110.9899979,56.3047981,0
BG-0003-026,2015,7,6,0,186,-110.9899979,56.3047981,2
BG-0003-026,2015,6,30,0,180,-110.9899979,56.3047981,2
BG-0003-026,2015,7,2,0,182,-110.9899979,56.3047981,1
BG-0003-027,2015,7,2,0,182,-110.9800034,56.3045006,1
BG-0003-027,2015,7,4,0,184,-110.9800034,56.3045006,0
BG-0003-027,2015,7,3,0,183,-110.9800034,56.3045006,1
BG-0003-028,2015,7,7,0,187,-110.9700012,56.3041,0
BG-0003-028,2015,7,6,0,186,-110.9700012,56.3041,0
BG-0003-028,2015,6,29,0,179,-110.9700012,56.3041,1
BG-0003-028,2015,6,28,0,178,-110.9700012,56.3041,1
BG-0003-029,2015,6,14,0,164,-110.9609985,56.3037987,0
BG-0003-029,2015,6,22,0,172,-110.9609985,56.3037987,0
BG-0003-029,2015,6,25,0,175,-110.9609985,56.3037987,1
BG-0003-029,2015,6,24,0,174,-110.9609985,56.3037987,0
BG-0003-030,2015,6,18,1,168,-110.9509964,56.3035011,0
BG-0003-030,2015,6,19,1,169,-110.9509964,56.3035011,0
BG-0003-030,2015,6,27,1,177,-110.9509964,56.3035011,0
BG-0003-030,2015,6,24,1,174,-110.9509964,56.3035011,0
BG-0003-032,2015,6,30,0,180,-111.0279999,56.3114014,0
BG-0003-032,2015,7,7,0,187,-111.0279999,56.3114014,0
BG-0003-033,2015,7,1,0,181,-111.0179977,56.3111,0
BG-0003-033,2015,6,29,0,179,-111.0179977,56.3111,0
BG-0003-033,2015,6,30,0,180,-111.0179977,56.3111,0
BG-0003-033,2015,7,2,0,182,-111.0179977,56.3111,0
BG-0003-034,2015,7,1,0,181,-111.0080032,56.3107986,0
BG-0003-034,2015,6,27,0,177,-111.0080032,56.3107986,0
BG-0003-034,2015,6,29,0,179,-111.0080032,56.3107986,0
BG-0003-034,2015,6,30,0,180,-111.0080032,56.3107986,1
BG-0003-035,2015,6,27,0,177,-110.9990005,56.3103981,1
BG-0003-035,2015,7,1,0,181,-110.9990005,56.3103981,2
BG-0003-035,2015,7,2,0,182,-110.9990005,56.3103981,0
BG-0003-035,2015,7,3,0,183,-110.9990005,56.3103981,0
BG-0003-036,2015,7,2,0,182,-110.9889984,56.3101997,0
BG-0003-036,2015,7,1,0,181,-110.9889984,56.3101997,2
BG-0003-036,2015,6,27,0,177,-110.9889984,56.3101997,0
BG-0003-036,2015,6,29,0,179,-110.9889984,56.3101997,0
BG-0003-037,2015,6,27,1,177,-110.9789963,56.3097992,1
BG-0003-037,2015,6,28,1,178,-110.9789963,56.3097992,0
BG-0003-037,2015,6,29,1,179,-110.9789963,56.3097992,0
BG-0003-038,2015,7,5,0,185,-110.9700012,56.3100014,0
BG-0003-038,2015,6,30,0,180,-110.9700012,56.3100014,0
BG-0003-038,2015,7,2,0,182,-110.9700012,56.3100014,0
BG-0003-039,2015,6,16,1,166,-110.9599991,56.3093987,0
BG-0003-039,2015,6,21,1,171,-110.9599991,56.3093987,0
BG-0003-039,2015,6,26,1,176,-110.9599991,56.3093987,0
BG-0003-039,2015,6,20,1,170,-110.9599991,56.3093987,0
BG-0003-040,2015,6,16,0,166,-110.9499969,56.3092003,0
BG-0003-040,2015,6,15,0,165,-110.9499969,56.3092003,0
BG-0003-040,2015,6,27,0,177,-110.9499969,56.3092003,0
BG-0003-040,2015,6,24,0,174,-110.9499969,56.3092003,0
BG-0003-042,2015,7,1,0,181,-111.0270004,56.3167992,0
BG-0003-042,2015,7,4,0,184,-111.0270004,56.3167992,1
BG-0003-042,2015,7,7,0,187,-111.0270004,56.3167992,1
BG-0003-042,2015,7,6,0,186,-111.0270004,56.3167992,1
BG-0003-043,2015,7,1,0,181,-111.0169983,56.3165016,2
BG-0003-043,2015,7,6,0,186,-111.0169983,56.3165016,0
BG-0003-043,2015,6,29,0,179,-111.0169983,56.3165016,2
BG-0003-044,2015,7,4,0,184,-111.0080032,56.3161011,1
BG-0003-044,2015,7,1,0,181,-111.0080032,56.3161011,1
BG-0003-044,2015,7,2,0,182,-111.0080032,56.3161011,1
BG-0003-044,2015,6,27,0,177,-111.0080032,56.3161011,1
BG-0003-045,2015,7,1,0,181,-110.9980011,56.3162003,0
BG-0003-045,2015,7,4,0,184,-110.9980011,56.3162003,0
BG-0003-045,2015,6,27,0,177,-110.9980011,56.3162003,0
BG-0003-046,2015,7,2,0,182,-110.9889984,56.3153,0
BG-0003-046,2015,6,28,0,178,-110.9889984,56.3153,0
BG-0003-046,2015,6,30,0,180,-110.9889984,56.3153,0
BG-0003-047,2015,6,26,0,176,-110.9789963,56.3151016,0
BG-0003-047,2015,7,1,0,181,-110.9789963,56.3151016,0
BG-0003-047,2015,7,2,0,182,-110.9789963,56.3151016,0
BG-0003-048,2015,6,27,1,177,-110.9680023,56.3144989,0
BG-0003-048,2015,6,28,1,178,-110.9680023,56.3144989,1
BG-0003-049,2015,6,15,1,165,-110.9599991,56.3143005,0
BG-0003-049,2015,6,23,1,173,-110.9599991,56.3143005,0
BG-0003-049,2015,6,26,1,176,-110.9599991,56.3143005,1
BG-0003-050,2015,6,16,0,166,-110.9499969,56.3142014,0
BG-0003-050,2015,6,23,0,173,-110.9499969,56.3142014,0
BG-0003-050,2015,6,24,0,174,-110.9499969,56.3142014,0
BG-0003-052,2015,7,7,0,187,-111.0270004,56.3221016,0
BG-0003-052,2015,7,2,0,182,-111.0270004,56.3221016,0
BG-0003-052,2015,7,5,0,185,-111.0270004,56.3221016,0
BG-0003-053,2015,7,4,0,184,-111.0169983,56.3218002,0
BG-0003-053,2015,6,29,0,179,-111.0169983,56.3218002,0
BG-0003-054,2015,6,28,0,178,-111.0070038,56.3216019,1
BG-0003-054,2015,6,27,0,177,-111.0070038,56.3216019,1
BG-0003-054,2015,7,3,0,183,-111.0070038,56.3216019,0
BG-0003-055,2015,7,1,1,181,-110.9980011,56.3213005,0
BG-0003-055,2015,6,30,1,180,-110.9980011,56.3213005,0
BG-0003-055,2015,7,3,1,183,-110.9980011,56.3213005,0
BG-0003-055,2015,6,27,1,177,-110.9980011,56.3213005,0
BG-0003-056,2015,7,3,1,183,-110.987999,56.3209,0
BG-0003-056,2015,6,27,1,177,-110.987999,56.3209,0
BG-0003-056,2015,7,4,1,184,-110.987999,56.3209,0
BG-0003-057,2015,7,2,0,182,-110.9779968,56.3221016,0
BG-0003-058,2015,6,24,1,174,-110.9690018,56.3199997,0
BG-0003-058,2015,6,25,1,175,-110.9690018,56.3199997,0
BG-0003-058,2015,6,27,1,177,-110.9690018,56.3199997,0
BG-0003-059,2015,6,25,0,175,-110.9589996,56.3199005,0
BG-0003-059,2015,6,17,0,167,-110.9589996,56.3199005,0
BG-0003-059,2015,6,20,0,170,-110.9589996,56.3199005,0
BG-0003-059,2015,6,27,0,177,-110.9589996,56.3199005,0
BG-0003-060,2015,6,23,1,173,-110.9489975,56.3195992,1
BG-0003-060,2015,6,24,1,174,-110.9489975,56.3195992,0
BG-0003-060,2015,6,15,1,165,-110.9489975,56.3195992,1
BG-0003-062,2015,7,1,0,181,-111.026001,56.3274994,0
BG-0003-063,2015,7,6,0,186,-111.0159988,56.3272018,0
BG-0003-063,2015,6,29,0,179,-111.0159988,56.3272018,0
BG-0003-064,2015,6,27,0,177,-111.0059967,56.3275986,0
BG-0003-064,2015,6,29,0,179,-111.0059967,56.3275986,0
BG-0003-064,2015,6,26,0,176,-111.0059967,56.3275986,0
BG-0003-065,2015,6,28,0,178,-110.9970016,56.3265991,0
BG-0003-065,2015,6,30,0,180,-110.9970016,56.3265991,0
BG-0003-065,2015,6,25,0,175,-110.9970016,56.3265991,1
BG-0003-065,2015,7,1,0,181,-110.9970016,56.3265991,1
BG-0003-066,2015,7,2,0,182,-110.987999,56.3261986,0
BG-0003-066,2015,6,25,0,175,-110.987999,56.3261986,1
BG-0003-067,2015,6,27,1,177,-110.9779968,56.3269997,0
BG-0003-067,2015,6,30,1,180,-110.9779968,56.3269997,1
BG-0003-068,2015,7,2,0,182,-110.9680023,56.3255997,0
BG-0003-068,2015,6,26,0,176,-110.9680023,56.3255997,0
BG-0003-068,2015,6,28,0,178,-110.9680023,56.3255997,1
BG-0003-068,2015,7,1,0,181,-110.9680023,56.3255997,0
BG-0003-069,2015,6,24,1,174,-110.9580002,56.3252983,2
BG-0003-069,2015,6,25,1,175,-110.9580002,56.3252983,1
BG-0003-069,2015,6,26,1,176,-110.9580002,56.3252983,1
BG-0003-069,2015,6,27,1,177,-110.9580002,56.3252983,2
BG-0003-070,2015,6,25,0,175,-110.9489975,56.3250008,2
BG-0003-070,2015,6,26,0,176,-110.9489975,56.3250008,2
BG-0003-070,2015,6,27,0,177,-110.9489975,56.3250008,2
BG-0003-070,2015,6,24,0,174,-110.9489975,56.3250008,1
BG-0003-072,2015,7,1,0,181,-111.026001,56.332901,3
BG-0003-072,2015,7,5,0,185,-111.026001,56.332901,1
BG-0003-072,2015,7,6,0,186,-111.026001,56.332901,2
BG-0003-072,2015,7,4,0,184,-111.026001,56.332901,3
BG-0003-073,2015,7,1,0,181,-111.012001,56.3340988,0
BG-0003-073,2015,6,28,0,178,-111.012001,56.3340988,0
BG-0003-073,2015,6,29,0,179,-111.012001,56.3340988,0
BG-0003-073,2015,6,30,0,180,-111.012001,56.3340988,0
BG-0003-074,2015,6,27,0,177,-111.0059967,56.3321991,0
BG-0003-074,2015,6,30,0,180,-111.0059967,56.3321991,0
BG-0003-075,2015,6,26,0,176,-110.9970016,56.3320007,0
BG-0003-075,2015,7,1,0,181,-110.9970016,56.3320007,0
BG-0003-076,2015,7,4,0,184,-110.9869995,56.3316994,1
BG-0003-076,2015,6,27,0,177,-110.9869995,56.3316994,0
BG-0003-077,2015,7,1,1,181,-110.9769974,56.3311996,0
BG-0003-077,2015,6,30,1,180,-110.9769974,56.3311996,1
BG-0003-078,2015,7,1,0,181,-110.9670029,56.3311005,0
BG-0003-078,2015,6,29,0,179,-110.9670029,56.3311005,0
BG-0003-078,2015,7,2,0,182,-110.9670029,56.3311005,0
BG-0003-078,2015,6,26,0,176,-110.9670029,56.3311005,0
BG-0003-079,2015,6,24,1,174,-110.9580002,56.3307991,1
BG-0003-079,2015,6,25,1,175,-110.9580002,56.3307991,0
BG-0003-080,2015,6,23,0,173,-110.947998,56.3305016,0
BG-0003-080,2015,6,24,0,174,-110.947998,56.3305016,1
BG-0003-080,2015,6,25,0,175,-110.947998,56.3305016,3
BG-0003-080,2015,6,26,0,176,-110.947998,56.3305016,2
BG-0003-082,2015,7,6,0,186,-111.0250015,56.3382988,1
BG-0003-082,2015,7,2,0,182,-111.0250015,56.3382988,0
BG-0003-083,2015,7,2,0,182,-111.0149994,56.3380013,0
BG-0003-083,2015,6,29,0,179,-111.0149994,56.3380013,0
BG-0003-083,2015,7,1,0,181,-111.0149994,56.3380013,1
BG-0003-084,2015,7,1,0,181,-111.0059967,56.3376999,0
BG-0003-084,2015,7,2,0,182,-111.0059967,56.3376999,3
BG-0003-084,2015,6,29,0,179,-111.0059967,56.3376999,2
BG-0003-084,2015,6,30,0,180,-111.0059967,56.3376999,0
BG-0003-085,2015,7,6,0,186,-110.9960022,56.3372993,0
BG-0003-085,2015,7,5,0,185,-110.9960022,56.3372993,1
BG-0003-086,2015,7,2,1,182,-110.9860001,56.3370018,0
BG-0003-086,2015,7,3,1,183,-110.9860001,56.3370018,0
BG-0003-086,2015,6,27,1,177,-110.9860001,56.3370018,0
BG-0003-087,2015,6,28,0,178,-110.9769974,56.3367004,2
BG-0003-087,2015,6,29,0,179,-110.9769974,56.3367004,1
BG-0003-087,2015,6,30,0,180,-110.9769974,56.3367004,1
BG-0003-087,2015,6,27,0,177,-110.9769974,56.3367004,0
BG-0003-088,2015,7,1,0,181,-110.9660034,56.3364983,0
BG-0003-088,2015,6,27,0,177,-110.9660034,56.3364983,0
BG-0003-089,2015,6,24,0,174,-110.9570007,56.3361015,2
BG-0003-089,2015,6,25,0,175,-110.9570007,56.3361015,2
BG-0003-089,2015,6,27,0,177,-110.9570007,56.3361015,1
BG-0003-089,2015,6,26,0,176,-110.9570007,56.3361015,2
BG-0003-090,2015,6,20,0,170,-110.947998,56.3358002,2
BG-0003-090,2015,6,21,0,171,-110.947998,56.3358002,0
BG-0003-090,2015,6,26,0,176,-110.947998,56.3358002,3
BG-0003-092,2015,7,6,0,186,-111.0240021,56.3437004,1
BG-0003-093,2015,7,1,0,181,-111.0149994,56.343399,2
BG-0003-093,2015,6,28,0,178,-111.0149994,56.343399,2
BG-0003-093,2015,6,30,0,180,-111.0149994,56.343399,1
BG-0003-094,2015,6,28,0,178,-111.0049973,56.3429985,1
BG-0003-094,2015,6,30,0,180,-111.0049973,56.3429985,2
BG-0003-095,2015,6,28,1,178,-110.9950027,56.3432999,0
BG-0003-095,2015,6,27,1,177,-110.9950027,56.3432999,0
BG-0003-095,2015,7,1,1,181,-110.9950027,56.3432999,1
BG-0003-096,2015,7,4,0,184,-110.9860001,56.3423996,0
BG-0003-096,2015,7,6,0,186,-110.9860001,56.3423996,0
BG-0003-096,2015,6,30,0,180,-110.9860001,56.3423996,1
BG-0003-097,2015,6,27,0,177,-110.9759979,56.3420982,0
BG-0003-097,2015,6,30,0,180,-110.9759979,56.3420982,0
BG-0003-097,2015,6,28,0,178,-110.9759979,56.3420982,0
BG-0003-098,2015,6,30,0,180,-110.9680023,56.3414993,0
BG-0003-098,2015,6,29,0,179,-110.9680023,56.3414993,0
BG-0003-098,2015,6,28,0,178,-110.9680023,56.3414993,0
BG-0003-099,2015,6,25,0,175,-110.9570007,56.3414993,2
BG-0003-099,2015,6,26,0,176,-110.9570007,56.3414993,2
BG-0003-099,2015,6,27,0,177,-110.9570007,56.3414993,2
BG-0003-100,2015,6,25,0,175,-110.9469986,56.3412018,1
BG-0003-100,2015,6,27,0,177,-110.9469986,56.3412018,2
BG-0004-001,2015,6,4,0,154,-110.8990021,55.4346008,1
BG-0004-001,2015,6,3,0,153,-110.8990021,55.4346008,1
BG-0004-001,2015,5,30,0,149,-110.8990021,55.4346008,1
BG-0004-002,2015,5,27,0,146,-110.8889999,55.4342995,0
BG-0004-002,2015,5,29,0,148,-110.8889999,55.4342995,0
BG-0004-002,2015,5,31,0,150,-110.8889999,55.4342995,1
BG-0004-003,2015,5,26,0,145,-110.8799973,55.4339981,1
BG-0004-004,2015,5,28,0,147,-110.8700027,55.4337006,0
BG-0004-004,2015,6,2,0,152,-110.8700027,55.4337006,1
BG-0004-005,2015,6,23,0,173,-110.8610001,55.4333992,0
BG-0004-005,2015,6,24,0,174,-110.8610001,55.4333992,1
BG-0004-005,2015,6,16,0,166,-110.8610001,55.4333992,1
BG-0004-006,2015,6,21,0,171,-110.8509979,55.4331017,0
BG-0004-006,2015,6,16,0,166,-110.8509979,55.4331017,2
BG-0004-006,2015,6,23,0,173,-110.8509979,55.4331017,1
BG-0004-007,2015,6,12,0,162,-110.8420029,55.4327011,0
BG-0004-007,2015,6,15,0,165,-110.8420029,55.4327011,1
BG-0004-008,2015,6,12,0,162,-110.8320007,55.4323997,0
BG-0004-008,2015,6,13,0,163,-110.8320007,55.4323997,0
BG-0004-009,2015,6,13,0,163,-110.822998,55.4320984,0
BG-0004-009,2015,6,15,0,165,-110.822998,55.4320984,0
BG-0004-010,2015,6,15,0,165,-110.8130035,55.4319992,0
BG-0004-010,2015,6,13,0,163,-110.8130035,55.4319992,0
BG-0004-010,2015,6,12,0,162,-110.8130035,55.4319992,0
BG-0004-011,2015,5,28,0,147,-110.8980026,55.4399986,0
BG-0004-011,2015,6,9,0,159,-110.8980026,55.4399986,1
BG-0004-011,2015,6,4,0,154,-110.8980026,55.4399986,1
BG-0004-011,2015,5,31,0,150,-110.8980026,55.4399986,0
BG-0004-012,2015,6,3,0,153,-110.8880005,55.4397011,0
BG-0004-012,2015,6,6,0,156,-110.8880005,55.4397011,0
BG-0004-012,2015,6,10,0,160,-110.8880005,55.4397011,0
BG-0004-013,2015,6,6,0,156,-110.8789978,55.4393997,0
BG-0004-013,2015,6,9,0,159,-110.8789978,55.4393997,0
BG-0004-013,2015,5,31,0,150,-110.8789978,55.4393997,0
BG-0004-013,2015,6,3,0,153,-110.8789978,55.4393997,0
BG-0004-014,2015,6,2,0,152,-110.8700027,55.4390984,0
BG-0004-014,2015,6,5,0,155,-110.8700027,55.4390984,1
BG-0004-014,2015,6,6,0,156,-110.8700027,55.4390984,0
BG-0004-014,2015,5,28,0,147,-110.8700027,55.4390984,0
BG-0004-015,2015,6,13,0,163,-110.8600006,55.4388008,0
BG-0004-015,2015,6,15,0,165,-110.8600006,55.4388008,0
BG-0004-015,2015,6,12,0,162,-110.8600006,55.4388008,1
BG-0004-016,2015,6,19,0,169,-110.8499985,55.4384995,2
BG-0004-016,2015,6,23,0,173,-110.8499985,55.4384995,2
BG-0004-016,2015,6,21,0,171,-110.8499985,55.4384995,1
BG-0004-017,2015,6,12,0,162,-110.8410034,55.4380989,1
BG-0004-017,2015,6,13,0,163,-110.8410034,55.4380989,0
BG-0004-017,2015,6,15,0,165,-110.8410034,55.4380989,2
BG-0004-018,2015,6,12,0,162,-110.8320007,55.4378014,0
BG-0004-018,2015,6,13,0,163,-110.8320007,55.4378014,0
BG-0004-018,2015,6,14,0,164,-110.8320007,55.4378014,0
BG-0004-018,2015,6,15,0,165,-110.8320007,55.4378014,0
BG-0004-019,2015,6,13,0,163,-110.8219986,55.4374008,2
BG-0004-019,2015,6,14,0,164,-110.8219986,55.4374008,1
BG-0004-019,2015,6,15,0,165,-110.8219986,55.4374008,1
BG-0004-019,2015,6,12,0,162,-110.8219986,55.4374008,1
BG-0004-020,2015,6,12,0,162,-110.8130035,55.4370003,0
BG-0004-020,2015,6,13,0,163,-110.8130035,55.4370003,1
BG-0004-020,2015,6,15,0,165,-110.8130035,55.4370003,1
BG-0004-021,2015,6,11,0,161,-110.8970032,55.4454002,0
BG-0004-021,2015,6,12,0,162,-110.8970032,55.4454002,0
BG-0004-021,2015,6,13,0,163,-110.8970032,55.4454002,0
BG-0004-022,2015,6,13,0,163,-110.8880005,55.4450989,0
BG-0004-022,2015,6,12,0,162,-110.8880005,55.4450989,0
BG-0004-022,2015,6,11,0,161,-110.8880005,55.4450989,0
BG-0004-024,2015,6,25,0,175,-110.8690033,55.4444008,0
BG-0004-025,2015,6,11,0,161,-110.8600006,55.4440994,0
BG-0004-025,2015,6,12,0,162,-110.8600006,55.4440994,0
BG-0004-025,2015,6,15,0,165,-110.8600006,55.4440994,0
BG-0004-026,2015,6,18,0,168,-110.8499985,55.4439011,1
BG-0004-026,2015,6,19,0,169,-110.8499985,55.4439011,1
BG-0004-026,2015,6,22,0,172,-110.8499985,55.4439011,1
BG-0004-026,2015,6,17,0,167,-110.8499985,55.4439011,0
BG-0004-027,2015,6,17,0,167,-110.8410034,55.4435005,1
BG-0004-027,2015,6,18,0,168,-110.8410034,55.4435005,0
BG-0004-027,2015,6,19,0,169,-110.8410034,55.4435005,1
BG-0004-027,2015,6,20,0,170,-110.8410034,55.4435005,1
BG-0004-028,2015,6,17,0,167,-110.8310013,55.4431,0
BG-0004-028,2015,6,20,0,170,-110.8310013,55.4431,0
BG-0004-028,2015,6,24,0,174,-110.8310013,55.4431,0
BG-0004-028,2015,6,18,0,168,-110.8310013,55.4431,0
BG-0004-029,2015,6,16,0,166,-110.8219986,55.4427986,0
BG-0004-029,2015,6,17,0,167,-110.8219986,55.4427986,0
BG-0004-029,2015,6,24,0,174,-110.8219986,55.4427986,0
BG-0004-029,2015,6,23,0,173,-110.8219986,55.4427986,0
BG-0004-030,2015,6,16,0,166,-110.8119965,55.4424019,1
BG-0004-030,2015,6,18,0,168,-110.8119965,55.4424019,2
BG-0004-030,2015,6,21,0,171,-110.8119965,55.4424019,0
BG-0004-030,2015,6,23,0,173,-110.8119965,55.4424019,1
BG-0004-031,2015,6,11,0,161,-110.8970032,55.4508018,2
BG-0004-031,2015,6,12,0,162,-110.8970032,55.4508018,1
BG-0004-031,2015,6,13,0,163,-110.8970032,55.4508018,1
BG-0004-032,2015,6,12,0,162,-110.8880005,55.4505005,1
BG-0004-032,2015,6,13,0,163,-110.8880005,55.4505005,1
BG-0004-032,2015,6,11,0,161,-110.8880005,55.4505005,0
BG-0004-033,2015,6,11,0,161,-110.8779984,55.4500999,0
BG-0004-033,2015,6,12,0,162,-110.8779984,55.4500999,0
BG-0004-033,2015,6,13,0,163,-110.8779984,55.4500999,0
BG-0004-034,2015,6,22,0,172,-110.8679962,55.4497986,0
BG-0004-034,2015,6,23,0,173,-110.8679962,55.4497986,0
BG-0004-034,2015,6,24,0,174,-110.8679962,55.4497986,0
BG-0004-034,2015,6,25,0,175,-110.8679962,55.4497986,0
BG-0004-035,2015,6,13,1,163,-110.8590012,55.4499016,0
BG-0004-035,2015,6,14,1,164,-110.8590012,55.4499016,1
BG-0004-035,2015,6,11,1,161,-110.8590012,55.4499016,0
BG-0004-035,2015,6,12,1,162,-110.8590012,55.4499016,0
BG-0004-036,2015,6,11,0,161,-110.8499985,55.4491997,1
BG-0004-036,2015,6,13,0,163,-110.8499985,55.4491997,2
BG-0004-036,2015,6,15,0,165,-110.8499985,55.4491997,2
BG-0004-037,2015,6,23,0,173,-110.8399963,55.4488983,0
BG-0004-037,2015,6,20,0,170,-110.8399963,55.4488983,1
BG-0004-037,2015,6,18,0,168,-110.8399963,55.4488983,1
BG-0004-037,2015,6,17,0,167,-110.8399963,55.4488983,0
BG-0004-038,2015,6,20,0,170,-110.8310013,55.4485016,0
BG-0004-038,2015,6,22,0,172,-110.8310013,55.4485016,0
BG-0004-038,2015,6,19,0,169,-110.8310013,55.4485016,1
BG-0004-038,2015,6,17,0,167,-110.8310013,55.4485016,0
BG-0004-039,2015,6,21,0,171,-110.8209991,55.4482002,1
BG-0004-039,2015,6,23,0,173,-110.8209991,55.4482002,0
BG-0004-039,2015,6,16,0,166,-110.8209991,55.4482002,1
BG-0004-039,2015,6,20,0,170,-110.8209991,55.4482002,0
BG-0004-040,2015,6,23,0,173,-110.8119965,55.4478989,0
BG-0004-040,2015,6,18,0,168,-110.8119965,55.4478989,0
BG-0004-040,2015,6,19,0,169,-110.8119965,55.4478989,1
BG-0004-040,2015,6,22,0,172,-110.8119965,55.4478989,0
BG-0004-041,2015,6,21,0,171,-110.8960037,55.4561996,1
BG-0004-041,2015,6,16,0,166,-110.8960037,55.4561996,1
BG-0004-041,2015,6,17,0,167,-110.8960037,55.4561996,1
BG-0004-041,2015,6,19,0,169,-110.8960037,55.4561996,0
BG-0004-042,2015,6,14,0,164,-110.887001,55.4557991,0
BG-0004-042,2015,6,21,0,171,-110.887001,55.4557991,1
BG-0004-042,2015,6,19,0,169,-110.887001,55.4557991,0
BG-0004-042,2015,6,20,0,170,-110.887001,55.4557991,0
BG-0004-043,2015,6,19,0,169,-110.8769989,55.4555016,0
BG-0004-043,2015,6,15,0,165,-110.8769989,55.4555016,0
BG-0004-043,2015,6,20,0,170,-110.8769989,55.4555016,0
BG-0004-044,2015,6,23,0,173,-110.8679962,55.4552002,0
BG-0004-044,2015,6,22,0,172,-110.8679962,55.4552002,0
BG-0004-044,2015,6,24,0,174,-110.8679962,55.4552002,2
BG-0004-044,2015,6,25,0,175,-110.8679962,55.4552002,1
BG-0004-045,2015,6,15,0,165,-110.8580017,55.4548988,1
BG-0004-045,2015,6,14,0,164,-110.8580017,55.4548988,0
BG-0004-045,2015,6,12,0,162,-110.8580017,55.4548988,1
BG-0004-045,2015,6,13,0,163,-110.8580017,55.4548988,1
BG-0004-046,2015,6,6,1,156,-110.848999,55.4546013,0
BG-0004-046,2015,6,5,1,155,-110.848999,55.4546013,0
BG-0004-046,2015,6,3,1,153,-110.848999,55.4546013,1
BG-0004-046,2015,5,29,1,148,-110.848999,55.4546013,0
BG-0004-047,2015,6,11,0,161,-110.8389969,55.4542007,1
BG-0004-047,2015,6,12,0,162,-110.8389969,55.4542007,0
BG-0004-047,2015,6,13,0,163,-110.8389969,55.4542007,0
BG-0004-048,2015,6,16,0,166,-110.8300018,55.4538994,1
BG-0004-048,2015,6,17,0,167,-110.8300018,55.4538994,1
BG-0004-048,2015,6,24,0,174,-110.8300018,55.4538994,1
BG-0004-048,2015,6,15,0,165,-110.8300018,55.4538994,0
BG-0004-049,2015,6,17,0,167,-110.8209991,55.4536018,1
BG-0004-049,2015,6,22,0,172,-110.8209991,55.4536018,1
BG-0004-049,2015,6,24,0,174,-110.8209991,55.4536018,2
BG-0004-049,2015,6,20,0,170,-110.8209991,55.4536018,1
BG-0004-050,2015,6,19,0,169,-110.810997,55.4532013,1
BG-0004-050,2015,6,18,0,168,-110.810997,55.4532013,1
BG-0004-050,2015,6,23,0,173,-110.810997,55.4532013,0
BG-0004-050,2015,6,22,0,172,-110.810997,55.4532013,0
BG-0004-051,2015,6,18,0,168,-110.8960037,55.4614983,0
BG-0004-051,2015,6,19,0,169,-110.8960037,55.4614983,0
BG-0004-051,2015,6,21,0,171,-110.8960037,55.4614983,1
BG-0004-052,2015,6,18,0,168,-110.8860016,55.4612007,0
BG-0004-052,2015,6,19,0,169,-110.8860016,55.4612007,0
BG-0004-052,2015,6,16,0,166,-110.8860016,55.4612007,0
BG-0004-052,2015,6,21,0,171,-110.8860016,55.4612007,0
BG-0004-053,2015,6,21,0,171,-110.8769989,55.4608994,0
BG-0004-053,2015,6,16,0,166,-110.8769989,55.4608994,0
BG-0004-053,2015,6,18,0,168,-110.8769989,55.4608994,0
BG-0004-053,2015,6,20,0,170,-110.8769989,55.4608994,0
BG-0004-054,2015,6,23,0,173,-110.8669968,55.4606018,0
BG-0004-054,2015,6,24,0,174,-110.8669968,55.4606018,0
BG-0004-054,2015,6,25,0,175,-110.8669968,55.4606018,0
BG-0004-054,2015,6,22,0,172,-110.8669968,55.4606018,0
BG-0004-055,2015,6,16,0,166,-110.8580017,55.4603004,1
BG-0004-055,2015,6,19,0,169,-110.8580017,55.4603004,2
BG-0004-055,2015,6,20,0,170,-110.8580017,55.4603004,1
BG-0004-055,2015,6,23,0,173,-110.8580017,55.4603004,1
BG-0004-056,2015,5,29,1,148,-110.8509979,55.4602013,0
BG-0004-056,2015,6,5,1,155,-110.8509979,55.4602013,0
BG-0004-056,2015,6,9,1,159,-110.8509979,55.4602013,0
BG-0004-057,2015,6,13,1,163,-110.8389969,55.4595985,0
BG-0004-057,2015,6,12,1,162,-110.8389969,55.4595985,0
BG-0004-058,2015,6,17,1,167,-110.8290024,55.459301,0
BG-0004-058,2015,6,19,1,169,-110.8290024,55.459301,1
BG-0004-058,2015,6,22,1,172,-110.8290024,55.459301,0
BG-0004-058,2015,6,24,1,174,-110.8290024,55.459301,1
BG-0004-059,2015,6,22,1,172,-110.8199997,55.4589996,0
BG-0004-059,2015,6,23,1,173,-110.8199997,55.4589996,2
BG-0004-059,2015,6,19,1,169,-110.8199997,55.4589996,2
BG-0004-060,2015,6,17,0,167,-110.810997,55.4586983,0
BG-0004-060,2015,6,19,0,169,-110.810997,55.4586983,0
BG-0004-060,2015,6,23,0,173,-110.810997,55.4586983,0
BG-0004-060,2015,6,21,0,171,-110.810997,55.4586983,0
BG-0004-061,2015,6,20,0,170,-110.8949966,55.4668999,1
BG-0004-061,2015,6,18,0,168,-110.8949966,55.4668999,0
BG-0004-061,2015,6,19,0,169,-110.8949966,55.4668999,0
BG-0004-061,2015,6,21,0,171,-110.8949966,55.4668999,1
BG-0004-062,2015,6,17,0,167,-110.8860016,55.4665985,0
BG-0004-063,2015,6,18,0,168,-110.8759995,55.4662018,0
BG-0004-063,2015,6,21,0,171,-110.8759995,55.4662018,0
BG-0004-063,2015,5,28,0,147,-110.8759995,55.4662018,0
BG-0004-063,2015,6,23,0,173,-110.8759995,55.4662018,0
BG-0004-064,2015,6,17,0,167,-110.8669968,55.4659996,0
BG-0004-064,2015,6,19,0,169,-110.8669968,55.4659996,1
BG-0004-064,2015,6,21,0,171,-110.8669968,55.4659996,1
BG-0004-065,2015,6,20,1,170,-110.8570023,55.4656982,2
BG-0004-065,2015,6,15,1,165,-110.8570023,55.4656982,1
BG-0004-065,2015,6,19,1,169,-110.8570023,55.4656982,1
BG-0004-066,2015,6,17,0,167,-110.8479996,55.4650993,1
BG-0004-066,2015,6,24,0,174,-110.8479996,55.4650993,0
BG-0004-066,2015,6,27,0,177,-110.8479996,55.4650993,1
BG-0004-066,2015,6,22,0,172,-110.8479996,55.4650993,4
BG-0004-067,2015,6,11,0,161,-110.8379974,55.4650002,0
BG-0004-067,2015,6,13,0,163,-110.8379974,55.4650002,0
BG-0004-068,2015,6,12,0,162,-110.8290024,55.4646988,1
BG-0004-069,2015,6,13,1,163,-110.8190002,55.4644012,1
BG-0004-069,2015,6,11,1,161,-110.8190002,55.4644012,1
BG-0004-069,2015,6,12,1,162,-110.8190002,55.4644012,0
BG-0004-070,2015,6,13,0,163,-110.8099976,55.4640007,1
BG-0004-070,2015,6,12,0,162,-110.8099976,55.4640007,1
BG-0004-070,2015,6,11,0,161,-110.8099976,55.4640007,0
BG-0004-070,2015,6,14,0,164,-110.8099976,55.4640007,0
BG-0004-071,2015,6,18,0,168,-110.8949966,55.4723015,0
BG-0004-071,2015,6,19,0,169,-110.8949966,55.4723015,0
BG-0004-071,2015,6,23,0,173,-110.8949966,55.4723015,1
BG-0004-072,2015,6,22,0,172,-110.8850021,55.4720001,0
BG-0004-072,2015,6,23,0,173,-110.8850021,55.4720001,0
BG-0004-072,2015,6,20,0,170,-110.8850021,55.4720001,0
BG-0004-072,2015,6,18,0,168,-110.8850021,55.4720001,1
BG-0004-073,2015,6,19,1,169,-110.8759995,55.4715996,0
BG-0004-073,2015,6,18,1,168,-110.8759995,55.4715996,0
BG-0004-073,2015,6,21,1,171,-110.8759995,55.4715996,0
BG-0004-073,2015,6,22,1,172,-110.8759995,55.4715996,0
BG-0004-074,2015,6,24,1,174,-110.8659973,55.4712982,1
BG-0004-074,2015,6,20,1,170,-110.8659973,55.4712982,1
BG-0004-074,2015,6,23,1,173,-110.8659973,55.4712982,1
BG-0004-075,2015,6,24,0,174,-110.8570023,55.4710007,1
BG-0004-075,2015,6,25,0,175,-110.8570023,55.4710007,0
BG-0004-075,2015,6,22,0,172,-110.8570023,55.4710007,0
BG-0004-075,2015,6,23,0,173,-110.8570023,55.4710007,0
BG-0004-076,2015,6,20,0,170,-110.8470001,55.4706993,1
BG-0004-076,2015,6,21,0,171,-110.8470001,55.4706993,1
BG-0004-076,2015,6,17,0,167,-110.8470001,55.4706993,0
BG-0004-076,2015,6,19,0,169,-110.8470001,55.4706993,0
BG-0004-077,2015,6,13,0,163,-110.8379974,55.4704018,0
BG-0004-077,2015,6,11,0,161,-110.8379974,55.4704018,0
BG-0004-077,2015,6,12,0,162,-110.8379974,55.4704018,0
BG-0004-078,2015,6,12,0,162,-110.8280029,55.4700012,0
BG-0004-078,2015,6,11,0,161,-110.8280029,55.4700012,0
BG-0004-078,2015,6,13,0,163,-110.8280029,55.4700012,0
BG-0004-079,2015,6,12,0,162,-110.8190002,55.4696999,0
BG-0004-079,2015,6,13,0,163,-110.8190002,55.4696999,0
BG-0004-079,2015,6,11,0,161,-110.8190002,55.4696999,0
BG-0004-079,2015,6,14,0,164,-110.8190002,55.4696999,0
BG-0004-080,2015,6,11,0,161,-110.8089981,55.4693985,0
BG-0004-080,2015,6,14,0,164,-110.8089981,55.4693985,0
BG-0004-080,2015,6,12,0,162,-110.8089981,55.4693985,0
BG-0004-081,2015,6,13,0,163,-110.8939972,55.4776993,0
BG-0004-081,2015,6,12,0,162,-110.8939972,55.4776993,1
BG-0004-081,2015,6,15,0,165,-110.8939972,55.4776993,0
BG-0004-082,2015,6,15,0,165,-110.8850021,55.4774017,0
BG-0004-082,2015,6,13,0,163,-110.8850021,55.4774017,0
BG-0004-082,2015,6,12,0,162,-110.8850021,55.4774017,0
BG-0004-082,2015,6,16,0,166,-110.8850021,55.4774017,0
BG-0004-083,2015,6,13,1,163,-110.875,55.4770012,0
BG-0004-083,2015,6,15,1,165,-110.875,55.4770012,0
BG-0004-083,2015,6,16,1,166,-110.875,55.4770012,0
BG-0004-084,2015,6,16,0,166,-110.8659973,55.4766998,0
BG-0004-084,2015,6,15,0,165,-110.8659973,55.4766998,1
BG-0004-085,2015,6,22,0,172,-110.8560028,55.4763985,0
BG-0004-085,2015,6,23,0,173,-110.8560028,55.4763985,0
BG-0004-085,2015,6,24,0,174,-110.8560028,55.4763985,0
BG-0004-085,2015,6,25,0,175,-110.8560028,55.4763985,0
BG-0004-086,2015,6,22,0,172,-110.8470001,55.4761009,0
BG-0004-086,2015,6,23,0,173,-110.8470001,55.4761009,0
BG-0004-086,2015,6,25,0,175,-110.8470001,55.4761009,0
BG-0004-086,2015,6,24,0,174,-110.8470001,55.4761009,0
BG-0004-087,2015,6,6,0,156,-110.836998,55.4757996,0
BG-0004-087,2015,5,28,0,147,-110.836998,55.4757996,0
BG-0004-087,2015,5,31,0,150,-110.836998,55.4757996,0
BG-0004-088,2015,6,6,0,156,-110.8280029,55.475399,0
BG-0004-088,2015,6,8,0,158,-110.8280029,55.475399,1
BG-0004-088,2015,5,28,0,147,-110.8280029,55.475399,0
BG-0004-088,2015,6,2,0,152,-110.8280029,55.475399,1
BG-0004-089,2015,6,1,0,151,-110.8180008,55.4751015,1
BG-0004-089,2015,6,6,0,156,-110.8180008,55.4751015,1
BG-0004-089,2015,5,29,0,148,-110.8180008,55.4751015,0
BG-0004-090,2015,6,4,0,154,-110.8089981,55.4748001,0
BG-0004-090,2015,6,8,0,158,-110.8089981,55.4748001,0
BG-0004-090,2015,5,29,0,148,-110.8089981,55.4748001,0
BG-0004-090,2015,6,5,0,155,-110.8089981,55.4748001,0
BG-0004-091,2015,6,13,1,163,-110.8929977,55.4831009,0
BG-0004-091,2015,6,15,1,165,-110.8929977,55.4831009,0
BG-0004-091,2015,6,16,1,166,-110.8929977,55.4831009,0
BG-0004-092,2015,6,13,1,163,-110.8840027,55.4827003,0
BG-0004-092,2015,6,15,1,165,-110.8840027,55.4827003,0
BG-0004-092,2015,6,16,1,166,-110.8840027,55.4827003,1
BG-0004-093,2015,6,16,1,166,-110.875,55.4824982,0
BG-0004-093,2015,6,12,1,162,-110.875,55.4824982,0
BG-0004-093,2015,6,13,1,163,-110.875,55.4824982,0
BG-0004-094,2015,6,16,0,166,-110.8649979,55.4821014,0
BG-0004-094,2015,6,15,0,165,-110.8649979,55.4821014,0
BG-0004-094,2015,6,13,0,163,-110.8649979,55.4821014,0
BG-0004-095,2015,6,23,0,173,-110.8560028,55.4818001,0
BG-0004-095,2015,6,24,0,174,-110.8560028,55.4818001,2
BG-0004-095,2015,6,25,0,175,-110.8560028,55.4818001,2
BG-0004-095,2015,6,26,0,176,-110.8560028,55.4818001,0
BG-0004-096,2015,6,23,1,173,-110.8460007,55.4814987,0
BG-0004-096,2015,6,24,1,174,-110.8460007,55.4814987,0
BG-0004-096,2015,6,25,1,175,-110.8460007,55.4814987,0
BG-0004-096,2015,6,22,1,172,-110.8460007,55.4814987,0
BG-0004-097,2015,5,27,0,146,-110.836998,55.4810982,1
BG-0004-098,2015,6,1,0,151,-110.8270035,55.4808006,0
BG-0004-098,2015,6,3,0,153,-110.8270035,55.4808006,0
BG-0004-098,2015,6,8,0,158,-110.8270035,55.4808006,0
BG-0004-098,2015,5,29,0,148,-110.8270035,55.4808006,0
BG-0004-099,2015,6,4,0,154,-110.8180008,55.4804001,0
BG-0004-099,2015,6,6,0,156,-110.8180008,55.4804001,0
BG-0004-099,2015,5,30,0,149,-110.8180008,55.4804001,0
BG-0004-099,2015,6,2,0,152,-110.8180008,55.4804001,0
BG-0004-100,2015,6,10,0,160,-110.8079987,55.4802017,1
BG-0004-100,2015,5,31,0,150,-110.8079987,55.4802017,0
BG-0004-100,2015,6,6,0,156,-110.8079987,55.4802017,0
