"","SS","1","2","3","4"
"1","BG_1_10",5,7,7,5
"2","BG_1_100",10,10,5,5
"3","BG_1_101",5,5,10,10
"4","BG_1_102",10,10,5,10
"5","BG_1_103",5,10,10,5
"6","BG_1_104",10,10,5,5
"7","BG_1_105",7,7,2,5
"8","BG_1_109",5,5,7,7
"9","BG_1_11",5,5,5,5
"10","BG_1_112",5,10,10,5
"11","BG_1_113",7,7,5,5
"12","BG_1_114",5,2,2,5
"13","BG_1_115",7,7,5,5
"14","BG_1_116",10,10,5,7
"15","BG_1_117",5,5,5,7
"16","BG_1_118",5,5,5,5
"17","BG_1_119",7,7,5,5
"18","BG_1_12",5,7,7,7
"19","BG_1_120",5,5,5,10
"20","BG_1_124",5,7,7,5
"21","BG_1_126",7,7,7,7
"22","BG_1_127",5,5,5,5
"23","BG_1_128",5,5,5,5
"24","BG_1_129",5,5,7,7
"25","BG_1_13",5,5,7,7
"26","BG_1_130",5,5,10,10
"27","BG_1_131",5,5,NA,NA
"28","BG_1_132",2,5,10,10
"29","BG_1_133",5,5,10,10
"30","BG_1_134",5,5,10,10
"31","BG_1_135",2,2,5,5
"32","BG_1_139",5,5,10,10
"33","BG_1_14",2,5,2,2
"34","BG_1_141",5,10,10,5
"35","BG_1_142",5,2,2,5
"36","BG_1_143",5,5,5,NA
"37","BG_1_144",7,7,2,2
"38","BG_1_145",7,7,5,5
"39","BG_1_146",5,5,5,5
"40","BG_1_147",10,10,5,5
"41","BG_1_148",5,5,5,5
"42","BG_1_149",10,5,NA,NA
"43","BG_1_150",10,10,5,5
"44","BG_1_21",5,5,10,10
"45","BG_1_22",5,5,5,5
"46","BG_1_23",5,5,10,10
"47","BG_1_24",10,10,5,5
"48","BG_1_25",5,5,5,5
"49","BG_1_26",5,5,10,10
"50","BG_1_27",7,7,10,10
"51","BG_1_28",5,7,7,5
"52","BG_1_29",5,5,5,10
"53","BG_1_36",10,10,5,5
"54","BG_1_37",5,5,5,7
"55","BG_1_38",5,5,2,5
"56","BG_1_39",5,5,5,10
"57","BG_1_40",5,10,10,5
"58","BG_1_41",2,2,5,5
"59","BG_1_42",7,7,5,5
"60","BG_1_43",5,5,10,10
"61","BG_1_44",5,10,10,5
"62","BG_1_51",5,5,5,5
"63","BG_1_52",5,5,7,7
"64","BG_1_53",5,5,7,7
"65","BG_1_54",5,5,7,7
"66","BG_1_55",5,5,5,5
"67","BG_1_56",5,5,NA,NA
"68","BG_1_57",2,2,2,2
"69","BG_1_58",5,5,5,10
"70","BG_1_6",5,5,5,7
"71","BG_1_60",2,2,5,5
"72","BG_1_66",5,7,7,5
"73","BG_1_68",5,5,2,5
"74","BG_1_69",5,5,5,5
"75","BG_1_7",5,5,7,7
"76","BG_1_70",5,5,10,10
"77","BG_1_71",5,5,7,7
"78","BG_1_72",5,NA,NA,NA
"79","BG_1_73",10,10,10,10
"80","BG_1_74",5,5,NA,NA
"81","BG_1_75",5,5,10,10
"82","BG_1_8",5,5,5,5
"83","BG_1_81",5,2,7,7
"84","BG_1_82",5,5,7,7
"85","BG_1_84",5,7,7,5
"86","BG_1_85",5,5,7,7
"87","BG_1_86",10,10,5,5
"88","BG_1_87",5,5,2,2
"89","BG_1_88",2,5,5,10
"90","BG_1_89",2,5,7,7
"91","BG_1_9",5,5,5,5
"92","BG_1_90",5,5,5,10
"93","BG_1_96",5,NA,NA,NA
"94","BG_1_97",5,5,7,7
"95","BG_1_98",5,5,5,5
"96","BG_1_99",5,5,10,10
"97","BG_10_1",5.71666666666667,5.7,5.65,NA
"98","BG_10_10",5.35,5.35,5.35,NA
"99","BG_10_100",5.43333333333333,5.45,5.5,5.51666666666667
"100","BG_10_11",5.66666666666667,5.55,5.46666666666667,5.41666666666667
"101","BG_10_12",5.71666666666667,5.66666666666667,5.65,5.61666666666667
"102","BG_10_13",5.65,5.61666666666667,5.6,NA
"103","BG_10_14",5.7,5.65,5.61666666666667,5.6
"104","BG_10_15",5.55,5.43333333333333,5.38333333333333,NA
"105","BG_10_17",5.51666666666667,5.43333333333333,5.4,5.38333333333333
"106","BG_10_18",5.33333333333333,5.33333333333333,5.35,5.35
"107","BG_10_19",5.33333333333333,5.33333333333333,5.33333333333333,5.35
"108","BG_10_2",5.7,5.66666666666667,5.61666666666667,5.6
"109","BG_10_20",5.33333333333333,5.33333333333333,5.35,5.35
"110","BG_10_21",5.58333333333333,5.5,5.36666666666667,5.35
"111","BG_10_22",5.66666666666667,5.53333333333333,5.38333333333333,5.36666666666667
"112","BG_10_23",5.48333333333333,5.46666666666667,5.45,5.36666666666667
"113","BG_10_24",5.5,5.41666666666667,5.38333333333333,NA
"114","BG_10_25",5.33333333333333,5.33333333333333,5.35,5.35
"115","BG_10_26",5.48333333333333,5.45,5.43333333333333,5.41666666666667
"116","BG_10_27",5.53333333333333,5.46666666666667,5.4,5.35
"117","BG_10_28",5.33333333333333,5.35,5.35,NA
"118","BG_10_29",5.38333333333333,5.41666666666667,5.46666666666667,5.51666666666667
"119","BG_10_3",5.7,5.66666666666667,5.6,NA
"120","BG_10_30",5.36666666666667,5.38333333333333,5.4,5.41666666666667
"121","BG_10_31",5.33333333333333,5.35,5.35,NA
"122","BG_10_32",5.33333333333333,5.33333333333333,5.35,5.35
"123","BG_10_33",5.61666666666667,5.46666666666667,5.41666666666667,5.38333333333333
"124","BG_10_34",5.65,5.48333333333333,5.45,5.43333333333333
"125","BG_10_35",5.33333333333333,5.33333333333333,5.33333333333333,5.35
"126","BG_10_36",5.48333333333333,5.43333333333333,5.4,5.35
"127","BG_10_37",5.58333333333333,5.48333333333333,5.46666666666667,NA
"128","BG_10_38",5.33333333333333,5.33333333333333,5.35,NA
"129","BG_10_39",5.36666666666667,5.43333333333333,5.51666666666667,5.55
"130","BG_10_4",5.71666666666667,5.65,5.6,NA
"131","BG_10_40",5.38333333333333,5.41666666666667,5.46666666666667,NA
"132","BG_10_41",5.38333333333333,5.38333333333333,5.4,NA
"133","BG_10_42",5.36666666666667,5.38333333333333,NA,NA
"134","BG_10_43",5.33333333333333,5.33333333333333,5.35,NA
"135","BG_10_44",5.35,5.33333333333333,5.33333333333333,5.35
"136","BG_10_45",5.4,5.43333333333333,5.45,NA
"137","BG_10_46",5.53333333333333,NA,NA,NA
"138","BG_10_47",5.58333333333333,5.53333333333333,5.46666666666667,NA
"139","BG_10_48",5.33333333333333,5.33333333333333,5.33333333333333,5.35
"140","BG_10_49",5.36666666666667,5.38333333333333,5.38333333333333,NA
"141","BG_10_5",5.53333333333333,5.45,5.41666666666667,5.38333333333333
"142","BG_10_50",5.43333333333333,5.5,5.53333333333333,5.55
"143","BG_10_51",5.35,5.38333333333333,5.38333333333333,NA
"144","BG_10_52",5.36666666666667,5.38333333333333,5.4,NA
"145","BG_10_53",5.33333333333333,5.33333333333333,5.35,5.35
"146","BG_10_54",5.33333333333333,5.33333333333333,5.35,5.35
"147","BG_10_55",5.36666666666667,5.38333333333333,5.41666666666667,NA
"148","BG_10_56",5.38333333333333,5.36666666666667,NA,NA
"149","BG_10_57",5.41666666666667,5.38333333333333,5.36666666666667,NA
"150","BG_10_58",5.36666666666667,5.38333333333333,5.4,NA
"151","BG_10_6",5.51666666666667,5.45,5.41666666666667,5.36666666666667
"152","BG_10_60",5.45,5.48333333333333,5.5,5.51666666666667
"153","BG_10_61",5.43333333333333,5.5,5.53333333333333,NA
"154","BG_10_62",5.43333333333333,5.48333333333333,5.53333333333333,5.55
"155","BG_10_63",5.36666666666667,5.38333333333333,5.38333333333333,5.4
"156","BG_10_64",5.35,NA,NA,NA
"157","BG_10_65",5.23333333333333,5.2,5.16666666666667,NA
"158","BG_10_66",5.35,5.35,5.35,5.36666666666667
"159","BG_10_67",5.33333333333333,5.33333333333333,5.35,5.35
"160","BG_10_68",5.43333333333333,5.46666666666667,5.51666666666667,5.55
"161","BG_10_69",5.43333333333333,5.45,5.5,5.51666666666667
"162","BG_10_7",5.51666666666667,5.46666666666667,5.41666666666667,5.35
"163","BG_10_70",5.43333333333333,5.5,5.53333333333333,5.55
"164","BG_10_71",5.45,5.48333333333333,5.51666666666667,5.55
"165","BG_10_72",5.41666666666667,5.5,5.53333333333333,NA
"166","BG_10_73",5.43333333333333,5.51666666666667,5.55,NA
"167","BG_10_74",5.36666666666667,5.46666666666667,5.48333333333333,5.5
"168","BG_10_75",5.33333333333333,5.33333333333333,5.33333333333333,5.35
"169","BG_10_76",5.43333333333333,5.38333333333333,5.38333333333333,5.35
"170","BG_10_77",5.33333333333333,5.33333333333333,5.33333333333333,5.35
"171","BG_10_79",5.45,5.48333333333333,5.51666666666667,5.53333333333333
"172","BG_10_8",5.53333333333333,5.5,5.48333333333333,NA
"173","BG_10_80",5.43333333333333,5.48333333333333,5.5,5.51666666666667
"174","BG_10_81",5.41666666666667,5.48333333333333,5.51666666666667,NA
"175","BG_10_82",5.26666666666667,5.3,5.31666666666667,5.33333333333333
"176","BG_10_85",5.38333333333333,5.41666666666667,5.43333333333333,NA
"177","BG_10_86",5.43333333333333,5.4,5.38333333333333,NA
"178","BG_10_87",5.41666666666667,5.38333333333333,5.35,NA
"179","BG_10_88",5.33333333333333,5.33333333333333,5.35,5.35
"180","BG_10_89",5.41666666666667,5.45,5.5,5.53333333333333
"181","BG_10_9",5.35,5.33333333333333,5.33333333333333,5.35
"182","BG_10_90",5.41666666666667,5.41666666666667,5.53333333333333,NA
"183","BG_10_91",5.5,5.5,5.5,NA
"184","BG_10_92",5.28333333333333,5.3,5.31666666666667,NA
"185","BG_10_93",5.38333333333333,5.41666666666667,5.46666666666667,5.5
"186","BG_10_94",5.36666666666667,5.38333333333333,5.38333333333333,NA
"187","BG_10_95",5.33333333333333,5.33333333333333,5.33333333333333,5.35
"188","BG_10_96",5.41666666666667,5.35,NA,NA
"189","BG_10_97",5.41666666666667,5.4,5.38333333333333,5.38333333333333
"190","BG_10_98",5.33333333333333,5.35,5.35,5.35
"191","BG_10_99",5.41666666666667,5.48333333333333,5.5,5.55
"192","BG_11_1",4.65,4.76666666666667,4.76666666666667,4.78333333333333
"193","BG_11_10",4.63333333333333,4.65,4.7,4.71666666666667
"194","BG_11_100",4.73333333333333,4.71666666666667,4.65,4.61666666666667
"195","BG_11_11",4.68333333333333,4.7,4.76666666666667,4.83333333333333
"196","BG_11_12",4.68333333333333,4.7,4.73333333333333,4.76666666666667
"197","BG_11_13",4.65,4.65,4.68333333333333,4.7
"198","BG_11_14",4.66666666666667,4.78333333333333,4.81666666666667,4.85
"199","BG_11_15",4.61666666666667,4.66666666666667,4.7,4.71666666666667
"200","BG_11_16",4.65,4.71666666666667,4.81666666666667,NA
"201","BG_11_17",4.63333333333333,4.65,4.68333333333333,4.83333333333333
"202","BG_11_18",4.6,4.61666666666667,4.66666666666667,4.68333333333333
"203","BG_11_19",4.63333333333333,4.65,4.73333333333333,4.81666666666667
"204","BG_11_2",4.65,4.65,4.78333333333333,NA
"205","BG_11_20",4.6,4.65,4.71666666666667,4.76666666666667
"206","BG_11_21",4.58333333333333,4.61666666666667,4.66666666666667,4.85
"207","BG_11_22",4.58333333333333,4.61666666666667,4.65,4.81666666666667
"208","BG_11_23",4.58333333333333,4.58333333333333,4.61666666666667,4.78333333333333
"209","BG_11_24",4.58333333333333,4.58333333333333,4.61666666666667,4.75
"210","BG_11_25",4.58333333333333,4.58333333333333,4.6,4.61666666666667
"211","BG_11_26",4.58333333333333,4.61666666666667,4.65,4.83333333333333
"212","BG_11_27",4.6,4.58333333333333,4.6,NA
"213","BG_11_28",4.6,4.58333333333333,4.58333333333333,4.6
"214","BG_11_29",4.6,4.58333333333333,4.58333333333333,4.6
"215","BG_11_3",4.63333333333333,4.65,4.81666666666667,4.83333333333333
"216","BG_11_30",4.6,4.58333333333333,4.58333333333333,4.58333333333333
"217","BG_11_31",4.58333333333333,4.58333333333333,4.6,4.61666666666667
"218","BG_11_32",4.6,4.58333333333333,4.65,4.68333333333333
"219","BG_11_33",4.6,4.6,4.66666666666667,4.7
"220","BG_11_34",4.58333333333333,4.58333333333333,4.6,4.68333333333333
"221","BG_11_35",4.6,4.58333333333333,4.63333333333333,4.68333333333333
"222","BG_11_36",4.6,4.6,4.58333333333333,NA
"223","BG_11_38",4.6,4.58333333333333,4.58333333333333,NA
"224","BG_11_39",4.58333333333333,4.58333333333333,4.58333333333333,NA
"225","BG_11_4",4.61666666666667,4.65,4.66666666666667,4.68333333333333
"226","BG_11_40",4.6,4.58333333333333,4.58333333333333,4.58333333333333
"227","BG_11_41",4.6,4.58333333333333,4.58333333333333,4.61666666666667
"228","BG_11_42",4.58333333333333,4.65,4.66666666666667,4.81666666666667
"229","BG_11_43",4.6,4.58333333333333,4.65,4.83333333333333
"230","BG_11_44",4.6,4.58333333333333,4.58333333333333,4.6
"231","BG_11_45",4.58333333333333,4.58333333333333,4.81666666666667,4.83333333333333
"232","BG_11_46",4.6,4.58333333333333,4.63333333333333,4.66666666666667
"233","BG_11_48",4.6,4.58333333333333,4.58333333333333,4.58333333333333
"234","BG_11_49",4.6,4.58333333333333,4.58333333333333,4.6
"235","BG_11_5",4.66666666666667,4.68333333333333,4.78333333333333,4.83333333333333
"236","BG_11_50",4.6,4.58333333333333,4.58333333333333,4.58333333333333
"237","BG_11_51",4.58333333333333,4.58333333333333,4.6,4.65
"238","BG_11_52",4.6,4.58333333333333,4.6,4.75
"239","BG_11_53",4.6,4.58333333333333,4.63333333333333,4.71666666666667
"240","BG_11_54",4.58333333333333,4.58333333333333,4.58333333333333,4.78333333333333
"241","BG_11_55",4.6,4.58333333333333,4.6,4.66666666666667
"242","BG_11_56",4.6,4.58333333333333,4.58333333333333,4.65
"243","BG_11_58",4.6,4.58333333333333,4.58333333333333,4.6
"244","BG_11_59",4.6,4.58333333333333,4.58333333333333,4.58333333333333
"245","BG_11_6",4.65,4.7,4.81666666666667,4.83333333333333
"246","BG_11_60",4.6,4.6,4.6,4.58333333333333
"247","BG_11_61",4.81666666666667,4.73333333333333,4.68333333333333,4.63333333333333
"248","BG_11_62",4.81666666666667,4.73333333333333,4.71666666666667,4.68333333333333
"249","BG_11_63",4.81666666666667,4.8,4.73333333333333,4.65
"250","BG_11_64",4.76666666666667,4.73333333333333,4.68333333333333,4.66666666666667
"251","BG_11_65",4.73333333333333,4.68333333333333,4.66666666666667,4.63333333333333
"252","BG_11_66",4.73333333333333,4.66666666666667,4.63333333333333,NA
"253","BG_11_67",4.68333333333333,4.66666666666667,4.61666666666667,4.61666666666667
"254","BG_11_68",4.78333333333333,4.68333333333333,4.66666666666667,4.61666666666667
"255","BG_11_69",4.73333333333333,4.71666666666667,4.7,4.61666666666667
"256","BG_11_7",4.68333333333333,4.76666666666667,4.81666666666667,NA
"257","BG_11_70",4.8,4.78333333333333,4.71666666666667,NA
"258","BG_11_71",4.85,4.73333333333333,4.71666666666667,4.63333333333333
"259","BG_11_72",4.81666666666667,4.68333333333333,4.66666666666667,4.63333333333333
"260","BG_11_73",4.8,4.76666666666667,4.66666666666667,4.61666666666667
"261","BG_11_74",4.78333333333333,4.76666666666667,4.73333333333333,4.68333333333333
"262","BG_11_75",4.81666666666667,4.73333333333333,4.71666666666667,4.68333333333333
"263","BG_11_76",4.76666666666667,4.68333333333333,4.65,4.63333333333333
"264","BG_11_77",4.8,4.71666666666667,4.63333333333333,4.61666666666667
"265","BG_11_78",4.8,4.66666666666667,4.65,4.61666666666667
"266","BG_11_79",4.73333333333333,4.71666666666667,4.66666666666667,NA
"267","BG_11_8",4.66666666666667,4.71666666666667,4.78333333333333,4.81666666666667
"268","BG_11_80",4.78333333333333,4.71666666666667,4.66666666666667,4.61666666666667
"269","BG_11_81",4.76666666666667,4.73333333333333,4.71666666666667,4.63333333333333
"270","BG_11_82",4.85,4.76666666666667,4.66666666666667,NA
"271","BG_11_83",4.81666666666667,4.73333333333333,4.66666666666667,4.65
"272","BG_11_84",4.76666666666667,4.71666666666667,4.68333333333333,4.65
"273","BG_11_85",4.8,4.68333333333333,4.63333333333333,4.61666666666667
"274","BG_11_86",4.81666666666667,4.78333333333333,4.73333333333333,4.66666666666667
"275","BG_11_87",4.76666666666667,4.71666666666667,4.7,4.61666666666667
"276","BG_11_88",4.81666666666667,4.73333333333333,4.71666666666667,4.65
"277","BG_11_89",4.78333333333333,4.71666666666667,4.7,4.61666666666667
"278","BG_11_9",4.6,4.61666666666667,4.65,4.76666666666667
"279","BG_11_90",4.8,4.66666666666667,4.63333333333333,4.61666666666667
"280","BG_11_91",4.8,4.76666666666667,4.63333333333333,4.61666666666667
"281","BG_11_92",4.76666666666667,4.7,4.65,4.63333333333333
"282","BG_11_93",4.76666666666667,4.7,4.66666666666667,4.61666666666667
"283","BG_11_94",4.8,4.78333333333333,4.65,NA
"284","BG_11_95",4.78333333333333,4.66666666666667,4.65,NA
"285","BG_11_96",4.8,4.71666666666667,4.66666666666667,4.61666666666667
"286","BG_11_97",4.8,4.76666666666667,4.73333333333333,4.71666666666667
"287","BG_11_98",4.76666666666667,4.73333333333333,4.7,4.68333333333333
"288","BG_11_99",4.73333333333333,4.7,4.65,4.61666666666667
"289","BG_12_1",5.05,5.05,5.05,5.01666666666667
"290","BG_12_10",5.06666666666667,5.01666666666667,4.93333333333333,4.86666666666667
"291","BG_12_100",5.08333333333333,5,4.93333333333333,4.9
"292","BG_12_11",5,4.95,4.93333333333333,NA
"293","BG_12_12",5.06666666666667,5,4.88333333333333,NA
"294","BG_12_13",4.85,4.9,4.96666666666667,5.01666666666667
"295","BG_12_14",4.85,4.85,4.85,4.98333333333333
"296","BG_12_15",5.05,4.93333333333333,4.86666666666667,4.85
"297","BG_12_16",4.83333333333333,4.81666666666667,4.8,4.76666666666667
"298","BG_12_17",4.85,5.01666666666667,5.06666666666667,NA
"299","BG_12_18",4.86666666666667,4.88333333333333,4.88333333333333,NA
"300","BG_12_19",5.05,5,4.96666666666667,NA
"301","BG_12_2",5.06666666666667,5.05,4.98333333333333,4.93333333333333
"302","BG_12_20",5.01666666666667,4.93333333333333,4.88333333333333,4.86666666666667
"303","BG_12_21",4.85,4.83333333333333,4.88333333333333,NA
"304","BG_12_22",4.83333333333333,4.83333333333333,4.88333333333333,4.9
"305","BG_12_23",4.98333333333333,4.93333333333333,4.83333333333333,4.9
"306","BG_12_24",5.08333333333333,5.05,4.85,4.83333333333333
"307","BG_12_25",4.91666666666667,4.96666666666667,5.01666666666667,NA
"308","BG_12_26",4.76666666666667,4.78333333333333,4.8,4.85
"309","BG_12_27",5.01666666666667,5,4.95,NA
"310","BG_12_28",4.8,4.75,4.75,NA
"311","BG_12_29",4.78333333333333,4.8,4.85,4.91666666666667
"312","BG_12_3",4.85,4.83333333333333,4.86666666666667,NA
"313","BG_12_30",4.75,4.76666666666667,4.98333333333333,NA
"314","BG_12_31",4.85,4.83333333333333,4.88333333333333,4.93333333333333
"315","BG_12_32",4.86666666666667,4.83333333333333,4.86666666666667,4.98333333333333
"316","BG_12_33",5.08333333333333,5.01666666666667,4.95,4.83333333333333
"317","BG_12_34",4.96666666666667,4.95,4.91666666666667,4.85
"318","BG_12_35",4.86666666666667,4.9,4.91666666666667,NA
"319","BG_12_36",4.8,4.86666666666667,4.91666666666667,NA
"320","BG_12_37",5.06666666666667,5,4.83333333333333,NA
"321","BG_12_38",4.98333333333333,4.85,4.83333333333333,4.83333333333333
"322","BG_12_39",4.86666666666667,4.88333333333333,4.88333333333333,4.96666666666667
"323","BG_12_4",4.83333333333333,4.88333333333333,4.96666666666667,NA
"324","BG_12_40",4.83333333333333,4.9,5,NA
"325","BG_12_41",4.95,4.91666666666667,4.88333333333333,4.88333333333333
"326","BG_12_42",4.98333333333333,4.95,4.93333333333333,4.9
"327","BG_12_43",4.91666666666667,4.98333333333333,5.03333333333333,5.08333333333333
"328","BG_12_44",4.76666666666667,5.3,5.31666666666667,4.85
"329","BG_12_45",4.93333333333333,4.9,4.76666666666667,4.75
"330","BG_12_46",4.95,4.86666666666667,4.83333333333333,4.83333333333333
"331","BG_12_47",4.85,4.88333333333333,4.88333333333333,4.9
"332","BG_12_48",4.88333333333333,4.91666666666667,4.96666666666667,5.03333333333333
"333","BG_12_49",5.08333333333333,5.05,4.9,4.83333333333333
"334","BG_12_5",4.95,4.93333333333333,4.85,NA
"335","BG_12_50",4.98333333333333,4.91666666666667,4.85,NA
"336","BG_12_51",4.96666666666667,4.93333333333333,4.9,4.88333333333333
"337","BG_12_52",5.05,5,4.98333333333333,4.88333333333333
"338","BG_12_53",4.95,4.96666666666667,5.01666666666667,5.08333333333333
"339","BG_12_54",4.86666666666667,4.88333333333333,4.96666666666667,5.05
"340","BG_12_55",4.86666666666667,4.85,4.83333333333333,4.83333333333333
"341","BG_12_56",5.05,4.96666666666667,4.95,4.85
"342","BG_12_57",4.85,4.86666666666667,5,5.01666666666667
"343","BG_12_58",4.85,4.85,4.88333333333333,5
"344","BG_12_59",5.06666666666667,4.85,NA,NA
"345","BG_12_6",4.93333333333333,4.8,4.75,4.75
"346","BG_12_60",4.88333333333333,4.85,4.83333333333333,4.28333333333333
"347","BG_12_61",4.83333333333333,4.86666666666667,4.88333333333333,4.96666666666667
"348","BG_12_62",4.83333333333333,4.88333333333333,4.91666666666667,4.93333333333333
"349","BG_12_63",4.95,4.91666666666667,4.88333333333333,NA
"350","BG_12_64",5.08333333333333,5.05,4.9,NA
"351","BG_12_65",4.75,4.78333333333333,4.83333333333333,NA
"352","BG_12_66",4.85,4.9,5,NA
"353","BG_12_67",5.05,4.93333333333333,4.88333333333333,NA
"354","BG_12_68",5.08333333333333,4.93333333333333,4.9,4.88333333333333
"355","BG_12_69",4.86666666666667,4.85,4.83333333333333,NA
"356","BG_12_7",4.76666666666667,4.78333333333333,4.85,5
"357","BG_12_70",4.85,4.83333333333333,4.83333333333333,4.98333333333333
"358","BG_12_71",4.83333333333333,4.88333333333333,4.91666666666667,5.01666666666667
"359","BG_12_72",4.85,4.86666666666667,4.88333333333333,5.01666666666667
"360","BG_12_73",5.06666666666667,5.05,4.96666666666667,4.88333333333333
"361","BG_12_74",4.93333333333333,4.86666666666667,4.81666666666667,4.8
"362","BG_12_75",4.86666666666667,4.85,4.88333333333333,NA
"363","BG_12_76",4.75,4.76666666666667,4.26666666666667,4.83333333333333
"364","BG_12_77",5.08333333333333,4.98333333333333,4.96666666666667,4.88333333333333
"365","BG_12_78",4.96666666666667,4.95,4.91666666666667,4.9
"366","BG_12_79",4.85,4.85,5.01666666666667,NA
"367","BG_12_8",4.85,4.91666666666667,4.95,5.06666666666667
"368","BG_12_80",4.86666666666667,4.85,4.85,4.96666666666667
"369","BG_12_81",5.01666666666667,4.93333333333333,4.88333333333333,4.85
"370","BG_12_82",5,4.9,4.85,4.85
"371","BG_12_83",4.88333333333333,4.85,4.83333333333333,4.9
"372","BG_12_84",4.83333333333333,4.88333333333333,4.93333333333333,NA
"373","BG_12_85",5.13333333333333,5.08333333333333,5.05,4.95
"374","BG_12_86",5.08333333333333,5.01666666666667,4.88333333333333,NA
"375","BG_12_87",4.85,4.83333333333333,4.85,NA
"376","BG_12_88",4.26666666666667,4.85,NA,NA
"377","BG_12_89",4.96666666666667,4.93333333333333,4.88333333333333,4.8
"378","BG_12_9",5.06666666666667,4.95,4.93333333333333,4.85
"379","BG_12_90",5.08333333333333,4.96666666666667,4.91666666666667,4.9
"380","BG_12_91",4.98333333333333,4.86666666666667,NA,NA
"381","BG_12_92",5.06666666666667,4.91666666666667,4.88333333333333,4.86666666666667
"382","BG_12_93",4.85,4.83333333333333,4.85,4.86666666666667
"383","BG_12_94",4.85,4.85,4.86666666666667,4.93333333333333
"384","BG_12_95",5.08333333333333,5.06666666666667,4.95,4.88333333333333
"385","BG_12_96",5.11666666666667,4.98333333333333,4.95,4.9
"386","BG_12_97",4.83333333333333,4.88333333333333,4.88333333333333,4.98333333333333
"387","BG_12_98",4.88333333333333,4.85,4.85,4.9
"388","BG_12_99",5.06666666666667,5,4.95,4.93333333333333
"389","BG_13_1",5.08333333333333,5.06666666666667,5.05,5.01666666666667
"390","BG_13_10",5.01666666666667,4.98333333333333,4.93333333333333,4.91666666666667
"391","BG_13_100",5,4.96666666666667,4.93333333333333,4.88333333333333
"392","BG_13_11",4.98333333333333,4.95,4.9,NA
"393","BG_13_12",5.06666666666667,5.05,4.95,4.9
"394","BG_13_13",4.61666666666667,4.1,4.58333333333333,4.58333333333333
"395","BG_13_14",4.61666666666667,4.61666666666667,4.58333333333333,4.58333333333333
"396","BG_13_15",4.95,4.85,4.66666666666667,4.65
"397","BG_13_16",4.86666666666667,4.76666666666667,4.68333333333333,4.65
"398","BG_13_17",4.88333333333333,4.83333333333333,4.83333333333333,4.85
"399","BG_13_18",4.86666666666667,4.85,4.85,4.85
"400","BG_13_19",5.08333333333333,4.95,4.88333333333333,NA
"401","BG_13_2",5.08333333333333,5.01666666666667,5,4.9
"402","BG_13_20",5.05,5,4.98333333333333,4.9
"403","BG_13_21",4.83333333333333,4.83333333333333,4.85,4.86666666666667
"404","BG_13_22",4.85,4.83333333333333,4.83333333333333,4.85
"405","BG_13_23",4.98333333333333,4.95,4.93333333333333,4.88333333333333
"406","BG_13_24",5.06666666666667,5,4.96666666666667,4.88333333333333
"407","BG_13_25",4.85,4.83333333333333,4.83333333333333,4.85
"408","BG_13_26",4.85,4.83333333333333,4.83333333333333,4.83333333333333
"409","BG_13_27",4.95,5.45,4.86666666666667,4.8
"410","BG_13_28",5.05,5.45,4.85,4.81666666666667
"411","BG_13_29",4.86666666666667,4.86666666666667,4.91666666666667,NA
"412","BG_13_3",4.58333333333333,4.58333333333333,4.58333333333333,4.58333333333333
"413","BG_13_30",4.86666666666667,4.86666666666667,4.88333333333333,4.9
"414","BG_13_31",4.88333333333333,4.85,4.85,4.85
"415","BG_13_32",4.85,4.85,4.83333333333333,4.88333333333333
"416","BG_13_33",5.08333333333333,4.96666666666667,4.95,4.93333333333333
"417","BG_13_34",5.08333333333333,5.06666666666667,4.96666666666667,4.93333333333333
"418","BG_13_35",4.85,4.85,4.83333333333333,4.83333333333333
"419","BG_13_36",4.86666666666667,4.85,4.85,4.83333333333333
"420","BG_13_37",5.05,5.36666666666667,4.8,4.78333333333333
"421","BG_13_38",5,4.95,4.85,NA
"422","BG_13_4",4.61666666666667,4.58333333333333,4.58333333333333,4.58333333333333
"423","BG_13_40",4.85,4.86666666666667,4.86666666666667,4.88333333333333
"424","BG_13_41",4.85,4.86666666666667,4.88333333333333,NA
"425","BG_13_42",4.86666666666667,4.88333333333333,4.9,NA
"426","BG_13_43",4.85,4.86666666666667,4.88333333333333,4.88333333333333
"427","BG_13_44",4.85,4.86666666666667,4.86666666666667,4.88333333333333
"428","BG_13_45",5.08333333333333,5.05,4.86666666666667,NA
"429","BG_13_46",4.85,4.85,4.9,NA
"430","BG_13_47",4.85,4.83333333333333,4.85,4.86666666666667
"431","BG_13_48",4.85,4.85,4.86666666666667,4.86666666666667
"432","BG_13_49",4.86666666666667,4.86666666666667,4.9,4.93333333333333
"433","BG_13_5",4.76666666666667,4.7,4.66666666666667,4.65
"434","BG_13_50",4.85,4.85,4.86666666666667,4.9
"435","BG_13_51",4.86666666666667,4.88333333333333,4.91666666666667,NA
"436","BG_13_52",4.86666666666667,4.88333333333333,4.9,4.9
"437","BG_13_53",4.86666666666667,4.88333333333333,4.9,NA
"438","BG_13_54",4.61666666666667,4.63333333333333,4.65,NA
"439","BG_13_55",5.1,5.06666666666667,5,4.95
"440","BG_13_56",5.08333333333333,5.05,4.96666666666667,4.93333333333333
"441","BG_13_57",4.85,4.83333333333333,4.83333333333333,4.85
"442","BG_13_58",4.85,4.83333333333333,4.83333333333333,4.86666666666667
"443","BG_13_59",4.86666666666667,4.86666666666667,4.88333333333333,NA
"444","BG_13_6",5,5.45,4.66666666666667,4.65
"445","BG_13_60",4.86666666666667,4.86666666666667,4.88333333333333,4.88333333333333
"446","BG_13_61",4.85,4.83333333333333,4.85,4.85
"447","BG_13_62",4.85,4.83333333333333,4.83333333333333,4.85
"448","BG_13_63",5.06666666666667,5.05,4.93333333333333,4.88333333333333
"449","BG_13_64",5,4.96666666666667,4.93333333333333,4.88333333333333
"450","BG_13_65",4.83333333333333,4.83333333333333,4.85,4.86666666666667
"451","BG_13_66",5.01666666666667,5,4.98333333333333,4.96666666666667
"452","BG_13_67",4.7,4.66666666666667,4.65,4.6
"453","BG_13_68",4.71666666666667,4.7,4.66666666666667,4.66666666666667
"454","BG_13_7",4.88333333333333,4.83333333333333,4.83333333333333,4.83333333333333
"455","BG_13_70",4.86666666666667,4.86666666666667,4.88333333333333,NA
"456","BG_13_71",4.83333333333333,4.83333333333333,4.85,4.86666666666667
"457","BG_13_72",4.85,4.83333333333333,4.85,4.88333333333333
"458","BG_13_73",5,4.95,4.93333333333333,4.9
"459","BG_13_74",5.08333333333333,5.06666666666667,4.95,4.9
"460","BG_13_75",4.83333333333333,4.83333333333333,4.86666666666667,4.9
"461","BG_13_76",4.85,4.85,4.85,4.86666666666667
"462","BG_13_77",4.93333333333333,4.93333333333333,4.91666666666667,4.85
"463","BG_13_78",4.95,4.93333333333333,4.9,4.86666666666667
"464","BG_13_79",4.85,4.85,4.86666666666667,4.86666666666667
"465","BG_13_8",4.88333333333333,4.86666666666667,4.83333333333333,4.83333333333333
"466","BG_13_80",4.85,4.85,4.86666666666667,4.86666666666667
"467","BG_13_81",5.08333333333333,4.98333333333333,4.93333333333333,4.88333333333333
"468","BG_13_82",5.05,4.98333333333333,4.93333333333333,4.93333333333333
"469","BG_13_83",4.85,4.85,4.86666666666667,4.88333333333333
"470","BG_13_84",4.85,4.83333333333333,4.83333333333333,4.86666666666667
"471","BG_13_85",5.01666666666667,4.96666666666667,4.93333333333333,4.9
"472","BG_13_86",5.05,4.98333333333333,4.93333333333333,4.9
"473","BG_13_87",4.86666666666667,4.85,4.85,4.83333333333333
"474","BG_13_88",4.85,4.85,4.83333333333333,4.83333333333333
"475","BG_13_89",5.08333333333333,5.06666666666667,5,NA
"476","BG_13_9",5.1,5.08333333333333,5.06666666666667,4.93333333333333
"477","BG_13_90",5.06666666666667,5,4.95,4.9
"478","BG_13_91",5.06666666666667,5.05,5,4.96666666666667
"479","BG_13_92",5.08333333333333,4.95,4.88333333333333,4.88333333333333
"480","BG_13_93",4.85,4.83333333333333,4.83333333333333,NA
"481","BG_13_94",4.85,4.83333333333333,4.85,4.88333333333333
"482","BG_13_95",5.05,4.96666666666667,4.9,4.88333333333333
"483","BG_13_96",5.01666666666667,4.96666666666667,4.93333333333333,4.9
"484","BG_13_97",4.86666666666667,4.85,4.83333333333333,4.83333333333333
"485","BG_13_98",4.85,4.83333333333333,4.83333333333333,4.83333333333333
"486","BG_13_99",5.05,5.01666666666667,4.98333333333333,4.95
"487","BG_14_1",4.9,4.86666666666667,4.85,4.83333333333333
"488","BG_14_10",4.6,4.6,4.66666666666667,NA
"489","BG_14_100",4.85,4.86666666666667,4.86666666666667,5
"490","BG_14_11",4.85,4.83333333333333,4.83333333333333,4.83333333333333
"491","BG_14_12",4.86666666666667,4.85,4.83333333333333,4.83333333333333
"492","BG_14_13",4.86666666666667,4.91666666666667,5,5.05
"493","BG_14_14",4.86666666666667,4.9,4.91666666666667,4.95
"494","BG_14_15",4.9,4.88333333333333,4.88333333333333,4.85
"495","BG_14_16",4.83333333333333,4.83333333333333,4.83333333333333,4.83333333333333
"496","BG_14_17",4.88333333333333,4.9,4.9,5.01666666666667
"497","BG_14_18",4.93333333333333,4.95,4.96666666666667,4.98333333333333
"498","BG_14_19",4.88333333333333,5,5.01666666666667,5.03333333333333
"499","BG_14_2",4.9,4.88333333333333,4.88333333333333,4.86666666666667
"500","BG_14_20",4.85,4.86666666666667,4.86666666666667,4.93333333333333
"501","BG_14_21",4.88333333333333,4.9,4.9,5
"502","BG_14_22",4.93333333333333,5,5.03333333333333,NA
"503","BG_14_23",4.88333333333333,NA,NA,NA
"504","BG_14_24",4.9,4.86666666666667,4.83333333333333,4.83333333333333
"505","BG_14_25",4.86666666666667,4.91666666666667,4.98333333333333,5.03333333333333
"506","BG_14_26",4.86666666666667,4.9,4.91666666666667,4.95
"507","BG_14_27",4.9,4.86666666666667,4.86666666666667,4.85
"508","BG_14_28",4.9,4.83333333333333,4.83333333333333,4.83333333333333
"509","BG_14_29",4.9,4.96666666666667,5.01666666666667,5.03333333333333
"510","BG_14_3",4.86666666666667,4.91666666666667,NA,NA
"511","BG_14_30",4.85,4.86666666666667,4.86666666666667,4.91666666666667
"512","BG_14_31",4.9,4.95,5,5.01666666666667
"513","BG_14_32",4.9,4.91666666666667,4.93333333333333,NA
"514","BG_14_33",4.88333333333333,4.88333333333333,4.86666666666667,4.83333333333333
"515","BG_14_34",4.88333333333333,4.88333333333333,4.83333333333333,NA
"516","BG_14_35",4.9,4.96666666666667,5,5.01666666666667
"517","BG_14_36",4.91666666666667,4.95,4.98333333333333,5.01666666666667
"518","BG_14_37",4.85,4.86666666666667,4.86666666666667,4.95
"519","BG_14_38",4.85,4.85,4.83333333333333,NA
"520","BG_14_39",4.91666666666667,4.93333333333333,4.98333333333333,5
"521","BG_14_4",4.86666666666667,4.91666666666667,4.95,4.98333333333333
"522","BG_14_40",4.85,4.86666666666667,4.86666666666667,NA
"523","BG_14_41",4.88333333333333,4.86666666666667,4.85,4.83333333333333
"524","BG_14_42",4.88333333333333,4.86666666666667,4.83333333333333,4.83333333333333
"525","BG_14_43",4.88333333333333,4.88333333333333,4.93333333333333,4.96666666666667
"526","BG_14_44",4.9,4.91666666666667,4.98333333333333,NA
"527","BG_14_45",4.88333333333333,4.86666666666667,4.85,4.86666666666667
"528","BG_14_46",4.88333333333333,4.83333333333333,4.86666666666667,NA
"529","BG_14_47",4.86666666666667,4.85,4.83333333333333,4.83333333333333
"530","BG_14_48",4.86666666666667,4.85,4.83333333333333,4.83333333333333
"531","BG_14_49",4.85,4.86666666666667,4.88333333333333,NA
"532","BG_14_5",5.35,5.35,5.35,5.36666666666667
"533","BG_14_50",4.85,4.96666666666667,4.98333333333333,5
"534","BG_14_51",4.88333333333333,4.88333333333333,4.85,4.83333333333333
"535","BG_14_52",4.88333333333333,4.83333333333333,4.83333333333333,4.86666666666667
"536","BG_14_53",4.88333333333333,4.93333333333333,5,5.05
"537","BG_14_54",4.9,4.95,5,5.05
"538","BG_14_55",4.86666666666667,4.83333333333333,4.88333333333333,NA
"539","BG_14_56",4.86666666666667,4.85,4.83333333333333,4.83333333333333
"540","BG_14_57",4.86666666666667,4.83333333333333,4.83333333333333,4.83333333333333
"541","BG_14_58",4.86666666666667,4.83333333333333,4.83333333333333,NA
"542","BG_14_59",4.85,4.9,4.98333333333333,5
"543","BG_14_6",4.9,4.88333333333333,4.83333333333333,4.83333333333333
"544","BG_14_60",4.96666666666667,NA,NA,NA
"545","BG_14_61",4.88333333333333,4.93333333333333,5,5.03333333333333
"546","BG_14_62",4.88333333333333,4.93333333333333,5,5.03333333333333
"547","BG_14_63",4.88333333333333,4.86666666666667,4.83333333333333,4.83333333333333
"548","BG_14_64",4.88333333333333,4.83333333333333,4.83333333333333,NA
"549","BG_14_65",4.65,4.65,4.68333333333333,4.75
"550","BG_14_66",4.88333333333333,4.93333333333333,5.01666666666667,5.03333333333333
"551","BG_14_67",4.86666666666667,4.86666666666667,4.85,4.85
"552","BG_14_68",4.86666666666667,4.83333333333333,4.83333333333333,4.83333333333333
"553","BG_14_69",4.93333333333333,4.96666666666667,NA,NA
"554","BG_14_7",4.9,4.91666666666667,5.01666666666667,5.03333333333333
"555","BG_14_70",4.85,4.9,4.95,NA
"556","BG_14_71",4.88333333333333,4.91666666666667,4.93333333333333,4.95
"557","BG_14_72",4.88333333333333,4.9,4.9,4.93333333333333
"558","BG_14_73",4.88333333333333,4.86666666666667,4.83333333333333,4.83333333333333
"559","BG_14_74",5.38333333333333,5.33333333333333,5.33333333333333,5.35
"560","BG_14_75",4.88333333333333,4.93333333333333,5,5.01666666666667
"561","BG_14_76",4.88333333333333,4.95,4.98333333333333,5.01666666666667
"562","BG_14_77",4.86666666666667,4.83333333333333,4.83333333333333,4.83333333333333
"563","BG_14_78",4.83333333333333,4.83333333333333,4.83333333333333,NA
"564","BG_14_79",4.85,4.86666666666667,4.86666666666667,4.91666666666667
"565","BG_14_8",4.9,4.95,4.98333333333333,5.03333333333333
"566","BG_14_80",4.85,4.86666666666667,4.88333333333333,4.91666666666667
"567","BG_14_81",4.9,4.88333333333333,4.88333333333333,4.86666666666667
"568","BG_14_82",4.9,4.88333333333333,4.83333333333333,4.83333333333333
"569","BG_14_83",4.93333333333333,4.98333333333333,5,NA
"570","BG_14_84",4.9,4.91666666666667,4.95,4.98333333333333
"571","BG_14_85",4.9,4.88333333333333,4.86666666666667,NA
"572","BG_14_86",4.9,4.85,4.83333333333333,4.83333333333333
"573","BG_14_87",4.88333333333333,4.86666666666667,4.83333333333333,4.83333333333333
"574","BG_14_88",4.88333333333333,4.83333333333333,4.83333333333333,NA
"575","BG_14_89",4.85,4.86666666666667,4.9,NA
"576","BG_14_9",4.88333333333333,4.9,4.98333333333333,5.03333333333333
"577","BG_14_90",4.88333333333333,4.9,4.93333333333333,NA
"578","BG_14_91",4.68333333333333,4.76666666666667,4.81666666666667,NA
"579","BG_14_92",4.88333333333333,4.88333333333333,4.83333333333333,4.85
"580","BG_14_93",4.88333333333333,4.93333333333333,4.98333333333333,5
"581","BG_14_94",4.88333333333333,4.95,4.98333333333333,5.01666666666667
"582","BG_14_95",4.88333333333333,4.86666666666667,4.83333333333333,4.85
"583","BG_14_96",4.85,4.85,4.83333333333333,NA
"584","BG_14_97",4.88333333333333,4.85,4.83333333333333,4.83333333333333
"585","BG_14_98",4.85,4.85,4.85,4.85
"586","BG_14_99",4.86666666666667,4.9,4.93333333333333,5.01666666666667
"587","BG_15_1",5.03333333333333,5.08333333333333,5.1,NA
"588","BG_15_10",4.93333333333333,4.83333333333333,4.9,4.98333333333333
"589","BG_15_100",4.95,4.96666666666667,5.08333333333333,5.1
"590","BG_15_11",4.91666666666667,4.96666666666667,5.08333333333333,5.1
"591","BG_15_12",4.95,4.98333333333333,5,5.01666666666667
"592","BG_15_13",4.95,4.96666666666667,5,5.05
"593","BG_15_14",5,5.01666666666667,5.05,5.06666666666667
"594","BG_15_15",5.2,5.06666666666667,4.9,4.86666666666667
"595","BG_15_16",5.15,5.11666666666667,5.01666666666667,4.86666666666667
"596","BG_15_17",4.88333333333333,4.93333333333333,4.96666666666667,5
"597","BG_15_18",4.88333333333333,4.9,4.95,5.08333333333333
"598","BG_15_19",5,4.88333333333333,4.86666666666667,5.08333333333333
"599","BG_15_2",4.93333333333333,5,5.08333333333333,NA
"600","BG_15_20",5.01666666666667,4.86666666666667,4.85,4.88333333333333
"601","BG_15_21",4.93333333333333,4.95,4.96666666666667,5.1
"602","BG_15_22",5,5.06666666666667,5.08333333333333,NA
"603","BG_15_23",5.18333333333333,5.13333333333333,5.05,4.86666666666667
"604","BG_15_24",5.03333333333333,4.95,4.9,4.9
"605","BG_15_26",4.98333333333333,5,5.08333333333333,5.1
"606","BG_15_27",5.05,5.01666666666667,4.98333333333333,4.9
"607","BG_15_28",5.15,5.11666666666667,4.98333333333333,4.9
"608","BG_15_29",4.93333333333333,5.05,NA,NA
"609","BG_15_3",4.93333333333333,4.95,4.96666666666667,5.08333333333333
"610","BG_15_30",4.83333333333333,4.95,5.08333333333333,NA
"611","BG_15_31",5.41666666666667,5.45,5.46666666666667,5.5
"612","BG_15_32",5.41666666666667,5.43333333333333,5.45,5.5
"613","BG_15_33",5.23333333333333,5.03333333333333,4.98333333333333,4.86666666666667
"614","BG_15_34",5.18333333333333,5.13333333333333,5.05,4.96666666666667
"615","BG_15_35",4.95,4.98333333333333,5,5.1
"616","BG_15_36",4.96666666666667,4.98333333333333,5,5.06666666666667
"617","BG_15_37",5.11666666666667,4.96666666666667,4.91666666666667,4.88333333333333
"618","BG_15_38",5.15,5.01666666666667,4.95,4.88333333333333
"619","BG_15_39",4.83333333333333,4.95,4.96666666666667,5.01666666666667
"620","BG_15_4",4.91666666666667,4.93333333333333,4.98333333333333,5.01666666666667
"621","BG_15_40",4.83333333333333,4.85,4.96666666666667,5.08333333333333
"622","BG_15_41",5.2,5.06666666666667,4.9,4.9
"623","BG_15_42",5.2,4.95,4.91666666666667,4.9
"624","BG_15_43",4.91666666666667,5,5.08333333333333,5.1
"625","BG_15_44",4.91666666666667,4.96666666666667,5.01666666666667,5.08333333333333
"626","BG_15_45",5.23333333333333,5.11666666666667,4.95,4.91666666666667
"627","BG_15_46",5.18333333333333,5.01666666666667,4.91666666666667,4.9
"628","BG_15_47",4.85,4.85,4.91666666666667,4.98333333333333
"629","BG_15_48",4.96666666666667,5,5.05,5.06666666666667
"630","BG_15_49",5.2,5.06666666666667,5.05,4.98333333333333
"631","BG_15_5",5.05,4.98333333333333,4.96666666666667,4.88333333333333
"632","BG_15_50",5.18333333333333,4.91666666666667,4.9,4.9
"633","BG_15_51",5.11666666666667,5.05,4.98333333333333,4.96666666666667
"634","BG_15_52",5.23333333333333,5.18333333333333,5.13333333333333,4.9
"635","BG_15_53",4.9,4.91666666666667,5,5.1
"636","BG_15_54",4.85,4.86666666666667,4.9,4.93333333333333
"637","BG_15_55",5.06666666666667,4.96666666666667,4.9,4.88333333333333
"638","BG_15_56",5.23333333333333,5.11666666666667,4.98333333333333,4.96666666666667
"639","BG_15_57",4.83333333333333,4.83333333333333,4.85,4.85
"640","BG_15_58",4.91666666666667,4.96666666666667,5,5.01666666666667
"641","BG_15_59",5.23333333333333,5.15,5.13333333333333,5.11666666666667
"642","BG_15_6",5.23333333333333,5.13333333333333,5.06666666666667,4.96666666666667
"643","BG_15_60",5.18333333333333,5.03333333333333,5.01666666666667,4.88333333333333
"644","BG_15_61",4.9,5.1,NA,NA
"645","BG_15_62",4.83333333333333,4.86666666666667,4.86666666666667,4.93333333333333
"646","BG_15_63",5.2,5.15,5.03333333333333,4.86666666666667
"647","BG_15_64",5.15,5.13333333333333,5.05,4.96666666666667
"648","BG_15_65",4.83333333333333,5.35,5.35,4.86666666666667
"649","BG_15_66",4.83333333333333,4.9,4.95,5.08333333333333
"650","BG_15_67",5.23333333333333,5.01666666666667,4.91666666666667,4.9
"651","BG_15_68",5.05,5.03333333333333,4.91666666666667,NA
"652","BG_15_69",4.83333333333333,4.83333333333333,4.85,5.05
"653","BG_15_7",4.9,4.96666666666667,5.03333333333333,5.1
"654","BG_15_70",4.83333333333333,4.86666666666667,4.9,5.1
"655","BG_15_71",4.85,4.86666666666667,4.93333333333333,5.01666666666667
"656","BG_15_72",4.83333333333333,4.86666666666667,4.93333333333333,5.06666666666667
"657","BG_15_73",5.23333333333333,5.13333333333333,4.96666666666667,4.9
"658","BG_15_74",5.06666666666667,5.03333333333333,4.95,4.9
"659","BG_15_75",4.83333333333333,4.83333333333333,5.33333333333333,4.83333333333333
"660","BG_15_77",5.18333333333333,5.15,5.06666666666667,4.9
"661","BG_15_78",5.23333333333333,5.13333333333333,5.01666666666667,4.9
"662","BG_15_79",4.85,4.91666666666667,5.05,5.1
"663","BG_15_8",4.93333333333333,4.83333333333333,4.93333333333333,5.03333333333333
"664","BG_15_80",4.83333333333333,4.83333333333333,4.85,4.86666666666667
"665","BG_15_81",4.86666666666667,5.05,5.1,NA
"666","BG_15_82",4.85,4.86666666666667,4.95,5.05
"667","BG_15_83",4.86666666666667,4.98333333333333,5.01666666666667,NA
"668","BG_15_84",4.96666666666667,4.9,4.85,NA
"669","BG_15_85",5.23333333333333,5.15,5.11666666666667,4.91666666666667
"670","BG_15_86",5.05,5.03333333333333,4.96666666666667,4.86666666666667
"671","BG_15_87",4.83333333333333,5.33333333333333,4.85,5.35
"672","BG_15_88",4.86666666666667,4.9,4.95,4.96666666666667
"673","BG_15_89",4.96666666666667,4.98333333333333,5,5.08333333333333
"674","BG_15_9",4.96666666666667,4.9,4.83333333333333,5.1
"675","BG_15_90",4.96666666666667,5,5.06666666666667,5.08333333333333
"676","BG_15_91",4.83333333333333,4.85,4.98333333333333,5.05
"677","BG_15_92",4.83333333333333,4.86666666666667,5.01666666666667,5.06666666666667
"678","BG_15_93",4.85,4.86666666666667,4.95,5.08333333333333
"679","BG_15_94",4.83333333333333,4.85,4.85,5.06666666666667
"680","BG_15_95",5.06666666666667,5.03333333333333,4.9,4.88333333333333
"681","BG_15_96",4.93333333333333,4.85,4.8,4.78333333333333
"682","BG_15_97",4.86666666666667,4.95,5.06666666666667,5.08333333333333
"683","BG_15_98",4.93333333333333,4.95,4.98333333333333,NA
"684","BG_15_99",4.93333333333333,5,5.01666666666667,5.05
"685","BG_16_1",5.26666666666667,5.41666666666667,5.43333333333333,NA
"686","BG_16_10",5.23333333333333,5.18333333333333,5.2,5.2
"687","BG_16_100",5.23333333333333,5.26666666666667,5.35,5.38333333333333
"688","BG_16_11",5.41666666666667,5.43333333333333,NA,NA
"689","BG_16_13",5.2,NA,NA,NA
"690","BG_16_15",5.28333333333333,5.23333333333333,5.16666666666667,5.16666666666667
"691","BG_16_16",5.25,5.23333333333333,5.16666666666667,5.16666666666667
"692","BG_16_17",5.4,5.16666666666667,5.2,5.25
"693","BG_16_18",5.35,5.25,NA,NA
"694","BG_16_19",5.25,5.21666666666667,5.18333333333333,5.16666666666667
"695","BG_16_20",5.25,5.23333333333333,5.16666666666667,5.16666666666667
"696","BG_16_21",5.18333333333333,5.23333333333333,NA,NA
"697","BG_16_22",5.2,NA,NA,NA
"698","BG_16_23",5.25,5.23333333333333,5.18333333333333,5.16666666666667
"699","BG_16_24",5.2,5.35,NA,NA
"700","BG_16_25",5.4,5.23333333333333,5.21666666666667,5.18333333333333
"701","BG_16_26",5.43333333333333,5.33333333333333,5.18333333333333,NA
"702","BG_16_27",5.21666666666667,5.16666666666667,5.26666666666667,5.33333333333333
"703","BG_16_28",5.28333333333333,5.25,5.23333333333333,5.25
"704","BG_16_29",5.28333333333333,5.23333333333333,5.21666666666667,NA
"705","BG_16_3",5.25,NA,NA,NA
"706","BG_16_30",5.36666666666667,5.23333333333333,5.23333333333333,NA
"707","BG_16_31",5.18333333333333,5.25,NA,NA
"708","BG_16_32",5.18333333333333,5.2,NA,NA
"709","BG_16_33",5.23333333333333,5.2,5.23333333333333,5.38333333333333
"710","BG_16_34",5.23333333333333,5.18333333333333,5.16666666666667,NA
"711","BG_16_35",5.31666666666667,5.18333333333333,5.21666666666667,NA
"712","BG_16_36",5.28333333333333,5.18333333333333,5.16666666666667,NA
"713","BG_16_37",5.2,5.3,5.38333333333333,5.41666666666667
"714","BG_16_38",5.25,5.16666666666667,5.43333333333333,NA
"715","BG_16_39",5.3,5.21666666666667,5.18333333333333,5.18333333333333
"716","BG_16_4",5.18333333333333,NA,NA,NA
"717","BG_16_40",5.25,5.2,5.2,NA
"718","BG_16_41",5.2,5.18333333333333,5.16666666666667,5.16666666666667
"719","BG_16_42",5.16666666666667,5.18333333333333,5.2,NA
"720","BG_16_43",5.16666666666667,NA,NA,NA
"721","BG_16_44",5.38333333333333,5.28333333333333,5.18333333333333,NA
"722","BG_16_45",5.28333333333333,5.2,5.2,NA
"723","BG_16_46",5.28333333333333,5.18333333333333,5.16666666666667,NA
"724","BG_16_47",5.2,5.18333333333333,5.18333333333333,NA
"725","BG_16_48",5.18333333333333,5.18333333333333,5.18333333333333,NA
"726","BG_16_49",5.25,5.16666666666667,5.16666666666667,5.18333333333333
"727","BG_16_5",5.23333333333333,5.2,5.16666666666667,5.16666666666667
"728","BG_16_50",5.23333333333333,5.18333333333333,5.16666666666667,5.16666666666667
"729","BG_16_51",5.18333333333333,5.16666666666667,5.16666666666667,5.2
"730","BG_16_52",5.23333333333333,5.23333333333333,5.18333333333333,5.16666666666667
"731","BG_16_53",5.21666666666667,5.18333333333333,5.16666666666667,NA
"732","BG_16_54",5.23333333333333,5.16666666666667,NA,NA
"733","BG_16_55",5.21666666666667,5.16666666666667,5.18333333333333,NA
"734","BG_16_56",5.28333333333333,5.25,5.16666666666667,5.16666666666667
"735","BG_16_57",5.18333333333333,5.25,NA,NA
"736","BG_16_58",5.21666666666667,5.16666666666667,5.2,NA
"737","BG_16_59",5.23333333333333,5.21666666666667,5.2,5.18333333333333
"738","BG_16_6",5.23333333333333,5.21666666666667,5.18333333333333,5.16666666666667
"739","BG_16_60",5.23333333333333,5.3,5.31666666666667,5.41666666666667
"740","BG_16_61",5.18333333333333,5.25,NA,NA
"741","BG_16_62",5.18333333333333,5.2,5.25,NA
"742","BG_16_63",5.16666666666667,5.31666666666667,5.38333333333333,5.41666666666667
"743","BG_16_64",5.16666666666667,5.43333333333333,NA,NA
"744","BG_16_65",5.18333333333333,NA,NA,NA
"745","BG_16_67",5.16666666666667,5.16666666666667,5.18333333333333,NA
"746","BG_16_68",5.28333333333333,5.16666666666667,5.16666666666667,NA
"747","BG_16_7",5.38333333333333,5.23333333333333,5.18333333333333,NA
"748","BG_16_70",5.18333333333333,5.18333333333333,5.21666666666667,5.26666666666667
"749","BG_16_71",5.18333333333333,5.26666666666667,NA,NA
"750","BG_16_72",5.2,5.26666666666667,NA,NA
"751","BG_16_73",5.23333333333333,5.16666666666667,5.16666666666667,5.43333333333333
"752","BG_16_74",5.18333333333333,5.25,5.4,NA
"753","BG_16_75",5.4,5.18333333333333,5.23333333333333,NA
"754","BG_16_76",5.43333333333333,5.31666666666667,NA,NA
"755","BG_16_77",5.23333333333333,5.16666666666667,5.16666666666667,5.16666666666667
"756","BG_16_78",5.25,5.23333333333333,5.16666666666667,5.16666666666667
"757","BG_16_79",5.2,5.21666666666667,NA,NA
"758","BG_16_8",5.28333333333333,NA,NA,NA
"759","BG_16_80",5.25,5.26666666666667,NA,NA
"760","BG_16_81",5.23333333333333,5.21666666666667,5.2,5.16666666666667
"761","BG_16_82",5.23333333333333,5.16666666666667,5.16666666666667,5.16666666666667
"762","BG_16_83",5.18333333333333,5.26666666666667,NA,NA
"763","BG_16_84",5.16666666666667,5.25,NA,NA
"764","BG_16_85",5.16666666666667,5.16666666666667,5.18333333333333,5.18333333333333
"765","BG_16_86",5.28333333333333,5.25,5.16666666666667,NA
"766","BG_16_88",5.2,5.26666666666667,NA,NA
"767","BG_16_89",5.26666666666667,5.35,5.38333333333333,5.4
"768","BG_16_9",5.23333333333333,5.21666666666667,5.16666666666667,5.16666666666667
"769","BG_16_90",5.23333333333333,5.33333333333333,5.4,5.43333333333333
"770","BG_16_91",5.23333333333333,5.2,5.18333333333333,5.16666666666667
"771","BG_16_92",5.23333333333333,5.2,5.16666666666667,5.16666666666667
"772","BG_16_93",5.2,5.2,5.21666666666667,5.26666666666667
"773","BG_16_95",5.23333333333333,5.2,5.18333333333333,5.16666666666667
"774","BG_16_96",5.21666666666667,5.16666666666667,5.16666666666667,5.2
"775","BG_16_97",5.18333333333333,5.21666666666667,NA,NA
"776","BG_16_98",5.18333333333333,5.2,5.21666666666667,5.23333333333333
"777","BG_17_1",5.31666666666667,5.3,5.28333333333333,5.28333333333333
"778","BG_17_10",5.28333333333333,5.23333333333333,5.16666666666667,5.18333333333333
"779","BG_17_100",5.2,5.23333333333333,5.31666666666667,5.38333333333333
"780","BG_17_11",5.25,5.2,5.18333333333333,5.16666666666667
"781","BG_17_12",5.31666666666667,5.25,5.23333333333333,5.16666666666667
"782","BG_17_13",5.23333333333333,5.25,5.3,5.4
"783","BG_17_14",5.3,5.31666666666667,5.33333333333333,5.35
"784","BG_17_15",5.28333333333333,5.23333333333333,5.23333333333333,5.18333333333333
"785","BG_17_16",5.23333333333333,5.21666666666667,5.16666666666667,5.16666666666667
"786","BG_17_17",5.2,5.3,5.33333333333333,NA
"787","BG_17_18",5.3,5.35,5.4,NA
"788","BG_17_19",5.31666666666667,5.25,5.23333333333333,5.16666666666667
"789","BG_17_2",5.28333333333333,5.18333333333333,5.18333333333333,5.2
"790","BG_17_20",5.6,5.23333333333333,5.18333333333333,5.18333333333333
"791","BG_17_22",5.51666666666667,5.4,5.2,NA
"792","BG_17_23",5.31666666666667,5.23333333333333,5.23333333333333,5.21666666666667
"793","BG_17_24",5.28333333333333,5.23333333333333,5.21666666666667,5.16666666666667
"794","BG_17_26",5.23333333333333,5.3,NA,NA
"795","BG_17_27",5.31666666666667,5.23333333333333,5.2,5.16666666666667
"796","BG_17_28",5.23333333333333,5.16666666666667,5.2,5.35
"797","BG_17_29",5.23333333333333,5.26666666666667,NA,NA
"798","BG_17_3",5.26666666666667,5.33333333333333,5.35,NA
"799","BG_17_30",5.16666666666667,NA,NA,NA
"800","BG_17_31",5.51666666666667,5.4,NA,NA
"801","BG_17_32",5.43333333333333,5.2,5.18333333333333,NA
"802","BG_17_33",5.31666666666667,5.28333333333333,5.25,5.23333333333333
"803","BG_17_34",5.28333333333333,5.23333333333333,5.23333333333333,5.18333333333333
"804","BG_17_35",5.25,5.26666666666667,5.43333333333333,NA
"805","BG_17_36",5.33333333333333,5.35,5.43333333333333,NA
"806","BG_17_37",5.25,5.23333333333333,5.21666666666667,5.18333333333333
"807","BG_17_38",5.28333333333333,5.23333333333333,5.16666666666667,5.2
"808","BG_17_39",5.16666666666667,5.16666666666667,5.2,NA
"809","BG_17_4",5.38333333333333,5.4,5.41666666666667,5.43333333333333
"810","BG_17_41",5.28333333333333,5.25,5.16666666666667,5.16666666666667
"811","BG_17_42",5.3,5.21666666666667,5.16666666666667,5.18333333333333
"812","BG_17_43",4.95,5.16666666666667,NA,NA
"813","BG_17_44",5.55,5.18333333333333,NA,NA
"814","BG_17_45",5.28333333333333,5.38333333333333,5.4,5.43333333333333
"815","BG_17_46",5.2,5.25,5.3,5.31666666666667
"816","BG_17_47",5.18333333333333,5.2,NA,NA
"817","BG_17_48",5.16666666666667,5.26666666666667,5.28333333333333,NA
"818","BG_17_49",5.2,5.16666666666667,5.18333333333333,5.2
"819","BG_17_5",5.3,5.23333333333333,5.16666666666667,5.16666666666667
"820","BG_17_50",5.21666666666667,5.16666666666667,5.18333333333333,NA
"821","BG_17_51",5.23333333333333,5.23333333333333,5.16666666666667,5.16666666666667
"822","BG_17_52",5.3,5.16666666666667,5.16666666666667,5.16666666666667
"823","BG_17_53",5.46666666666667,5.38333333333333,5.33333333333333,5.16666666666667
"824","BG_17_54",5.28333333333333,5.16666666666667,NA,NA
"825","BG_17_55",5.26666666666667,5.3,5.31666666666667,5.35
"826","BG_17_56",5.2,5.23333333333333,5.25,5.31666666666667
"827","BG_17_57",5.2,5.26666666666667,5.28333333333333,NA
"828","BG_17_58",5.16666666666667,5.18333333333333,NA,NA
"829","BG_17_59",5.18333333333333,5.2,5.2,5.41666666666667
"830","BG_17_6",5.3,5.28333333333333,5.23333333333333,5.16666666666667
"831","BG_17_60",5.18333333333333,5.2,5.2,5.23333333333333
"832","BG_17_61",5.2,5.23333333333333,5.4,NA
"833","BG_17_62",5.2,5.31666666666667,5.38333333333333,5.41666666666667
"834","BG_17_63",5.28333333333333,5.25,5.23333333333333,5.21666666666667
"835","BG_17_64",5.23333333333333,5.23333333333333,5.2,5.16666666666667
"836","BG_17_65",5.23333333333333,5.25,5.26666666666667,5.28333333333333
"837","BG_17_67",5.28333333333333,5.23333333333333,5.2,5.16666666666667
"838","BG_17_68",5.25,5.21666666666667,5.16666666666667,5.16666666666667
"839","BG_17_7",5.2,5.25,5.35,5.4
"840","BG_17_71",5.35,5.33333333333333,5.2,5.18333333333333
"841","BG_17_73",5.3,5.25,5.23333333333333,5.2
"842","BG_17_74",5.21666666666667,5.2,5.16666666666667,5.18333333333333
"843","BG_17_75",5.23333333333333,5.26666666666667,5.41666666666667,5.43333333333333
"844","BG_17_76",5.21666666666667,5.16666666666667,5.18333333333333,NA
"845","BG_17_77",5.23333333333333,5.16666666666667,5.35,5.38333333333333
"846","BG_17_78",5.3,5.23333333333333,5.16666666666667,5.16666666666667
"847","BG_17_79",5.18333333333333,5.2,5.26666666666667,5.28333333333333
"848","BG_17_8",5.2,5.23333333333333,5.3,5.43333333333333
"849","BG_17_80",5.16666666666667,NA,NA,NA
"850","BG_17_81",5.21666666666667,5.18333333333333,NA,NA
"851","BG_17_82",5.23333333333333,5.26666666666667,5.4,5.41666666666667
"852","BG_17_83",5.2,5.16666666666667,5.2,NA
"853","BG_17_84",5.43333333333333,5.23333333333333,NA,NA
"854","BG_17_85",5.2,5.35,5.4,5.41666666666667
"855","BG_17_86",5.81666666666667,5.91666666666667,NA,NA
"856","BG_17_87",5.16666666666667,5.21666666666667,5.28333333333333,NA
"857","BG_17_88",5.21666666666667,5.23333333333333,NA,NA
"858","BG_17_89",5.25,5.26666666666667,5.31666666666667,5.4
"859","BG_17_9",5.31666666666667,5.23333333333333,5.18333333333333,5.16666666666667
"860","BG_17_90",5.2,5.2,5.33333333333333,NA
"861","BG_17_91",5.2,5.31666666666667,5.41666666666667,5.43333333333333
"862","BG_17_92",5.2,5.7,5.21666666666667,5.71666666666667
"863","BG_17_93",5.4,5.18333333333333,5.2,NA
"864","BG_17_94",5.3,5.18333333333333,5.18333333333333,NA
"865","BG_17_95",5.2,5.31666666666667,5.33333333333333,5.41666666666667
"866","BG_17_96",5.23333333333333,5.28333333333333,5.3,5.43333333333333
"867","BG_17_97",5.18333333333333,5.2,5.26666666666667,NA
"868","BG_17_98",5.16666666666667,5.16666666666667,5.18333333333333,NA
"869","BG_17_99",5.2,5.4,5.41666666666667,NA
"870","BG_18_1",4.85,4.93333333333333,4.96666666666667,5.01666666666667
"871","BG_18_100",4.85,4.83333333333333,4.83333333333333,4.85
"872","BG_18_11",4.83333333333333,4.83333333333333,4.86666666666667,5.08333333333333
"873","BG_18_12",4.83333333333333,4.83333333333333,4.85,5.01666666666667
"874","BG_18_13",4.93333333333333,4.95,5.01666666666667,5.05
"875","BG_18_15",4.83333333333333,4.83333333333333,4.86666666666667,4.95
"876","BG_18_16",4.85,4.86666666666667,NA,NA
"877","BG_18_17",5.06666666666667,5.08333333333333,5.1,NA
"878","BG_18_18",4.91666666666667,4.93333333333333,5.05,5.1
"879","BG_18_19",4.98333333333333,5.01666666666667,5.1,NA
"880","BG_18_2",4.83333333333333,4.86666666666667,4.93333333333333,5.11666666666667
"881","BG_18_20",4.85,4.83333333333333,4.85,4.86666666666667
"882","BG_18_21",4.83333333333333,4.85,4.9,5.01666666666667
"883","BG_18_22",4.83333333333333,4.83333333333333,4.85,NA
"884","BG_18_23",4.85,4.83333333333333,4.83333333333333,4.85
"885","BG_18_24",4.83333333333333,4.83333333333333,4.86666666666667,4.86666666666667
"886","BG_18_25",4.91666666666667,4.95,5.1,NA
"887","BG_18_26",4.9,4.95,5.06666666666667,NA
"888","BG_18_27",4.83333333333333,4.85,4.85,4.86666666666667
"889","BG_18_28",4.85,4.83333333333333,4.85,4.96666666666667
"890","BG_18_29",4.95,4.96666666666667,5.05,5.06666666666667
"891","BG_18_3",4.9,NA,NA,NA
"892","BG_18_30",4.9,4.95,5.06666666666667,NA
"893","BG_18_31",4.83333333333333,4.83333333333333,4.86666666666667,4.9
"894","BG_18_32",4.83333333333333,4.83333333333333,4.83333333333333,NA
"895","BG_18_33",4.83333333333333,4.83333333333333,4.83333333333333,4.85
"896","BG_18_34",4.83333333333333,4.83333333333333,4.83333333333333,NA
"897","BG_18_35",4.95,5.01666666666667,5.06666666666667,NA
"898","BG_18_36",4.96666666666667,4.98333333333333,5,5.05
"899","BG_18_37",4.85,NA,NA,NA
"900","BG_18_38",4.83333333333333,4.83333333333333,4.83333333333333,4.9
"901","BG_18_39",4.91666666666667,4.93333333333333,4.95,4.98333333333333
"902","BG_18_4",4.9,4.95,4.98333333333333,5.05
"903","BG_18_41",4.83333333333333,4.85,4.91666666666667,5
"904","BG_18_42",4.85,4.86666666666667,4.91666666666667,4.95
"905","BG_18_43",4.85,5.01666666666667,NA,NA
"906","BG_18_44",4.83333333333333,4.85,4.9,4.93333333333333
"907","BG_18_45",4.85,4.83333333333333,4.86666666666667,NA
"908","BG_18_46",4.83333333333333,4.85,4.86666666666667,4.91666666666667
"909","BG_18_47",4.93333333333333,5.01666666666667,5.08333333333333,5.1
"910","BG_18_48",4.96666666666667,5,5.01666666666667,5.1
"911","BG_18_49",4.83333333333333,4.85,4.85,4.86666666666667
"912","BG_18_5",4.91666666666667,4.93333333333333,4.95,5.1
"913","BG_18_50",4.83333333333333,4.83333333333333,4.83333333333333,4.86666666666667
"914","BG_18_51",4.83333333333333,4.83333333333333,4.93333333333333,5.05
"915","BG_18_52",4.83333333333333,4.83333333333333,4.83333333333333,4.86666666666667
"916","BG_18_54",4.83333333333333,4.85,4.85,4.95
"917","BG_18_55",4.85,4.86666666666667,4.86666666666667,NA
"918","BG_18_56",4.83333333333333,4.85,4.86666666666667,4.96666666666667
"919","BG_18_57",4.95,5.05,5.06666666666667,5.1
"920","BG_18_58",4.93333333333333,4.96666666666667,4.98333333333333,5.01666666666667
"921","BG_18_59",4.83333333333333,4.83333333333333,4.85,4.86666666666667
"922","BG_18_6",4.83333333333333,4.85,4.86666666666667,4.86666666666667
"923","BG_18_60",4.83333333333333,4.85,4.86666666666667,4.86666666666667
"924","BG_18_61",4.98333333333333,5.01666666666667,5.06666666666667,5.08333333333333
"925","BG_18_62",4.91666666666667,4.93333333333333,5.06666666666667,NA
"926","BG_18_63",4.85,4.83333333333333,4.83333333333333,4.85
"927","BG_18_64",4.83333333333333,4.83333333333333,4.85,4.86666666666667
"928","BG_18_65",4.83333333333333,4.85,4.85,4.86666666666667
"929","BG_18_66",4.93333333333333,4.98333333333333,5,5.01666666666667
"930","BG_18_67",4.83333333333333,4.83333333333333,4.86666666666667,4.86666666666667
"931","BG_18_68",4.85,4.83333333333333,4.83333333333333,4.85
"932","BG_18_69",4.93333333333333,5,5.05,5.06666666666667
"933","BG_18_7",4.9,4.91666666666667,4.98333333333333,5
"934","BG_18_70",4.91666666666667,4.93333333333333,NA,NA
"935","BG_18_71",4.91666666666667,4.95,5.05,NA
"936","BG_18_72",4.96666666666667,5,5.05,NA
"937","BG_18_73",4.83333333333333,4.83333333333333,4.85,4.86666666666667
"938","BG_18_74",4.85,4.85,4.9,NA
"939","BG_18_75",4.9,4.96666666666667,5.01666666666667,5.06666666666667
"940","BG_18_76",4.9,4.95,5.06666666666667,5.1
"941","BG_18_77",4.83333333333333,4.85,4.85,4.86666666666667
"942","BG_18_78",4.83333333333333,4.83333333333333,4.85,4.86666666666667
"943","BG_18_79",4.9,4.95,5.08333333333333,5.1
"944","BG_18_8",4.9,4.95,5.01666666666667,5.05
"945","BG_18_80",4.91666666666667,4.98333333333333,5.01666666666667,5.05
"946","BG_18_81",4.83333333333333,4.83333333333333,4.86666666666667,4.86666666666667
"947","BG_18_82",4.85,4.86666666666667,4.86666666666667,4.86666666666667
"948","BG_18_83",4.91666666666667,4.96666666666667,5.01666666666667,5.08333333333333
"949","BG_18_84",4.91666666666667,4.96666666666667,4.98333333333333,5.06666666666667
"950","BG_18_85",4.83333333333333,4.83333333333333,4.83333333333333,4.85
"951","BG_18_86",4.85,4.83333333333333,4.83333333333333,4.85
"952","BG_18_87",4.88333333333333,4.9,5.4,4.9
"953","BG_18_88",4.96666666666667,4.98333333333333,5.01666666666667,5.06666666666667
"954","BG_18_89",4.85,4.83333333333333,4.83333333333333,4.86666666666667
"955","BG_18_9",4.9,4.9,NA,NA
"956","BG_18_90",4.83333333333333,4.83333333333333,4.85,4.86666666666667
"957","BG_18_91",4.83333333333333,4.83333333333333,4.83333333333333,4.86666666666667
"958","BG_18_92",4.85,4.83333333333333,4.85,4.86666666666667
"959","BG_18_93",4.91666666666667,4.95,5,5.1
"960","BG_18_94",4.93333333333333,4.95,4.96666666666667,5
"961","BG_18_95",4.83333333333333,4.83333333333333,4.83333333333333,4.83333333333333
"962","BG_18_96",4.85,4.83333333333333,5.06666666666667,NA
"963","BG_18_97",4.91666666666667,4.96666666666667,5.08333333333333,5.1
"964","BG_18_98",4.91666666666667,4.93333333333333,4.95,4.96666666666667
"965","BG_18_99",4.83333333333333,4.85,4.85,NA
"966","BG_19_10",5.68333333333333,5.66666666666667,5.56666666666667,5.56666666666667
"967","BG_19_17",5.66666666666667,5.58333333333333,5.66666666666667,NA
"968","BG_19_18",5.66666666666667,5.63333333333333,5.7,NA
"969","BG_19_19",5.85,5.83333333333333,5.56666666666667,NA
"970","BG_19_21",5.58333333333333,NA,NA,NA
"971","BG_19_22",5.88333333333333,5.65,5.6,5.76666666666667
"972","BG_19_25",5.88333333333333,5.68333333333333,5.7,5.76666666666667
"973","BG_19_26",5.95,5.63333333333333,5.68333333333333,5.78333333333333
"974","BG_19_27",5.58333333333333,5.56666666666667,NA,NA
"975","BG_19_28",5.68333333333333,5.56666666666667,5.56666666666667,5.65
"976","BG_19_29",5.63333333333333,5.58333333333333,5.66666666666667,5.71666666666667
"977","BG_19_30",5.6,5.56666666666667,5.68333333333333,5.71666666666667
"978","BG_19_31",5.66666666666667,5.63333333333333,5.7,NA
"979","BG_19_32",5.6,5.76666666666667,NA,NA
"980","BG_19_33",5.78333333333333,5.66666666666667,5.56666666666667,5.68333333333333
"981","BG_19_34",5.88333333333333,5.56666666666667,5.56666666666667,5.56666666666667
"982","BG_19_37",5.95,5.7,5.56666666666667,5.58333333333333
"983","BG_19_38",5.83333333333333,5.81666666666667,5.7,5.6
"984","BG_19_39",5.73333333333333,5.65,5.61666666666667,5.56666666666667
"985","BG_19_40",5.78333333333333,5.73333333333333,5.65,5.56666666666667
"986","BG_19_44",5.95,5.71666666666667,5.56666666666667,5.76666666666667
"987","BG_19_47",5.88333333333333,5.83333333333333,5.78333333333333,5.65
"988","BG_19_54",5.63333333333333,5.58333333333333,5.56666666666667,5.6
"989","BG_19_55",5.56666666666667,5.58333333333333,5.7,5.76666666666667
"990","BG_19_56",5.9,5.71666666666667,5.56666666666667,5.58333333333333
"991","BG_19_57",5.78333333333333,5.66666666666667,5.6,5.73333333333333
"992","BG_19_6",5.78333333333333,5.63333333333333,5.56666666666667,5.73333333333333
"993","BG_19_64",5.66666666666667,5.56666666666667,5.56666666666667,5.73333333333333
"994","BG_19_65",5.7,5.63333333333333,5.56666666666667,5.63333333333333
"995","BG_19_7",5.88333333333333,5.63333333333333,5.56666666666667,5.61666666666667
"996","BG_19_8",5.63333333333333,5.58333333333333,5.68333333333333,5.9
"997","BG_19_9",5.6,5.56666666666667,5.68333333333333,NA
"998","BG_2_1",5,5,5,5
"999","BG_2_100",5,5,5,5
"1000","BG_2_11",5,5,5,5
"1001","BG_2_12",5,5,5,NA
"1002","BG_2_13",5,5,5,5
"1003","BG_2_14",5,5,5,NA
"1004","BG_2_15",5,5,5,NA
"1005","BG_2_16",5,5,5,5
"1006","BG_2_17",5,5,5,5
"1007","BG_2_18",5,5,5,5
"1008","BG_2_19",5,5,5,5
"1009","BG_2_2",5,5,5,5
"1010","BG_2_20",5,5,5,5
"1011","BG_2_21",5,5,NA,NA
"1012","BG_2_22",5,5,5,5
"1013","BG_2_23",5,5,5,5
"1014","BG_2_24",5,5,5,5
"1015","BG_2_25",5,5,5,NA
"1016","BG_2_26",5,5,5,NA
"1017","BG_2_27",5,5,5,NA
"1018","BG_2_28",5,5,NA,NA
"1019","BG_2_29",5,5,5,5
"1020","BG_2_3",5,5,5,5
"1021","BG_2_30",5,5,5,5
"1022","BG_2_31",5,5,5,5
"1023","BG_2_32",5,5,5,NA
"1024","BG_2_33",5,5,5,5
"1025","BG_2_34",5,5,5,5
"1026","BG_2_35",5,5,5,NA
"1027","BG_2_37",5,NA,NA,NA
"1028","BG_2_38",5,5,NA,NA
"1029","BG_2_39",5,5,5,5
"1030","BG_2_4",5,5,5,5
"1031","BG_2_40",5,5,5,NA
"1032","BG_2_41",5,5,5,5
"1033","BG_2_42",5,5,5,5
"1034","BG_2_43",5,5,5,5
"1035","BG_2_44",5,5,5,5
"1036","BG_2_45",5,5,5,NA
"1037","BG_2_46",5,5,5,NA
"1038","BG_2_47",5,5,5,NA
"1039","BG_2_48",5,5,5,NA
"1040","BG_2_49",5,5,5,5
"1041","BG_2_5",5,5,5,5
"1042","BG_2_50",5,5,5,5
"1043","BG_2_51",5,5,5,5
"1044","BG_2_52",5,5,5,NA
"1045","BG_2_53",5,5,5,5
"1046","BG_2_54",5,5,5,NA
"1047","BG_2_55",5,5,5,NA
"1048","BG_2_56",5,5,NA,NA
"1049","BG_2_57",5,5,5,5
"1050","BG_2_58",5,5,5,5
"1051","BG_2_59",5,5,5,5
"1052","BG_2_6",5,5,5,5
"1053","BG_2_60",5,5,5,NA
"1054","BG_2_61",5,NA,NA,NA
"1055","BG_2_62",5,5,5,5
"1056","BG_2_63",5,5,5,5
"1057","BG_2_64",5,5,5,NA
"1058","BG_2_65",5,5,5,NA
"1059","BG_2_66",5,5,5,5
"1060","BG_2_67",5,5,5,5
"1061","BG_2_68",5,5,NA,NA
"1062","BG_2_69",5,5,5,NA
"1063","BG_2_7",5,5,5,5
"1064","BG_2_70",5,5,5,5
"1065","BG_2_71",5,5,5,NA
"1066","BG_2_72",5,5,5,5
"1067","BG_2_73",5,5,5,NA
"1068","BG_2_74",5,5,5,NA
"1069","BG_2_75",5,5,5,5
"1070","BG_2_76",5,5,5,5
"1071","BG_2_77",5,5,NA,NA
"1072","BG_2_78",5,5,5,5
"1073","BG_2_79",5,5,5,5
"1074","BG_2_8",5,5,5,5
"1075","BG_2_80",5,5,5,5
"1076","BG_2_81",5,5,5,5
"1077","BG_2_82",5,5,5,NA
"1078","BG_2_83",5,5,5,5
"1079","BG_2_84",5,5,5,5
"1080","BG_2_85",5,5,5,5
"1081","BG_2_86",5,5,5,5
"1082","BG_2_87",5,5,5,5
"1083","BG_2_88",5,5,5,5
"1084","BG_2_89",5,5,5,5
"1085","BG_2_9",5,5,5,5
"1086","BG_2_90",5,5,5,NA
"1087","BG_2_91",5,5,5,5
"1088","BG_2_92",5,5,5,5
"1089","BG_2_93",5,2,NA,NA
"1090","BG_2_94",5,5,5,NA
"1091","BG_2_95",5,5,5,NA
"1092","BG_2_96",5,5,5,NA
"1093","BG_2_97",5,5,5,5
"1094","BG_2_98",5,5,5,5
"1095","BG_2_99",5,5,5,5
"1096","BG_3_10",5,5,5,NA
"1097","BG_3_100",5,5,NA,NA
"1098","BG_3_12",5,NA,NA,NA
"1099","BG_3_13",5,5,5,NA
"1100","BG_3_14",5,5,NA,NA
"1101","BG_3_15",5,5,NA,NA
"1102","BG_3_16",5,5,5,NA
"1103","BG_3_17",5,5,5,NA
"1104","BG_3_18",5,5,5,5
"1105","BG_3_19",5,5,5,NA
"1106","BG_3_20",5,5,5,NA
"1107","BG_3_22",5,5,NA,NA
"1108","BG_3_23",5,5,NA,NA
"1109","BG_3_24",5,5,5,NA
"1110","BG_3_25",5,5,5,NA
"1111","BG_3_26",5,5,5,NA
"1112","BG_3_27",5,5,5,5
"1113","BG_3_28",5,5,5,5
"1114","BG_3_29",5,5,5,5
"1115","BG_3_30",5,5,5,NA
"1116","BG_3_32",5,5,NA,NA
"1117","BG_3_33",5,5,5,NA
"1118","BG_3_34",5,5,5,5
"1119","BG_3_35",5,5,5,5
"1120","BG_3_36",5,5,5,5
"1121","BG_3_37",5,5,5,NA
"1122","BG_3_38",5,5,5,NA
"1123","BG_3_39",5,5,5,5
"1124","BG_3_40",5,5,5,5
"1125","BG_3_42",5,5,5,5
"1126","BG_3_43",5,5,5,5
"1127","BG_3_44",5,5,5,5
"1128","BG_3_45",5,5,5,NA
"1129","BG_3_46",5,5,5,NA
"1130","BG_3_47",5,5,5,NA
"1131","BG_3_48",5,NA,NA,NA
"1132","BG_3_49",5,5,NA,NA
"1133","BG_3_50",5,5,5,NA
"1134","BG_3_52",5,5,NA,NA
"1135","BG_3_53",5,5,5,NA
"1136","BG_3_54",5,5,5,NA
"1137","BG_3_55",5,5,5,NA
"1138","BG_3_56",5,5,NA,NA
"1139","BG_3_57",5,5,5,5
"1140","BG_3_58",5,5,NA,NA
"1141","BG_3_59",5,5,5,5
"1142","BG_3_60",5,5,5,NA
"1143","BG_3_62",5,5,5,5
"1144","BG_3_63",5,5,NA,NA
"1145","BG_3_64",5,5,5,NA
"1146","BG_3_65",5,5,5,5
"1147","BG_3_66",5,5,NA,NA
"1148","BG_3_67",5,5,NA,NA
"1149","BG_3_68",5,5,5,5
"1150","BG_3_69",5,5,5,NA
"1151","BG_3_70",5,5,5,5
"1152","BG_3_72",5,5,5,5
"1153","BG_3_73",5,5,5,NA
"1154","BG_3_74",5,NA,NA,NA
"1155","BG_3_75",5,5,NA,NA
"1156","BG_3_76",5,5,NA,NA
"1157","BG_3_77",5,5,NA,NA
"1158","BG_3_78",5,5,5,5
"1159","BG_3_79",5,5,NA,NA
"1160","BG_3_80",5,5,5,5
"1161","BG_3_82",5,5,NA,NA
"1162","BG_3_83",5,5,5,NA
"1163","BG_3_84",5,5,5,5
"1164","BG_3_85",5,5,NA,NA
"1165","BG_3_86",5,5,NA,NA
"1166","BG_3_87",5,5,5,NA
"1167","BG_3_88",5,5,NA,NA
"1168","BG_3_89",5,5,5,5
"1169","BG_3_9",5,5,5,5
"1170","BG_3_90",5,5,NA,NA
"1171","BG_3_92",5,NA,NA,NA
"1172","BG_3_93",5,5,5,NA
"1173","BG_3_94",5,5,NA,NA
"1174","BG_3_95",5,5,NA,NA
"1175","BG_3_96",5,5,5,NA
"1176","BG_3_97",5,5,5,NA
"1177","BG_3_98",5,5,5,NA
"1178","BG_3_99",5,5,5,NA
"1179","BG_4_1",5,5,5,NA
"1180","BG_4_10",5,5,5,NA
"1181","BG_4_100",5,5,NA,NA
"1182","BG_4_11",5,5,5,5
"1183","BG_4_12",5,5,5,5
"1184","BG_4_13",5,5,5,5
"1185","BG_4_14",5,5,5,5
"1186","BG_4_15",5,5,5,NA
"1187","BG_4_16",5,5,5,NA
"1188","BG_4_17",5,5,5,NA
"1189","BG_4_18",5,5,5,5
"1190","BG_4_19",5,5,NA,NA
"1191","BG_4_2",5,5,5,NA
"1192","BG_4_20",5,5,5,5
"1193","BG_4_21",5,5,5,NA
"1194","BG_4_22",5,5,NA,NA
"1195","BG_4_23",5,6,5,5
"1196","BG_4_24",5,NA,NA,NA
"1197","BG_4_25",5,5,5,NA
"1198","BG_4_26",5,5,5,5
"1199","BG_4_27",5,5,5,5
"1200","BG_4_28",5,5,5,NA
"1201","BG_4_29",5,5,5,5
"1202","BG_4_3",5,5,NA,NA
"1203","BG_4_30",5,5,5,5
"1204","BG_4_31",5,5,5,NA
"1205","BG_4_32",5,5,5,NA
"1206","BG_4_33",5,5,NA,NA
"1207","BG_4_34",5,5,5,5
"1208","BG_4_35",5,5,5,NA
"1209","BG_4_36",5,5,5,NA
"1210","BG_4_37",5,5,5,5
"1211","BG_4_38",5,5,5,5
"1212","BG_4_39",5,5,5,5
"1213","BG_4_4",5,5,NA,NA
"1214","BG_4_40",5,5,5,5
"1215","BG_4_41",5,5,5,5
"1216","BG_4_42",5,5,5,5
"1217","BG_4_43",5,5,5,NA
"1218","BG_4_44",5,5,5,NA
"1219","BG_4_45",5,5,5,NA
"1220","BG_4_46",5,5,5,5
"1221","BG_4_47",5,5,5,NA
"1222","BG_4_48",5,5,5,5
"1223","BG_4_49",5,5,5,5
"1224","BG_4_5",5,5,NA,NA
"1225","BG_4_50",5,5,5,5
"1226","BG_4_51",5,5,5,NA
"1227","BG_4_52",5,5,5,5
"1228","BG_4_53",5,5,5,5
"1229","BG_4_54",5,5,5,5
"1230","BG_4_55",5,5,5,5
"1231","BG_4_56",5,5,NA,NA
"1232","BG_4_57",5,5,NA,NA
"1233","BG_4_58",5,5,5,NA
"1234","BG_4_59",5,5,5,NA
"1235","BG_4_6",5,5,5,NA
"1236","BG_4_60",5,5,5,5
"1237","BG_4_61",5,5,5,5
"1238","BG_4_62",5,4.9,4.86666666666667,4.88333333333333
"1239","BG_4_63",5,5,5,5
"1240","BG_4_64",5,5,5,NA
"1241","BG_4_65",5,5,5,NA
"1242","BG_4_66",5,5,5,5
"1243","BG_4_67",5,5,5,NA
"1244","BG_4_68",5,NA,NA,NA
"1245","BG_4_69",5,5,5,NA
"1246","BG_4_7",5,5,NA,NA
"1247","BG_4_70",5,5,5,NA
"1248","BG_4_71",5,5,5,NA
"1249","BG_4_72",5,5,5,5
"1250","BG_4_73",5,5,5,5
"1251","BG_4_74",5,5,5,NA
"1252","BG_4_75",5,5,5,5
"1253","BG_4_76",5,5,5,NA
"1254","BG_4_77",5,5,5,NA
"1255","BG_4_78",5,5,5,5
"1256","BG_4_79",5,5,5,NA
"1257","BG_4_8",5,5,NA,NA
"1258","BG_4_80",5,5,5,NA
"1259","BG_4_81",5,5,5,NA
"1260","BG_4_82",5,5,5,5
"1261","BG_4_83",5,5,NA,NA
"1262","BG_4_84",5,5,NA,NA
"1263","BG_4_85",5,5,5,5
"1264","BG_4_86",5,5,5,NA
"1265","BG_4_87",5,5,5,NA
"1266","BG_4_88",5,5,5,5
"1267","BG_4_89",5,5,5,NA
"1268","BG_4_9",5,5,NA,NA
"1269","BG_4_90",5,5,5,5
"1270","BG_4_91",5,5,NA,NA
"1271","BG_4_92",5,5,NA,NA
"1272","BG_4_93",5,5,NA,NA
"1273","BG_4_94",5,NA,NA,NA
"1274","BG_4_95",5,5,5,NA
"1275","BG_4_96",5,5,5,5
"1276","BG_4_97",5,5,4.85,4.83333333333333
"1277","BG_4_98",5,5,5,5
"1278","BG_4_99",5,5,5,5
"1279","BG_5_1",5.11666666666667,5.13333333333333,5.15,5.18333333333333
"1280","BG_5_10",5.11666666666667,5.15,5.18333333333333,5.61666666666667
"1281","BG_5_100",5.11666666666667,5.15,5.15,5.23333333333333
"1282","BG_5_11",5.11666666666667,5.18333333333333,5.2,5.28333333333333
"1283","BG_5_12",5.11666666666667,5.11666666666667,5.13333333333333,5.68333333333333
"1284","BG_5_13",5.36666666666667,5.2,5.18333333333333,5.16666666666667
"1285","BG_5_14",5.73333333333333,5.66666666666667,5.56666666666667,5.56666666666667
"1286","BG_5_15",5.11666666666667,5.15,5.18333333333333,5.18333333333333
"1287","BG_5_16",5.11666666666667,5.23333333333333,5.25,5.26666666666667
"1288","BG_5_17",5.51666666666667,5.5,5.73333333333333,5.73333333333333
"1289","BG_5_18",5.5,5.45,5.26666666666667,5.9
"1290","BG_5_19",5.11666666666667,5.11666666666667,5.11666666666667,5.2
"1291","BG_5_2",5.11666666666667,5.11666666666667,5.18333333333333,5.21666666666667
"1292","BG_5_20",5.11666666666667,5.13333333333333,5.78333333333333,5.56666666666667
"1293","BG_5_21",5.31666666666667,5.26666666666667,5.25,5.16666666666667
"1294","BG_5_22",5.51666666666667,5.5,5.35,5.33333333333333
"1295","BG_5_23",5.11666666666667,5.25,5.3,5.31666666666667
"1296","BG_5_24",5.11666666666667,5.18333333333333,5.18333333333333,5.3
"1297","BG_5_25",5.41666666666667,5.36666666666667,5.25,5.15
"1298","BG_5_26",5.21666666666667,5.85,5.85,5.71666666666667
"1299","BG_5_27",5.11666666666667,5.31666666666667,5.56666666666667,5.56666666666667
"1300","BG_5_28",5.11666666666667,5.11666666666667,5.16666666666667,5.18333333333333
"1301","BG_5_29",4.96666666666667,5.4,4.76666666666667,5.26666666666667
"1302","BG_5_3",5.41666666666667,5.4,5.21666666666667,5.56666666666667
"1303","BG_5_30",5,5.31666666666667,5.23333333333333,5.83333333333333
"1304","BG_5_31",5.96666666666667,5.93333333333333,5.9,5.86666666666667
"1305","BG_5_32",5.71666666666667,5.71666666666667,5.68333333333333,5.68333333333333
"1306","BG_5_33",5.11666666666667,5.18333333333333,5.83333333333333,5.66666666666667
"1307","BG_5_34",5.11666666666667,5.11666666666667,5.16666666666667,5.33333333333333
"1308","BG_5_35",5.01666666666667,5.46666666666667,5.33333333333333,5.91666666666667
"1309","BG_5_36",5.01666666666667,5.51666666666667,5.21666666666667,5.16666666666667
"1310","BG_5_37",5.11666666666667,5.61666666666667,5.61666666666667,5.58333333333333
"1311","BG_5_38",5.13333333333333,5.71666666666667,5.56666666666667,5.56666666666667
"1312","BG_5_39",5.45,5.41666666666667,5.78333333333333,5.78333333333333
"1313","BG_5_4",4,4,13,4
"1314","BG_5_40",5.93333333333333,5.68333333333333,5.68333333333333,5.6
"1315","BG_5_41",5.11666666666667,5.18333333333333,5.71666666666667,5.71666666666667
"1316","BG_5_42",5.11666666666667,5.13333333333333,5.21666666666667,5.23333333333333
"1317","BG_5_43",5.55,5.33333333333333,5.26666666666667,4.73333333333333
"1318","BG_5_44",5.51666666666667,5.36666666666667,5.75,5.75
"1319","BG_5_45",5.51666666666667,5.5,5.46666666666667,5.4
"1320","BG_5_46",5.26666666666667,5.63333333333333,5.58333333333333,5.58333333333333
"1321","BG_5_47",5.46666666666667,5.45,5.33333333333333,5.91666666666667
"1322","BG_5_48",5.23333333333333,5.16666666666667,5.13333333333333,5.85
"1323","BG_5_49",5.11666666666667,5.11666666666667,5.11666666666667,5.88333333333333
"1324","BG_5_5",5.11666666666667,5.11666666666667,5.15,5.21666666666667
"1325","BG_5_50",5.13333333333333,5.13333333333333,5.2,5.23333333333333
"1326","BG_5_51",5.11666666666667,5.26666666666667,5.81666666666667,5.6
"1327","BG_5_52",4.63333333333333,4.63333333333333,4.68333333333333,5.81666666666667
"1328","BG_5_53",5.81666666666667,5.58333333333333,5.68333333333333,5.78333333333333
"1329","BG_5_54",5.45,5.31666666666667,5.26666666666667,5.25
"1330","BG_5_55",5.25,5.21666666666667,5.16666666666667,5.83333333333333
"1331","BG_5_56",5.05,5.55,5.5,4.96666666666667
"1332","BG_5_57",5.46666666666667,5.45,5.4,5.36666666666667
"1333","BG_5_58",5.5,5.4,5.28333333333333,5.21666666666667
"1334","BG_5_59",5.11666666666667,5.13333333333333,5.18333333333333,5.26666666666667
"1335","BG_5_6",5.11666666666667,5.11666666666667,5.15,5.23333333333333
"1336","BG_5_60",5.11666666666667,5.11666666666667,5.13333333333333,5.13333333333333
"1337","BG_5_61",5.51666666666667,5.4,5.21666666666667,5.16666666666667
"1338","BG_5_62",5.51666666666667,5.28333333333333,5.23333333333333,5.75
"1339","BG_5_63",5.11666666666667,5.11666666666667,5.18333333333333,5.3
"1340","BG_5_64",5.11666666666667,5.11666666666667,5.13333333333333,5.85
"1341","BG_5_65",6.05,6,5.86666666666667,5.66666666666667
"1342","BG_5_66",5.16666666666667,5.16666666666667,5.83333333333333,5.6
"1343","BG_5_67",5.15,5.11666666666667,5.21666666666667,5.65
"1344","BG_5_68",5.11666666666667,5.11666666666667,5.13333333333333,5.95
"1345","BG_5_69",5.45,5.35,5.23333333333333,5.21666666666667
"1346","BG_5_7",5.51666666666667,5.33333333333333,5.16666666666667,5.58333333333333
"1347","BG_5_70",5.5,5.41666666666667,5.4,5.35
"1348","BG_5_71",5.46666666666667,5.33333333333333,5.2,5.16666666666667
"1349","BG_5_72",5.45,5.35,5.18333333333333,5.75
"1350","BG_5_73",6.15,5.11666666666667,5.61666666666667,5.18333333333333
"1351","BG_5_74",5.11666666666667,5.13333333333333,5.15,5.18333333333333
"1352","BG_5_75",5.51666666666667,5.33333333333333,5.25,5.21666666666667
"1353","BG_5_76",5.51666666666667,5.31666666666667,5.16666666666667,5.81666666666667
"1354","BG_5_77",5.11666666666667,5.11666666666667,5.15,5.15
"1355","BG_5_78",5.15,5.11666666666667,5.11666666666667,5.66666666666667
"1356","BG_5_79",5.5,5.46666666666667,5.36666666666667,5.35
"1357","BG_5_8",5.45,5.36666666666667,5.28333333333333,5.85
"1358","BG_5_80",5.4,5.31666666666667,5.76666666666667,5.76666666666667
"1359","BG_5_81",5.13333333333333,5.11666666666667,5.11666666666667,5.68333333333333
"1360","BG_5_82",5.11666666666667,5.25,5.28333333333333,5.76666666666667
"1361","BG_5_83",5.45,5.26666666666667,5.21666666666667,5.2
"1362","BG_5_84",5.81666666666667,5.78333333333333,5.78333333333333,5.58333333333333
"1363","BG_5_85",5.11666666666667,5.18333333333333,5.2,5.58333333333333
"1364","BG_5_86",4.61666666666667,4.61666666666667,4.63333333333333,4.68333333333333
"1365","BG_5_87",5.46666666666667,5.26666666666667,5.21666666666667,5.16666666666667
"1366","BG_5_88",5.51666666666667,5.5,5.46666666666667,5.63333333333333
"1367","BG_5_89",5.15,5.13333333333333,5.11666666666667,5.15
"1368","BG_5_9",5.11666666666667,5.13333333333333,5.15,5.23333333333333
"1369","BG_5_90",5.11666666666667,5.11666666666667,5.11666666666667,5.15
"1370","BG_5_91",5.13333333333333,5.23333333333333,5.88333333333333,5.78333333333333
"1371","BG_5_92",5.13333333333333,5.13333333333333,5.7,5.58333333333333
"1372","BG_5_93",5.36666666666667,5.2,5.95,5.95
"1373","BG_5_94",5.41666666666667,5.35,5.71666666666667,5.66666666666667
"1374","BG_5_95",5.11666666666667,5.11666666666667,5.13333333333333,5.31666666666667
"1375","BG_5_96",5.11666666666667,5.13333333333333,5.13333333333333,5.6
"1376","BG_5_97",5.51666666666667,5.36666666666667,5.35,5.33333333333333
"1377","BG_5_98",5.46666666666667,5.31666666666667,5.21666666666667,5.21666666666667
"1378","BG_5_99",5.13333333333333,5.11666666666667,5.13333333333333,5.15
"1379","BG_6_1",5.15,5.2,5.25,5.28333333333333
"1380","BG_6_10",5.13333333333333,5.2,5.25,5.28333333333333
"1381","BG_6_100",5.36666666666667,5.4,5.5,5.03333333333333
"1382","BG_6_11",5.16666666666667,5.18333333333333,5.2,5.3
"1383","BG_6_12",5.15,5.18333333333333,2,5.23333333333333
"1384","BG_6_13",5.5,2,5.28333333333333,2
"1385","BG_6_14",5.41666666666667,5.26666666666667,2,5.13333333333333
"1386","BG_6_15",5.16666666666667,5.2,2,5.21666666666667
"1387","BG_6_16",2,2,5.23333333333333,NA
"1388","BG_6_17",5.31666666666667,2,5.16666666666667,5.15
"1389","BG_6_18",5.16666666666667,5.11666666666667,5.11666666666667,5.11666666666667
"1390","BG_6_19",5.15,2,5.23333333333333,5.33333333333333
"1391","BG_6_2",5.18333333333333,2,5.33333333333333,NA
"1392","BG_6_20",5.13333333333333,5.15,2,5.15
"1393","BG_6_21",2,5.5,5.31666666666667,2
"1394","BG_6_22",2,2,2,NA
"1395","BG_6_23",5.13333333333333,2,5.21666666666667,NA
"1396","BG_6_24",5.18333333333333,5.18333333333333,NA,NA
"1397","BG_6_25",5.35,5.25,5.11666666666667,5.11666666666667
"1398","BG_6_26",2,2,5.28333333333333,2
"1399","BG_6_27",5.16666666666667,5.21666666666667,2,2
"1400","BG_6_28",5.16666666666667,5.25,5.28333333333333,5.3
"1401","BG_6_29",5.45,2,5.21666666666667,5.16666666666667
"1402","BG_6_3",2,2,5.5,5.41666666666667
"1403","BG_6_31",5.35,5.18333333333333,5.15,5.11666666666667
"1404","BG_6_32",2,5.36666666666667,2,5.18333333333333
"1405","BG_6_33",5.15,5.16666666666667,5.18333333333333,5.26666666666667
"1406","BG_6_34",5.13333333333333,5.13333333333333,5.15,5.16666666666667
"1407","BG_6_35",5.51666666666667,5.46666666666667,5.36666666666667,2
"1408","BG_6_36",2,2,2,5.18333333333333
"1409","BG_6_37",5.18333333333333,5.23333333333333,5.26666666666667,5.28333333333333
"1410","BG_6_38",5.43333333333333,5.45,5.5,NA
"1411","BG_6_39",2,5.31666666666667,5.18333333333333,2
"1412","BG_6_4",2,2,5.28333333333333,5.16666666666667
"1413","BG_6_40",5.21666666666667,2,5.16666666666667,5.15
"1414","BG_6_41",5.38333333333333,5.41666666666667,5.41666666666667,5.43333333333333
"1415","BG_6_42",5.13333333333333,5.15,5.18333333333333,2
"1416","BG_6_43",5.5,5.2,5.11666666666667,NA
"1417","BG_6_44",5.46666666666667,NA,NA,NA
"1418","BG_6_45",5.11666666666667,5.11666666666667,NA,NA
"1419","BG_6_46",2,2,5.23333333333333,2
"1420","BG_6_47",5.5,5.46666666666667,2,5.15
"1421","BG_6_48",2,2,5.13333333333333,5.11666666666667
"1422","BG_6_49",2,5.2,5.21666666666667,5.23333333333333
"1423","BG_6_5",2,2,5.16666666666667,5.23333333333333
"1424","BG_6_50",5.16666666666667,5.18333333333333,5.18333333333333,5.31666666666667
"1425","BG_6_51",5.38333333333333,5.43333333333333,5.48333333333333,5.51666666666667
"1426","BG_6_52",5.15,5.23333333333333,5.25,NA
"1427","BG_6_53",5.33333333333333,5.18333333333333,5.13333333333333,NA
"1428","BG_6_54",5.25,5.18333333333333,5.13333333333333,NA
"1429","BG_6_55",5.33333333333333,5.25,5.15,NA
"1430","BG_6_56",5.31666666666667,5.25,5.15,5.11666666666667
"1431","BG_6_57",5.26666666666667,5.2,5.11666666666667,5.11666666666667
"1432","BG_6_58",5.45,5.33333333333333,5.21666666666667,5.11666666666667
"1433","BG_6_59",5.2,5.21666666666667,5.23333333333333,5.25
"1434","BG_6_6",5.18333333333333,5.21666666666667,5.23333333333333,5.3
"1435","BG_6_60",5.16666666666667,5.2,5.25,5.28333333333333
"1436","BG_6_61",5.33333333333333,5.11666666666667,NA,NA
"1437","BG_6_62",5.45,5.45,5.36666666666667,5.25
"1438","BG_6_63",4.66666666666667,4.7,4.71666666666667,4.78333333333333
"1439","BG_6_64",5.18333333333333,5.25,5.3,5.31666666666667
"1440","BG_6_65",5.41666666666667,5.25,5.18333333333333,5.16666666666667
"1441","BG_6_66",5.46666666666667,5.26666666666667,5.16666666666667,5.11666666666667
"1442","BG_6_67",5.15,5.18333333333333,5.25,NA
"1443","BG_6_68",5.15,5.21666666666667,5.28333333333333,5.33333333333333
"1444","BG_6_69",5.4,5.21666666666667,5.2,5.11666666666667
"1445","BG_6_7",5.5,5.41666666666667,2,5.16666666666667
"1446","BG_6_70",5.28333333333333,5.18333333333333,5.13333333333333,5.11666666666667
"1447","BG_6_71",5.33333333333333,5.26666666666667,5.21666666666667,5.11666666666667
"1448","BG_6_72",5.46666666666667,5.28333333333333,5.11666666666667,5.11666666666667
"1449","BG_6_73",5.18333333333333,5.2,5.21666666666667,5.23333333333333
"1450","BG_6_74",5.15,NA,NA,NA
"1451","BG_6_75",5.33333333333333,5.15,NA,NA
"1452","BG_6_76",5.46666666666667,5.36666666666667,5.33333333333333,5.26666666666667
"1453","BG_6_77",5.15,5.18333333333333,5.21666666666667,5.25
"1454","BG_6_78",5.15,5.18333333333333,5.28333333333333,5.31666666666667
"1455","BG_6_79",5.35,5.2,5.18333333333333,5.13333333333333
"1456","BG_6_8",5.51666666666667,5.26666666666667,NA,NA
"1457","BG_6_81",5.13333333333333,5.23333333333333,5.25,5.26666666666667
"1458","BG_6_82",5.13333333333333,5.15,5.16666666666667,5.23333333333333
"1459","BG_6_83",5.51666666666667,5.13333333333333,5.11666666666667,5.11666666666667
"1460","BG_6_84",5.25,5.16666666666667,5.11666666666667,NA
"1461","BG_6_85",5.15,5.18333333333333,5.21666666666667,5.23333333333333
"1462","BG_6_86",5.15,5.25,5.3,NA
"1463","BG_6_87",5.46666666666667,5.33333333333333,5.23333333333333,5.13333333333333
"1464","BG_6_88",5.5,5.21666666666667,5.15,5.11666666666667
"1465","BG_6_89",5.16666666666667,5.18333333333333,5.18333333333333,5.2
"1466","BG_6_9",5.18333333333333,5.2,5.23333333333333,NA
"1467","BG_6_90",5.15,5.2,5.28333333333333,NA
"1468","BG_6_91",5.13333333333333,5.18333333333333,5.21666666666667,5.3
"1469","BG_6_92",5.15,5.16666666666667,5.25,5.31666666666667
"1470","BG_6_93",5.21666666666667,5.16666666666667,5.15,NA
"1471","BG_6_94",5.46666666666667,5.31666666666667,5.2,5.15
"1472","BG_6_95",5.36666666666667,5.43333333333333,5.51666666666667,NA
"1473","BG_6_96",5.13333333333333,5.2,5.21666666666667,5.23333333333333
"1474","BG_6_97",5.23333333333333,5.21666666666667,5.16666666666667,NA
"1475","BG_6_99",5.38333333333333,5.41666666666667,5.45,5.5
"1476","BG_7_1",5.16666666666667,5.18333333333333,5.33333333333333,NA
"1477","BG_7_10",5.15,5.2,5.3,5.31666666666667
"1478","BG_7_100",5.16666666666667,5.18333333333333,5.18333333333333,5.2
"1479","BG_7_11",5.16666666666667,5.2,5.25,5.3
"1480","BG_7_12",5.15,5.16666666666667,2,5.31666666666667
"1481","BG_7_13",5.51666666666667,5.5,5.11666666666667,NA
"1482","BG_7_14",5.2,5.13333333333333,5.13333333333333,5.11666666666667
"1483","BG_7_15",5.15,5.25,5.28333333333333,5.3
"1484","BG_7_16",5.18333333333333,5.2,5.23333333333333,5.31666666666667
"1485","BG_7_18",5.23333333333333,5.21666666666667,5.15,5.11666666666667
"1486","BG_7_19",5.15,5.2,5.21666666666667,5.33333333333333
"1487","BG_7_2",5.15,5.16666666666667,5.21666666666667,5.25
"1488","BG_7_20",5.16666666666667,5.18333333333333,5.18333333333333,5.31666666666667
"1489","BG_7_21",5.5,5.31666666666667,5.25,5.16666666666667
"1490","BG_7_22",5.45,5.31666666666667,5.15,5.13333333333333
"1491","BG_7_24",5.15,5.18333333333333,5.18333333333333,5.21666666666667
"1492","BG_7_25",5.41666666666667,5.31666666666667,5.21666666666667,NA
"1493","BG_7_26",5.28333333333333,5.25,5.11666666666667,NA
"1494","BG_7_27",5.18333333333333,5.2,5.23333333333333,5.33333333333333
"1495","BG_7_28",5.21666666666667,5.26666666666667,5.28333333333333,5.33333333333333
"1496","BG_7_29",5.5,5.18333333333333,5.11666666666667,5.11666666666667
"1497","BG_7_3",5.46666666666667,5.36666666666667,2,5.26666666666667
"1498","BG_7_30",5.5,5.33333333333333,5.11666666666667,5.15
"1499","BG_7_31",5.41666666666667,5.13333333333333,NA,NA
"1500","BG_7_32",5.4,5.21666666666667,5.18333333333333,5.11666666666667
"1501","BG_7_33",5.21666666666667,5.23333333333333,5.28333333333333,5.31666666666667
"1502","BG_7_34",5.2,5.21666666666667,5.26666666666667,5.3
"1503","BG_7_35",2,5.36666666666667,5.28333333333333,5.11666666666667
"1504","BG_7_36",5.35,5.15,5.11666666666667,5.13333333333333
"1505","BG_7_37",5.18333333333333,5.2,5.21666666666667,5.25
"1506","BG_7_38",5.15,5.18333333333333,5.23333333333333,5.3
"1507","BG_7_39",5.36666666666667,5.35,5.13333333333333,NA
"1508","BG_7_4",2,5.33333333333333,5.11666666666667,5.13333333333333
"1509","BG_7_40",5.2,5.13333333333333,5.13333333333333,NA
"1510","BG_7_41",5.15,5.18333333333333,5.28333333333333,NA
"1511","BG_7_42",5.15,5.18333333333333,5.2,2
"1512","BG_7_43",5.51666666666667,5.45,5.25,5.11666666666667
"1513","BG_7_44",5.5,5.25,5.2,5.16666666666667
"1514","BG_7_45",2,5.15,5.11666666666667,5.13333333333333
"1515","BG_7_46",5.33333333333333,5.15,5.11666666666667,5.15
"1516","BG_7_47",5.28333333333333,5.21666666666667,5.11666666666667,NA
"1517","BG_7_48",5.21666666666667,5.16666666666667,5.11666666666667,5.13333333333333
"1518","BG_7_49",5.21666666666667,5.23333333333333,5.28333333333333,5.3
"1519","BG_7_5",5.18333333333333,5.23333333333333,5.25,5.3
"1520","BG_7_50",5.16666666666667,5.25,5.3,NA
"1521","BG_7_51",5.15,5.25,5.26666666666667,5.3
"1522","BG_7_52",5.15,5.15,5.3,5.31666666666667
"1523","BG_7_53",5.35,5.16666666666667,5.13333333333333,5.11666666666667
"1524","BG_7_54",5.4,5.26666666666667,5.21666666666667,5.11666666666667
"1525","BG_7_55",5.28333333333333,5.26666666666667,5.25,5.23333333333333
"1526","BG_7_56",5.36666666666667,5.2,5.11666666666667,5.11666666666667
"1527","BG_7_57",5.5,4.71666666666667,5.21666666666667,4.71666666666667
"1528","BG_7_58",5.33333333333333,5.11666666666667,NA,NA
"1529","BG_7_59",5.21666666666667,5.26666666666667,5.33333333333333,NA
"1530","BG_7_6",5.15,5.21666666666667,5.25,5.3
"1531","BG_7_60",5.18333333333333,5.25,5.28333333333333,5.3
"1532","BG_7_61",5.41666666666667,5.18333333333333,NA,NA
"1533","BG_7_62",5.46666666666667,5.35,NA,NA
"1534","BG_7_63",5.18333333333333,5.21666666666667,5.26666666666667,5.28333333333333
"1535","BG_7_64",5.25,5.28333333333333,5.31666666666667,5.33333333333333
"1536","BG_7_65",2,5.16666666666667,5.11666666666667,5.11666666666667
"1537","BG_7_66",5.4,5.31666666666667,5.28333333333333,5.13333333333333
"1538","BG_7_67",5.18333333333333,5.21666666666667,5.25,5.3
"1539","BG_7_68",5.2,5.3,5.31666666666667,NA
"1540","BG_7_69",5.18333333333333,5.16666666666667,5.11666666666667,5.11666666666667
"1541","BG_7_7",5.31666666666667,5.18333333333333,5.11666666666667,5.13333333333333
"1542","BG_7_70",2,5.25,5.18333333333333,5.13333333333333
"1543","BG_7_71",5.46666666666667,5.41666666666667,2,5.13333333333333
"1544","BG_7_72",5.28333333333333,5.16666666666667,5.15,2
"1545","BG_7_73",5.2,5.23333333333333,5.26666666666667,NA
"1546","BG_7_74",5.18333333333333,5.23333333333333,5.26666666666667,5.31666666666667
"1547","BG_7_75",5.2,5.11666666666667,5.16666666666667,NA
"1548","BG_7_76",5.41666666666667,5.18333333333333,5.16666666666667,5.13333333333333
"1549","BG_7_77",5.16666666666667,5.2,4.71666666666667,4.75
"1550","BG_7_78",2,5.18333333333333,5.21666666666667,5.28333333333333
"1551","BG_7_79",5.11666666666667,5.11666666666667,5.11666666666667,5.15
"1552","BG_7_8",5.35,5.28333333333333,5.11666666666667,5.11666666666667
"1553","BG_7_80",5.33333333333333,5.21666666666667,NA,NA
"1554","BG_7_82",5.18333333333333,5.23333333333333,5.31666666666667,NA
"1555","BG_7_83",2,5.25,5.2,5.11666666666667
"1556","BG_7_84",5.45,2,5.13333333333333,5.11666666666667
"1557","BG_7_85",5.18333333333333,5.18333333333333,5.2,5.21666666666667
"1558","BG_7_86",5.2,5.21666666666667,5.23333333333333,5.25
"1559","BG_7_88",5.46666666666667,5.18333333333333,5.11666666666667,5.11666666666667
"1560","BG_7_89",5.16666666666667,5.18333333333333,5.26666666666667,5.28333333333333
"1561","BG_7_9",5.18333333333333,5.18333333333333,5.21666666666667,5.28333333333333
"1562","BG_7_90",5.18333333333333,5.2,5.21666666666667,5.25
"1563","BG_7_91",5.18333333333333,5.23333333333333,5.26666666666667,5.31666666666667
"1564","BG_7_92",5.18333333333333,5.23333333333333,5.26666666666667,NA
"1565","BG_7_93",5.36666666666667,5.23333333333333,5.15,5.11666666666667
"1566","BG_7_94",5.26666666666667,2,5.15,NA
"1567","BG_7_95",5.18333333333333,5.23333333333333,5.28333333333333,5.3
"1568","BG_7_96",5.2,2,5.23333333333333,5.3
"1569","BG_7_97",5.51666666666667,5.41666666666667,5.36666666666667,2
"1570","BG_7_98",5.21666666666667,5.13333333333333,5.11666666666667,NA
"1571","BG_7_99",5.16666666666667,5.18333333333333,5.21666666666667,5.25
"1572","BG_8_1",4.35,2,4.38333333333333,4.45
"1573","BG_8_10",4.36666666666667,2,4.38333333333333,4.45
"1574","BG_8_100",2,4.35,4.38333333333333,4.46666666666667
"1575","BG_8_11",4.33333333333333,4.38333333333333,NA,NA
"1576","BG_8_12",2,4.33333333333333,4.36666666666667,4.45
"1577","BG_8_13",2,4.68333333333333,2,4.63333333333333
"1578","BG_8_14",4.66666666666667,4.56666666666667,4.48333333333333,2
"1579","BG_8_15",4.35,4.33333333333333,4.35,4.35
"1580","BG_8_16",4.33333333333333,4.35,4.36666666666667,2
"1581","BG_8_17",4.53333333333333,4.51666666666667,4.5,4.48333333333333
"1582","BG_8_18",2,2,4.66666666666667,4.51666666666667
"1583","BG_8_19",4.33333333333333,4.36666666666667,2,4.43333333333333
"1584","BG_8_2",2,4.35,4.38333333333333,4.5
"1585","BG_8_20",4.35,4.41666666666667,4.48333333333333,NA
"1586","BG_8_21",4.56666666666667,2,4.41666666666667,4.4
"1587","BG_8_22",4.53333333333333,4.48333333333333,4.41666666666667,NA
"1588","BG_8_23",4.38333333333333,4.35,4.43333333333333,4.58333333333333
"1589","BG_8_24",2,4.35,4.33333333333333,4.33333333333333
"1590","BG_8_25",2,4.56666666666667,4.41666666666667,4.45
"1591","BG_8_26",4.45,2,4.38333333333333,NA
"1592","BG_8_27",4.36666666666667,2,4.41666666666667,4.56666666666667
"1593","BG_8_28",2,2,4.35,4.36666666666667
"1594","BG_8_29",2,4.71666666666667,2,2
"1595","BG_8_3",4.68333333333333,4.53333333333333,4.51666666666667,NA
"1596","BG_8_30",2,2,4.5,4.48333333333333
"1597","BG_8_31",4.66666666666667,4.58333333333333,4.53333333333333,NA
"1598","BG_8_32",2,4.56666666666667,4.5,4.43333333333333
"1599","BG_8_33",4.33333333333333,4.33333333333333,NA,NA
"1600","BG_8_34",2,2,4.35,4.41666666666667
"1601","BG_8_35",4.63333333333333,4.43333333333333,4.41666666666667,2
"1602","BG_8_36",4.58333333333333,2,2,4.38333333333333
"1603","BG_8_37",2,4.38333333333333,2,4.5
"1604","BG_8_38",4.33333333333333,4.5,2,2
"1605","BG_8_39",2,4.53333333333333,4.45,4.41666666666667
"1606","BG_8_4",4.63333333333333,4.56666666666667,4.45,4.4
"1607","BG_8_40",2,4.58333333333333,2,4.43333333333333
"1608","BG_8_41",4.33333333333333,4.38333333333333,4.43333333333333,4.48333333333333
"1609","BG_8_42",4.35,4.35,4.36666666666667,2
"1610","BG_8_43",4.71666666666667,4.61666666666667,4.5,4.41666666666667
"1611","BG_8_44",2,4.51666666666667,4.45,4.41666666666667
"1612","BG_8_45",4.71666666666667,2,4.61666666666667,NA
"1613","BG_8_46",4.51666666666667,4.45,4.41666666666667,4.38333333333333
"1614","BG_8_47",2,4.45,2,NA
"1615","BG_8_48",2,4.68333333333333,2,4.41666666666667
"1616","BG_8_49",4.33333333333333,4.38333333333333,4.45,4.48333333333333
"1617","BG_8_5",4.35,4.36666666666667,4.38333333333333,4.53333333333333
"1618","BG_8_50",4.33333333333333,4.36666666666667,2,4.45
"1619","BG_8_51",4.33333333333333,4.33333333333333,4.38333333333333,NA
"1620","BG_8_52",4.36666666666667,4.38333333333333,NA,NA
"1621","BG_8_53",4.66666666666667,2,4.43333333333333,2
"1622","BG_8_54",4.66666666666667,2,4.51666666666667,2
"1623","BG_8_55",2,4.61666666666667,2,4.4
"1624","BG_8_56",2,4.5,4.43333333333333,4.38333333333333
"1625","BG_8_57",2,2,4.51666666666667,4.41666666666667
"1626","BG_8_58",4.71666666666667,4.5,4.45,4.41666666666667
"1627","BG_8_59",4.36666666666667,2,4.35,4.4
"1628","BG_8_6",4.33333333333333,2,4.38333333333333,4.43333333333333
"1629","BG_8_60",4.33333333333333,4.35,4.38333333333333,4.4
"1630","BG_8_61",2,4.68333333333333,2,4.51666666666667
"1631","BG_8_62",4.51666666666667,NA,NA,NA
"1632","BG_8_63",4.36666666666667,4.4,4.46666666666667,4.5
"1633","BG_8_64",2,4.36666666666667,4.43333333333333,4.48333333333333
"1634","BG_8_65",4.4,2,NA,NA
"1635","BG_8_66",2,4.58333333333333,4.53333333333333,4.45
"1636","BG_8_67",2,4.35,4.4,2
"1637","BG_8_68",4.33333333333333,4.35,4.36666666666667,2
"1638","BG_8_69",2,4.5,2,4.38333333333333
"1639","BG_8_7",4.48333333333333,2,4.43333333333333,NA
"1640","BG_8_70",4.61666666666667,2,4.43333333333333,4.41666666666667
"1641","BG_8_71",2,4.53333333333333,4.45,2
"1642","BG_8_72",4.53333333333333,2,2,4.43333333333333
"1643","BG_8_73",4.33333333333333,2,4.35,2
"1644","BG_8_74",2,2,4.35,4.36666666666667
"1645","BG_8_75",4.68333333333333,4.61666666666667,2,4.51666666666667
"1646","BG_8_76",2,4.68333333333333,4.56666666666667,4.45
"1647","BG_8_77",3.85,3.86666666666667,3.9,3.91666666666667
"1648","BG_8_78",4.33333333333333,4.35,2,2
"1649","BG_8_79",2,4.58333333333333,4.53333333333333,4.51666666666667
"1650","BG_8_8",4.71666666666667,4.68333333333333,4.58333333333333,4.48333333333333
"1651","BG_8_80",2,4.68333333333333,4.43333333333333,4.41666666666667
"1652","BG_8_81",2,4.36666666666667,4.43333333333333,2
"1653","BG_8_82",2,4.33333333333333,4.36666666666667,4.38333333333333
"1654","BG_8_83",4.68333333333333,2,4.5,2
"1655","BG_8_84",4.58333333333333,2,4.45,4.41666666666667
"1656","BG_8_85",2,4.38333333333333,4.41666666666667,2
"1657","BG_8_86",4.35,4.38333333333333,4.4,4.46666666666667
"1658","BG_8_87",4.68333333333333,2,2,4.45
"1659","BG_8_88",2,2,2,4.48333333333333
"1660","BG_8_9",4.33333333333333,4.36666666666667,2,4.38333333333333
"1661","BG_8_90",4.35,4.41666666666667,4.53333333333333,4.56666666666667
"1662","BG_8_91",4.36666666666667,4.41666666666667,2,4.5
"1663","BG_8_92",4.36666666666667,4.38333333333333,4.43333333333333,2
"1664","BG_8_93",4.56666666666667,4.48333333333333,4.41666666666667,4.38333333333333
"1665","BG_8_94",2,4.66666666666667,4.48333333333333,4.41666666666667
"1666","BG_8_95",2,4.38333333333333,4.43333333333333,4.46666666666667
"1667","BG_8_96",4.35,4.38333333333333,2,4.48333333333333
"1668","BG_8_97",4.56666666666667,2,4.43333333333333,4.4
"1669","BG_8_98",4.53333333333333,4.38333333333333,NA,NA
"1670","BG_8_99",4.35,2,4.38333333333333,4.43333333333333
"1671","BG_9_10",5.33333333333333,5.45,5.48333333333333,NA
"1672","BG_9_100",5.33333333333333,5.33333333333333,NA,NA
"1673","BG_9_11",2,5.33333333333333,5.41666666666667,2
"1674","BG_9_12",5.35,5.33333333333333,5.55,NA
"1675","BG_9_13",5.7,5.6,2,5.46666666666667
"1676","BG_9_14",5.7,5.53333333333333,5.41666666666667,5.41666666666667
"1677","BG_9_15",5.36666666666667,5.35,5.35,5.35
"1678","BG_9_16",5.35,2,5.35,5.33333333333333
"1679","BG_9_17",5.65,5.55,5.45,2
"1680","BG_9_18",2,5.65,5.6,5.46666666666667
"1681","BG_9_19",5.36666666666667,5.33333333333333,5.35,5.51666666666667
"1682","BG_9_2",5.35,5.33333333333333,2,NA
"1683","BG_9_20",5.35,5.33333333333333,5.41666666666667,5.51666666666667
"1684","BG_9_21",5.71666666666667,2,5.55,5.51666666666667
"1685","BG_9_22",5.7,5.66666666666667,5.53333333333333,5.36666666666667
"1686","BG_9_23",5.33333333333333,5.35,NA,NA
"1687","BG_9_24",5.33333333333333,5.33333333333333,5.33333333333333,NA
"1688","BG_9_25",5.6,5.51666666666667,NA,NA
"1689","BG_9_26",5.61666666666667,5.5,5.43333333333333,NA
"1690","BG_9_27",5.33333333333333,5.36666666666667,5.43333333333333,5.51666666666667
"1691","BG_9_28",5.35,5.38333333333333,5.51666666666667,NA
"1692","BG_9_29",5.71666666666667,5.38333333333333,5.38333333333333,5.36666666666667
"1693","BG_9_3",5.66666666666667,2,2,5.46666666666667
"1694","BG_9_30",5.7,5.66666666666667,5.46666666666667,5.41666666666667
"1695","BG_9_31",2,5.71666666666667,2,5.6
"1696","BG_9_32",5.66666666666667,5.55,5.41666666666667,5.41666666666667
"1697","BG_9_33",5.33333333333333,5.33333333333333,5.33333333333333,5.33333333333333
"1698","BG_9_34",5.36666666666667,5.33333333333333,5.35,NA
"1699","BG_9_35",5.7,5.66666666666667,2,5.51666666666667
"1700","BG_9_36",5.61666666666667,5.6,5.55,5.38333333333333
"1701","BG_9_37",5.38333333333333,5.46666666666667,NA,NA
"1702","BG_9_38",5.33333333333333,5.35,5.4,5.53333333333333
"1703","BG_9_39",5.43333333333333,5.4,NA,NA
"1704","BG_9_40",5.5,2,4.88333333333333,NA
"1705","BG_9_41",5.35,5.36666666666667,5.56666666666667,NA
"1706","BG_9_42",5.33333333333333,5.33333333333333,5.33333333333333,5.33333333333333
"1707","BG_9_43",5.66666666666667,5.65,5.38333333333333,NA
"1708","BG_9_44",5.7,5.55,2,5.43333333333333
"1709","BG_9_45",5.35,5.33333333333333,5.35,5.35
"1710","BG_9_46",5.33333333333333,5.33333333333333,2,5.35
"1711","BG_9_47",2,5.53333333333333,5.41666666666667,NA
"1712","BG_9_48",5.66666666666667,2,2,2
"1713","BG_9_49",5.33333333333333,5.33333333333333,5.35,2
"1714","BG_9_5",5.35,5.33333333333333,5.35,5.35
"1715","BG_9_50",5.36666666666667,5.33333333333333,5.35,2
"1716","BG_9_51",2,5.33333333333333,5.35,5.43333333333333
"1717","BG_9_52",2,5.33333333333333,5.35,5.35
"1718","BG_9_53",5.7,5.55,5.41666666666667,5.4
"1719","BG_9_54",5.6,2,5.5,5.48333333333333
"1720","BG_9_55",5.35,5.33333333333333,5.35,NA
"1721","BG_9_56",5.35,5.33333333333333,5.33333333333333,5.35
"1722","BG_9_57",5.6,2,5.51666666666667,5.45
"1723","BG_9_58",5.7,5.66666666666667,2,2
"1724","BG_9_59",5.33333333333333,2,5.48333333333333,5.55
"1725","BG_9_6",5.35,5.35,5.33333333333333,2
"1726","BG_9_60",5.33333333333333,5.35,5.4,5.56666666666667
"1727","BG_9_61",5.7,2,5.61666666666667,5.43333333333333
"1728","BG_9_62",5.5,5.46666666666667,5.36666666666667,NA
"1729","BG_9_63",5.33333333333333,5.46666666666667,5.56666666666667,NA
"1730","BG_9_64",5.33333333333333,NA,NA,NA
"1731","BG_9_65",5.65,5.53333333333333,5.46666666666667,2
"1732","BG_9_66",5.53333333333333,5.5,NA,NA
"1733","BG_9_67",5.33333333333333,5.33333333333333,5.35,NA
"1734","BG_9_68",5.33333333333333,5.33333333333333,NA,NA
"1735","BG_9_69",5.7,5.61666666666667,5.58333333333333,2
"1736","BG_9_7",5.65,5.61666666666667,5.58333333333333,5.35
"1737","BG_9_70",5.71666666666667,5.6,2,5.46666666666667
"1738","BG_9_71",5.66666666666667,2,5.5,5.4
"1739","BG_9_72",5.61666666666667,5.58333333333333,5.51666666666667,5.36666666666667
"1740","BG_9_73",5.41666666666667,5.43333333333333,NA,NA
"1741","BG_9_74",5.33333333333333,5.35,5.35,NA
"1742","BG_9_75",5.6,5.55,5.48333333333333,5.36666666666667
"1743","BG_9_76",5.53333333333333,5.51666666666667,2,5.43333333333333
"1744","BG_9_77",5.33333333333333,5.33333333333333,5.33333333333333,5.35
"1745","BG_9_78",5.33333333333333,5.33333333333333,5.35,NA
"1746","BG_9_79",5.66666666666667,2,5.61666666666667,5.41666666666667
"1747","BG_9_8",5.65,2,5.58333333333333,5.53333333333333
"1748","BG_9_80",5.7,2,5.51666666666667,5.5
"1749","BG_9_81",5.33333333333333,5.41666666666667,5.53333333333333,5.56666666666667
"1750","BG_9_82",5.33333333333333,5.35,5.38333333333333,5.46666666666667
"1751","BG_9_83",2,5.7,2,5.66666666666667
"1752","BG_9_84",5.6,5.5,5.41666666666667,5.41666666666667
"1753","BG_9_85",5.41666666666667,5.45,5.51666666666667,NA
"1754","BG_9_86",5.33333333333333,5.33333333333333,5.35,2
"1755","BG_9_87",5.53333333333333,5.5,5.41666666666667,NA
"1756","BG_9_88",5.61666666666667,5.55,2,NA
"1757","BG_9_89",5.35,5.35,5.35,5.35
"1758","BG_9_9",5.35,5.33333333333333,5.38333333333333,5.46666666666667
"1759","BG_9_90",5.35,5.33333333333333,5.35,NA
"1760","BG_9_91",5.35,5.35,5.35,NA
"1761","BG_9_92",5.33333333333333,5.35,NA,NA
"1762","BG_9_94",5.58333333333333,2,5.51666666666667,5.5
"1763","BG_9_95",5.33333333333333,5.33333333333333,5.35,5.35
"1764","BG_9_96",5.35,5.33333333333333,NA,NA
"1765","BG_9_97",5.7,5.6,5.51666666666667,2
"1766","BG_9_98",5.66666666666667,5.58333333333333,NA,NA
"1767","BG_9_99",5.46666666666667,5.48333333333333,NA,NA
