,Grid,ALFL_mean,ALFL_max,ALFL_bin,AMBI_mean,AMBI_max,AMBI_bin,AMCO_mean,AMCO_max,AMCO_bin,AMCR_mean,AMCR_max,AMCR_bin,AMGO_mean,AMGO_max,AMGO_bin,AMKE_mean,AMKE_max,AMKE_bin,AMRE_mean,AMRE_max,AMRE_bin,AMRO_mean,AMRO_max,AMRO_bin,AMWI_mean,AMWI_max,AMWI_bin,ATSP_mean,ATSP_max,ATSP_bin,ATTW_mean,ATTW_max,ATTW_bin,BADO_mean,BADO_max,BADO_bin,BANS_mean,BANS_max,BANS_bin,BAOR_mean,BAOR_max,BAOR_bin,BARS_mean,BARS_max,BARS_bin,BAWA_mean,BAWA_max,BAWA_bin,BAWW_mean,BAWW_max,BAWW_bin,BBCU_mean,BBCU_max,BBCU_bin,BBMA_mean,BBMA_max,BBMA_bin,BBWA_mean,BBWA_max,BBWA_bin,BBWO_mean,BBWO_max,BBWO_bin,BCCH_mean,BCCH_max,BCCH_bin,BCFR_mean,BCFR_max,BCFR_bin,BEAV_mean,BEAV_max,BEAV_bin,BEKI_mean,BEKI_max,BEKI_bin,BHCO_mean,BHCO_max,BHCO_bin,BHVI_mean,BHVI_max,BHVI_bin,BLBW_mean,BLBW_max,BLBW_bin,BLJA_mean,BLJA_max,BLJA_bin,BLPW_mean,BLPW_max,BLPW_bin,BLTE_mean,BLTE_max,BLTE_bin,BOCH_mean,BOCH_max,BOCH_bin,BOGU_mean,BOGU_max,BOGU_bin,BOOW_mean,BOOW_max,BOOW_bin,BOWA_mean,BOWA_max,BOWA_bin,BRBL_mean,BRBL_max,BRBL_bin,BRCR_mean,BRCR_max,BRCR_bin,BTNW_mean,BTNW_max,BTNW_bin,BWHA_mean,BWHA_max,BWHA_bin,BWTE_mean,BWTE_max,BWTE_bin,BWWA_mean,BWWA_max,BWWA_bin,CAGU_mean,CAGU_max,CAGU_bin,CANG_mean,CANG_max,CANG_bin,CATO_mean,CATO_max,CATO_bin,CAWA_mean,CAWA_max,CAWA_bin,CCLO_mean,CCLO_max,CCLO_bin,CCSP_mean,CCSP_max,CCSP_bin,CEDW_mean,CEDW_max,CEDW_bin,CHSP_mean,CHSP_max,CHSP_bin,CLNU_mean,CLNU_max,CLNU_bin,CMWA_mean,CMWA_max,CMWA_bin,COGR_mean,COGR_max,COGR_bin,COLO_mean,COLO_max,COLO_bin,CONI_mean,CONI_max,CONI_bin,CONW_mean,CONW_max,CONW_bin,CORA_mean,CORA_max,CORA_bin,CORE_mean,CORE_max,CORE_bin,COWW_mean,COWW_max,COWW_bin,COTE_mean,COTE_max,COTE_bin,COYE_mean,COYE_max,COYE_bin,COYT_mean,COYT_max,COYT_bin,CRCH_mean,CRCH_max,CRCH_bin,CSWA_mean,CSWA_max,CSWA_bin,DEJU_mean,DEJU_max,DEJU_bin,DOGG_mean,DOGG_max,DOGG_bin,DOWO_mean,DOWO_max,DOWO_bin,DUGR_mean,DUGR_max,DUGR_bin,EAKI_mean,EAKI_max,EAKI_bin,EAPH_mean,EAPH_max,EAPH_bin,EUST_mean,EUST_max,EUST_bin,EVGR_mean,EVGR_max,EVGR_bin,FOSP_mean,FOSP_max,FOSP_bin,FOTE_mean,FOTE_max,FOTE_bin,FRGU_mean,FRGU_max,FRGU_bin,GADW_mean,GADW_max,GADW_bin,GBHE_mean,GBHE_max,GBHE_bin,GCKI_mean,GCKI_max,GCKI_bin,GCTH_mean,GCTH_max,GCTH_bin,GGOW_mean,GGOW_max,GGOW_bin,GHOW_mean,GHOW_max,GHOW_bin,GRAJ_mean,GRAJ_max,GRAJ_bin,GRCA_mean,GRCA_max,GRCA_bin,GRYE_mean,GRYE_max,GRYE_bin,GWFG_mean,GWFG_max,GWFG_bin,HASP_mean,HASP_max,HASP_bin,HAWO_mean,HAWO_max,HAWO_bin,HETH_mean,HETH_max,HETH_bin,HOFI_mean,HOFI_max,HOFI_bin,HOSP_mean,HOSP_max,HOSP_bin,HOWR_mean,HOWR_max,HOWR_bin,KILL_mean,KILL_max,KILL_bin,LALO_mean,LALO_max,LALO_bin,LBCU_mean,LBCU_max,LBCU_bin,LCSP_mean,LCSP_max,LCSP_bin,LEFL_mean,LEFL_max,LEFL_bin,LESC_mean,LESC_max,LESC_bin,LEYE_mean,LEYE_max,LEYE_bin,LISP_mean,LISP_max,LISP_bin,MALL_mean,MALL_max,MALL_bin,MAWA_mean,MAWA_max,MAWA_bin,MAWR_mean,MAWR_max,MAWR_bin,MEGU_mean,MEGU_max,MEGU_bin,MERL_mean,MERL_max,MERL_bin,MGWA_mean,MGWA_max,MGWA_bin,MOBL_mean,MOBL_max,MOBL_bin,MODO_mean,MODO_max,MODO_bin,MOWA_mean,MOWA_max,MOWA_bin,MYWA_mean,MYWA_max,MYWA_bin,NAWA_mean,NAWA_max,NAWA_bin,NESP_mean,NESP_max,NESP_bin,NOBO_mean,NOBO_max,NOBO_bin,NOFL_mean,NOFL_max,NOFL_bin,NOGO_mean,NOGO_max,NOGO_bin,NOPA_mean,NOPA_max,NOPA_bin,NOPO_mean,NOPO_max,NOPO_bin,NOWA_mean,NOWA_max,NOWA_bin,NRWS_mean,NRWS_max,NRWS_bin,NSWO_mean,NSWO_max,NSWO_bin,OCWA_mean,OCWA_max,OCWA_bin,OSFL_mean,OSFL_max,OSFL_bin,OSPR_mean,OSPR_max,OSPR_bin,OVEN_mean,OVEN_max,OVEN_bin,PAWA_mean,PAWA_max,PAWA_bin,PBGR_mean,PBGR_max,PBGR_bin,PHVI_mean,PHVI_max,PHVI_bin,PISI_mean,PISI_max,PISI_bin,PIWO_mean,PIWO_max,PIWO_bin,PSFL_mean,PSFL_max,PSFL_bin,PUFI_mean,PUFI_max,PUFI_bin,RBGR_mean,RBGR_max,RBGR_bin,RBGU_mean,RBGU_max,RBGU_bin,RBNU_mean,RBNU_max,RBNU_bin,RCKI_mean,RCKI_max,RCKI_bin,RECR_mean,RECR_max,RECR_bin,REDH_mean,REDH_max,REDH_bin,RESQ_mean,RESQ_max,RESQ_bin,REVI_mean,REVI_max,REVI_bin,RNGR_mean,RNGR_max,RNGR_bin,RNSA_mean,RNSA_max,RNSA_bin,RTHA_mean,RTHA_max,RTHA_bin,RUBL_mean,RUBL_max,RUBL_bin,RUGR_mean,RUGR_max,RUGR_bin,RWBL_mean,RWBL_max,RWBL_bin,SACR_mean,SACR_max,SACR_bin,SAVS_mean,SAVS_max,SAVS_bin,SBDO_mean,SBDO_max,SBDO_bin,SCTA_mean,SCTA_max,SCTA_bin,SEWR_mean,SEWR_max,SEWR_bin,SORA_mean,SORA_max,SORA_bin,SOSA_mean,SOSA_max,SOSA_bin,SOSP_mean,SOSP_max,SOSP_bin,SPGR_mean,SPGR_max,SPGR_bin,SPPE_mean,SPPE_max,SPPE_bin,SPSA_mean,SPSA_max,SPSA_bin,SPTO_mean,SPTO_max,SPTO_bin,STGR_mean,STGR_max,STGR_bin,SWSP_mean,SWSP_max,SWSP_bin,SWTH_mean,SWTH_max,SWTH_bin,TEWA_mean,TEWA_max,TEWA_bin,TOSO_mean,TOSO_max,TOSO_bin,TRES_mean,TRES_max,TRES_bin,VATH_mean,VATH_max,VATH_bin,VESP_mean,VESP_max,VESP_bin,VIRA_mean,VIRA_max,VIRA_bin,WAVI_mean,WAVI_max,WAVI_bin,WBNU_mean,WBNU_max,WBNU_bin,WCSP_mean,WCSP_max,WCSP_bin,WETA_mean,WETA_max,WETA_bin,WETO_mean,WETO_max,WETO_bin,WEWP_mean,WEWP_max,WEWP_bin,WILL_mean,WILL_max,WILL_bin,WISN_mean,WISN_max,WISN_bin,WIWA_mean,WIWA_max,WIWA_bin,WIWR_mean,WIWR_max,WIWR_bin,WOFR_mean,WOFR_max,WOFR_bin,WOLF_mean,WOLF_max,WOLF_bin,WTSP_mean,WTSP_max,WTSP_bin,WWCR_mean,WWCR_max,WWCR_bin,YBFL_mean,YBFL_max,YBFL_bin,YBSA_mean,YBSA_max,YBSA_bin,YELLOWRAIL_mean,YELLOWRAIL_max,YELLOWRAIL_bin,YEWA_mean,YEWA_max,YEWA_bin,YHBL_mean,YHBL_max,YHBL_bin,YRWA_mean,YRWA_max,YRWA_bin,YWAR_mean,YWAR_max,YWAR_bin,Grid.1,Conif0,ConifR,Conif1,Conif2,Conif3,Conif4,Conif5,Conif6,Conif7,Conif8,Conif9,Decid0,DecidR,Decid1,Decid2,Decid3,Decid4,Decid5,Decid6,Decid7,Decid8,Decid9,Mixwood0,MixwoodR,Mixwood1,Mixwood2,Mixwood3,Mixwood4,Mixwood5,Mixwood6,Mixwood7,Mixwood8,Mixwood9,Pine0,PineR,Pine1,Pine2,Pine3,Pine4,Pine5,Pine6,Pine7,Pine8,Pine9,GrassHerb,NonVeg,Shrub,Water,Swamp.Conif0,Swamp.ConifR,Swamp.Conif1,Swamp.Conif2,Swamp.Conif3,Swamp.Conif4,Swamp.Conif5,Swamp.Conif6,Swamp.Conif7,Swamp.Conif8,Swamp.Conif9,Swamp.Decid0,Swamp.DecidR,Swamp.Decid1,Swamp.Decid2,Swamp.Decid3,Swamp.Decid4,Swamp.Decid5,Swamp.Decid6,Swamp.Decid7,Swamp.Decid8,Swamp.Decid9,Swamp.Mixwood0,Swamp.MixwoodR,Swamp.Mixwood1,Swamp.Mixwood2,Swamp.Mixwood3,Swamp.Mixwood4,Swamp.Mixwood5,Swamp.Mixwood6,Swamp.Mixwood7,Swamp.Mixwood8,Swamp.Mixwood9,Swamp.Pine0,Swamp.PineR,Swamp.Pine1,Swamp.Pine2,Swamp.Pine3,Swamp.Pine4,Swamp.Pine5,Swamp.Pine6,Swamp.Pine7,Swamp.Pine8,Swamp.Pine9,Wetland.Bare,Wetland.GrassHerb,Wetland.Shrub,Wetland.BSpr0,Wetland.BSprR,Wetland.BSpr1,Wetland.BSpr2,Wetland.BSpr3,Wetland.BSpr4,Wetland.BSpr5,Wetland.BSpr6,Wetland.BSpr7,Wetland.BSpr8,Wetland.BSpr9,Wetland.Decid0,Wetland.DecidR,Wetland.Decid1,Wetland.Decid2,Wetland.Decid3,Wetland.Decid4,Wetland.Decid5,Wetland.Decid6,Wetland.Decid7,Wetland.Decid8,Wetland.Decid9,Wetland.Larch0,Wetland.LarchR,Wetland.Larch1,Wetland.Larch2,Wetland.Larch3,Wetland.Larch4,Wetland.Larch5,Wetland.Larch6,Wetland.Larch7,Wetland.Larch8,Wetland.Larch9,BorrowpitsDugoutsSumps,Canals,CultivationCropPastureBareground,HighDensityLivestockOperation,IndustrialSiteRural,MineSite,MunicipalWaterSewage,OtherDisturbedVegetation,PeatMine,Pipeline,RailHardSurface,RailVegetatedVerge,Reservoirs,RoadHardSurface,RoadTrailVegetated,RoadVegetatedVerge,RuralResidentialIndustrial,SeismicLine,TransmissionLine,Urban,WellSite,WindGenerationFacility,CCDecid0,CCDecidR,CCDecid1,CCDecid2,CCDecid3,CCDecid4,CCMixwood0,CCMixwoodR,CCMixwood1,CCMixwood2,CCMixwood3,CCMixwood4,CCConif0,CCConifR,CCConif1,CCConif2,CCConif3,CCConif4,CCPine0,CCPineR,CCPine1,CCPine2,CCPine3,CCPine4
1,BG-0001,40.88333333,68,45,0,0,0,0,0,0,1.333333333,5,5,0,0,0,0,0,0,9.866666666,21,16,15.33333333,33,29,0,0,0,0,0,0,0,0,0,0,0,0,0,0,0,0,0,0,0,0,0,0,0,0,6.916666665,17,17,0,0,0,0.666666667,2,1,7,13,11,0,0,0,1,2,2,2.283333333,7,7,0.333333333,1,1,0,0,0,0.666666666,2,2,2.416666665,8,8,0,0,0,0.583333333,2,2,0.333333333,1,1,0,0,0,2.416666665,7,7,0,0,0,0,0,0,0.333333333,1,1,0,0,0,1.666666666,3,3,0,0,0,0,0,0,0,0,0,0,0,0,0,0,0,1.833333333,5,5,0,0,0,5.083333333,10,10,0,0,0,7.416666666,13,11,1.833333333,5,4,33.35,61,49,0,0,0,15.93333333,33,29,0.333333333,1,1,1.416666666,5,4,0.999999999,3,3,1.333333333,4,4,6.033333331,19,17,0,0,0,0,0,0,0,0,0,26.51666667,46,30,0,0,0,0.25,1,1,0,0,0,2.949999998,9,9,0,0,0,0.333333333,1,1,0,0,0,0.333333333,1,1,0,0,0,0,0,0,0.583333333,2,2,0,0,0,0,0,0,0,0,0,0,0,0,0,0,0,0.5,1,1,0,0,0,0,0,0,0,0,0,17.2,41,41,0,0,0,0.5,2,2,0,0,0,0,0,0,0.833333333,3,3,22.08333333,46,39,0,0,0,0,0,0,0,0,0,0.25,1,1,0,0,0,0,0,0,3.166666667,4,3,12.36666667,23,17,0,0,0,1.083333333,3,3,26.83333333,47,40,0,0,0,20.61666667,42,34,0,0,0,0,0,0,0,0,0,0,0,0,0,0,0,0,0,0,15.51666667,30,25,0,0,0,0,0,0,0.5,1,1,0,0,0,3.499999999,11,10,0,0,0,0,0,0,0,0,0,8.766666667,15,14,0,0,0,0,0,0,0.583333333,2,2,2.2,5,5,0,0,0,60.1,99,69,2.666666666,6,6,0.533333333,2,2,2.149999999,7,7,0,0,0,0.866666666,3,3,0,0,0,0.5,1,1,18.76666667,39,39,0,0,0,0.25,1,1,13.06666667,22,21,0,0,0,0,0,0,0.833333333,3,2,29.41666667,50,37,0.333333333,1,1,0,0,0,0,0,0,0,0,0,1.583333333,3,3,5.483333332,13,10,0,0,0,0,0,0,0,0,0,0,0,0,0,0,0,1.516666666,4,4,2.25,6,5,0.583333333,2,2,0,0,0,0,0,0,0.999999999,3,3,0,0,0,0,0,0,2.099999999,5,5,51.75,97,72,144.6666667,210,89,0,0,0,1.999999999,4,4,0,0,0,0,0,0,0,0,0,1.583333333,5,5,0,0,0,0,0,0,7.416666665,19,18,0,0,0,3.083333333,6,6,0,0,0,9.433333331,23,20,1.833333333,5,5,17.41666667,30,28,0.75,2,2,0,0,0,113.2666667,166,82,0,0,0,0,0,0,10.61666666,27,27,0,0,0,0,0,0,0,0,0,18.95,39,35,2,4,3,BG-0001,0,0.000130834,0,0,0,0,0.012311871,0.008011494,0.008122447,0.005288423,0.001223405,0,0.001933662,0,0,0.000439403,0.012348432,0.079747662,0.052188268,0.019095104,0.001108111,0.000251747,0,0.000802896,0,0,0.000493138,0.004340233,0.029118045,0.012600188,0.012922189,0.004422914,0,0,0.000915663,0,0,0,5.03E-05,0.002765918,0,0,0,0,0.003397648,0.077862164,0.103872859,0.021385366,0,0,0,0,0,0,0,0,0,0,0,0,0,0,0,0,0,0,0,0,0,0,0,4.90E-05,0,0,0,0.000670963,0.003017394,0.003696332,0.000256838,7.46E-05,0,0,0,0,0,0,0,0,0,0,0,0,0,0,0,0,0.007744833,0,0,0,0.016020567,0.051042046,0.030509906,0.011423001,0.000700787,0,0,0,0,0,0,0,0,0,0,0,0,0,0,0,0,0,0.01172322,0.000233113,1.73E-05,0.001636334,0,0,0.000332149,0,0,0,0.024017247,0.005831963,0,0,0,0.015415392,0.001268355,0.002398658,0,0.002841822,0.003237103,0.007899194,0,0.008926366,0.003071164,0,0.025727233,0,0,0.019367755,0.029087494,0.047140846,0,0,0,0.000277233,0.011482807,0.069290587,0,0,0,0.000519924,0.034193363,0.071613243,0,0,0,0,0,0.000594448,0,0
2,BG-0002,62.13333333,103,65,0.25,1,1,1.5,6,5,15.88333334,43,35,0,0,0,0,0,0,3.5,11,11,13.43333333,44,39,0.25,1,1,0,0,0,0,0,0,0,0,0,0,0,0,0,0,0,0.65,2,2,0,0,0,5.25,15,13,0,0,0,0,0,0,2.45,9,8,0,0,0,4,12,10,1.083333333,4,4,0,0,0,0,0,0,0.25,1,1,0.75,3,3,0,0,0,1.25,4,3,0.25,1,1,0.75,2,2,1.783333333,7,7,7.183333333,19,17,0.5,2,2,0,0,0,0.25,1,1,2,4,4,0,0,0,0,0,0,0,0,0,0,0,0,0,0,0,0.25,1,1,0,0,0,0.25,1,1,0,0,0,30.03333333,58,33,8.999999999,25,24,37.68333333,82,66,0,0,0,5.583333333,15,13,0,0,0,3.816666666,12,12,1,4,4,9.449999999,29,24,8.333333333,25,19,0,0,0,0.25,1,1,0,0,0,42.65,79,51,0,0,0,1.25,5,5,0,0,0,15.18333333,43,34,0,0,0,0.25,1,1,0,0,0,0.25,1,1,0,0,0,0,0,0,1.083333333,4,4,0.25,1,1,0.25,1,1,0.5,2,2,0.25,1,1,0,0,0,0,0,0,0,0,0,0,0,0,0,0,0,19.21666667,51,48,0,0,0,1.75,5,4,0,0,0,0,0,0,1.5,6,6,46.21666667,90,60,0,0,0,0,0,0,0.25,1,1,0,0,0,0,0,0,0,0,0,8,13,12,4.583333333,9,6,0,0,0,0.5,2,2,38.93333333,80,54,0,0,0,11.53333333,26,23,5.75,9,6,0,0,0,0.25,1,1,0,0,0,0,0,0,0,0,0,4.083333333,10,10,0,0,0,0,0,0,0.25,1,1,0,0,0,2.083333333,7,7,0,0,0,0,0,0,0,0,0,1.083333333,3,3,0,0,0,0,0,0,1.416666666,5,5,1.25,2,2,0,0,0,33.1,60,42,6.833333333,17,16,0.5,2,2,2.75,6,5,8.733333332,28,27,0.5,2,2,0,0,0,0,0,0,1.583333333,6,6,0,0,0,0.5,1,1,13.63333333,37,34,0,0,0,0.25,1,1,0.5,2,2,53.51666667,91,62,0.25,1,1,0,0,0,0,0,0,0,0,0,2,3,3,14.7,26,22,0,0,0,3.75,10,9,0,0,0,0,0,0,0.25,1,1,4.75,12,10,3.283333333,13,13,12.21666667,22,14,0,0,0,0,0,0,0,0,0,0,0,0,0,0,0,23.08333333,49,32,34.13333333,77,56,65.3,123,77,0,0,0,2.616666666,8,8,0,0,0,0.45,2,2,0,0,0,0.75,3,3,0,0,0,0,0,0,2.75,7,6,0,0,0,0.25,1,1,0,0,0,10.28333333,30,27,0.833333333,3,3,8.7,19,15,0.333333333,1,1,0,0,0,96.5,153,87,13.01666667,37,37,1.25,2,2,5.416666667,17,15,0,0,0,1.75,6,6,0,0,0,20.21666667,57,54,0,0,0,BG-0002,0,0,0,0,0,0.000934663,0.001703995,0.008620486,0.00447942,0.005099524,0,0,0.000410934,0,0,0.0016461,0.047310575,0.014616234,0.058393994,0.003159565,0.001026834,0,0,0.0010391,5.64E-06,0,0.00720147,0.003457455,0.005084656,0.004975607,0.001713228,0.001111931,0,0,0,0,0,0,0.003054743,0.005237048,0.002064295,0,0,0,0.030986759,0.023132788,0.063953121,0.031119246,0,0,0,0,0,0,0,0,0,0,0,0,0,0,0,0,5.85E-06,0,0.003543623,0,0,0,0,0,0,0,0,0.004484081,0.001634501,0.00211665,0,0,0,0,0,0,0,0,0,0,0,0,0,0,0,0,0,0,0.001962683,0.000686418,0,0.031557481,0.054057857,0.047579589,0.094887889,0.00712515,0.003974178,0,0,0,0,0,0,0,0,0,0,0,0,0,0.000456215,0,0,0,2.18E-05,0.002627546,0.002420292,0,0,0,0.008749463,0,0,0,0.173090824,0.007827078,0,0,0,0.004110424,0.000671721,0.004703626,0,0.007590682,0.004408598,0.016400367,0,0.030329597,0.005186831,0,0.050463777,0,0,0.000241033,0.070160816,0,0,0,0,0,9.78E-06,0,0,0,0,0,0.021675434,0.004199733,0,0,0,0,0,0,0,0
3,BG-0003,24.25,41,28,0,0,0,0,0,0,3.749999999,10,10,0,0,0,0,0,0,2.666666667,7,6,16.58333333,36,34,0,0,0,0.333333333,1,1,0,0,0,0,0,0,0,0,0,0,0,0,0,0,0,0,0,0,3.249999999,10,9,0,0,0,0.5,1,1,5.916666666,13,10,0,0,0,2.249999999,8,6,0,0,0,0,0,0,0,0,0,1,2,2,2,5,5,0,0,0,1.5,4,4,0,0,0,0,0,0,3.166666666,9,7,0,0,0,0,0,0,0,0,0,0,0,0,4.083333333,9,8,0.5,1,1,0,0,0,0,0,0,0,0,0,0,0,0,0,0,0,0,0,0,0.333333333,1,1,0,0,0,6.833333332,15,9,7.749999998,20,20,27.83333333,55,47,0,0,0,2.416666666,6,6,0,0,0,2.666666666,6,6,0,0,0,7.666666665,20,16,9.916666667,20,16,0,0,0,0,0,0,0,0,0,19.91666667,33,25,0,0,0,1.999999999,6,6,0,0,0,8.166666665,23,21,0.5,1,1,0,0,0,0,0,0,0,0,0,0,0,0,0,0,0,0.5,2,2,0,0,0,0,0,0,0.333333333,1,1,0,0,0,0,0,0,0,0,0,0,0,0,0,0,0,0,0,0,14.41666666,36,31,0,0,0,0.666666667,1,1,0,0,0,0,0,0,1.333333333,4,4,41.5,70,47,0,0,0,0,0,0,1,4,3,1.333333333,3,2,0,0,0,0,0,0,8.416666666,12,8,6.083333332,13,10,0,0,0,0.25,1,1,29.58333333,56,44,0,0,0,4.416666666,10,10,0.833333333,2,2,0,0,0,0,0,0,0,0,0,0,0,0,0,0,0,5.749999999,14,12,0,0,0,0,0,0,0,0,0,0,0,0,0.25,1,1,0,0,0,0,0,0,0,0,0,5,12,9,0,0,0,0,0,0,1.25,4,3,0.833333333,2,2,0,0,0,32.08333333,59,41,4.166666666,7,6,1.416666666,5,5,1.416666666,4,4,11.91666667,29,25,0,0,0,0,0,0,0,0,0,6.499999999,12,11,0,0,0,1.166666667,2,2,7.583333332,19,18,0,0,0,0,0,0,4.083333332,11,11,27.08333333,45,30,0.583333333,2,2,0,0,0,0,0,0,0.333333333,1,1,0,0,0,13.25,21,10,0,0,0,0.333333333,1,1,0,0,0,0,0,0,1.249999999,4,4,2.666666666,5,3,2.083333332,7,7,1.916666667,3,3,0,0,0,0,0,0,0.333333333,1,1,0,0,0,0,0,0,16.5,34,22,29.75,60,44,20.33333333,41,32,0,0,0,3.249999999,8,8,0,0,0,0,0,0,0,0,0,0.5,1,1,0,0,0,0,0,0,5.25,11,10,0,0,0,1.25,2,1,0,0,0,4.166666665,12,11,0,0,0,12.25,23,19,0.583333333,2,2,0,0,0,101.5833333,146,75,22.83333333,48,40,0.583333333,2,2,2.333333332,8,8,0,0,0,0.833333333,2,2,0,0,0,24.33333333,51,46,0,0,0,BG-0003,0,0.000721301,0,0,2.20E-05,0,0.007964252,0.004027844,0.004635526,0.007890285,0.003013973,0,0.014144045,0,0,0.001067589,0.009057255,0.045098746,0.114990225,0.016867334,0.004762074,0,0,0.001702797,0,0,0,0,0.038259847,0.017172924,0.008185631,0.003883298,0.007485951,0,0.000644331,0,0,0,0,0.01633904,0.006180311,0.002179511,1.04E-05,0,0.007781343,0.030941575,0.085863344,0.015517869,0,0,0,0,0,0,0,0,0,0,0,0,0,0,0,0,0,0,0,0,0,0,0,0,0,0,0,0,0.003285707,0.002374215,0,0,0,0,0,0,0,0,0,0,0,0,0,0,0,0,0,0,0.013802435,0,0,0.002424881,0.050248504,0.093510148,0.080481979,0.02335957,0.008152059,0.000304416,0,0,0,0,0,0,0,0,0,0,0,0,7.02E-06,0,0,0,0.001407808,0.006467886,0,0,0,0,0.009474341,0,0,0,0.038447336,0,0,0,0,0.017075082,0.001329353,0.002366249,0,0.004693575,0.005325537,0.014114336,0,0.01901525,0.003921484,0,0.039639514,0,0,0,0.019024052,0.042743905,0,0,0,0,0.003940746,0.014651518,0,0,0,0,0,0.002501416,0,0,0,0,0,0,0,0
4,BG-0004,8.333333333,15,10,0,0,0,0,0,0,2.916666666,9,8,0,0,0,0,0,0,0.5,1,1,13.41666666,30,27,0,0,0,0,0,0,0,0,0,0.5,2,2,0,0,0,0,0,0,0,0,0,0.333333333,1,1,0.916666666,3,3,0,0,0,0,0,0,2.166666666,4,4,0,0,0,2.666666665,9,9,0.25,1,1,0,0,0,0,0,0,0,0,0,1.583333333,6,6,0,0,0,0,0,0,0.25,1,1,0,0,0,3.249999999,10,9,1.583333333,5,4,0.583333333,2,2,0,0,0,0,0,0,4.166666667,9,8,0,0,0,0,0,0,0,0,0,0,0,0,0,0,0,0.25,1,1,0,0,0,0,0,0,0,0,0,1.833333333,5,5,1.166666666,4,4,23,52,44,0,0,0,1.416666667,3,3,0,0,0,9.083333332,25,24,0.5,2,2,5.333333332,13,12,9.916666665,29,25,0,0,0,0,0,0,0,0,0,1.75,5,5,0.666666666,2,2,0.666666666,2,2,0,0,0,16.5,41,35,0.333333333,1,1,0,0,0,0.25,1,1,0,0,0,0,0,0,0,0,0,0,0,0,0,0,0,0,0,0,0.5,2,2,0.25,1,1,0,0,0,1.25,4,4,0,0,0,0.333333333,1,1,0,0,0,32,70,61,0,0,0,5,14,10,0,0,0,0,0,0,0.333333333,1,1,39.75,70,58,0,0,0,0,0,0,0,0,0,0,0,0,0,0,0,0,0,0,4.166666666,10,8,0.25,1,1,0,0,0,2.499999999,8,7,14.41666667,29,23,0,0,0,0.5,2,2,0.333333333,1,1,0,0,0,0,0,0,0,0,0,0,0,0,0,0,0,0,0,0,0,0,0,0,0,0,0.25,1,1,0,0,0,0.583333333,2,2,0.333333333,1,1,0,0,0,0,0,0,0.333333333,1,1,0,0,0,0,0,0,0,0,0,0.583333333,2,2,0,0,0,24,43,29,11.58333333,26,21,0.25,1,1,1.75,4,2,12.16666667,37,31,1.666666666,6,6,0,0,0,0,0,0,0,0,0,0,0,0,0,0,0,78.33333333,120,83,0,0,0,0,0,0,3.75,10,10,8.666666665,18,15,0.25,1,1,0,0,0,0,0,0,5.75,9,5,0.333333333,1,1,1.416666666,3,3,0,0,0,0,0,0,0.333333333,1,1,0,0,0,0,0,0,1.166666666,4,4,5.083333333,13,10,0,0,0,0,0,0,0,0,0,0.25,1,1,0,0,0,0,0,0,3.499999999,10,8,31,64,53,21.25,37,31,0,0,0,4.416666667,10,10,0,0,0,0,0,0,0.583333333,2,2,0,0,0,0.333333333,1,1,0,0,0,0,0,0,0,0,0,0,0,0,0,0,0,9.583333331,23,20,0.333333333,1,1,4.5,9,9,0,0,0,0,0,0,8.166666665,18,17,10.83333333,30,30,0.833333333,3,3,3.333333333,10,9,0,0,0,0.999999999,3,3,0,0,0,48.16666666,88,67,0,0,0,BG-0004,0,0,0,0,5.37E-05,0,1.01E-05,0,9.25E-05,0.001349755,0,0,3.99E-05,0,0,0,0.012959602,0.034068059,0.001777564,0.00312579,0.002303264,0,0,0,0,0,0.000193983,0.069270513,0.016767844,0.003058279,0.006441805,0,0,0,0.000190156,0,0,0.001367781,0.057372866,0.030304665,7.80E-05,0,0,0,0.011431924,0.104977927,0.008882283,0.020680371,0,0,0,0,0,0,0,0,0,0,0,0,0,0,0,0,0,0.000625372,0,0,0,0,0,0.000242191,0,0,1.45E-05,0.033701673,0.004807925,0.004233236,0.000259225,0,0,0,0,0,0,0,0.000546074,0,0,0,0,0,0,0,0,0,0.000707338,0,0,0.027557971,0.217775317,0.149534569,0.011170618,0.001429797,0,0,0,0,0,0,0,0,0,0,0,0,0,0,4.18E-06,0,0,0.025227146,0.041424581,0.028221925,0.006391347,0,0,0,0.001428639,0,0,0,0.004433569,0,0,0,0,0.019857472,0,0,0,0.003883235,0.002438192,0.005521656,0,0,0.007599197,0,0.014665452,0,0,0,0,0,0,0,0,0,0,0,0,0,0,0,0,0,0,0,0,0,0,0,0,0
5,BG-0005,5.25,9,8,1.75,3,3,0,0,0,3.416666666,11,10,0,0,0,0,0,0,0.25,1,1,6.666666667,13,13,0.5,1,1,0,0,0,0.25,1,1,0,0,0,0,0,0,0,0,0,0,0,0,0,0,0,0.25,1,1,0,0,0,0,0,0,3.5,5,5,0,0,0,0.75,2,2,0,0,0,0,0,0,0,0,0,0,0,0,1,1,1,0,0,0,0.333333333,1,1,0,0,0,0,0,0,1.333333333,4,4,0,0,0,0,0,0,0,0,0,0,0,0,0.5,1,1,0,0,0,0.25,1,1,0,0,0,0,0,0,0,0,0,2.833333333,7,5,0,0,0,0,0,0,0,0,0,2.166666667,5,4,2.916666666,7,7,40.25,69,56,0,0,0,0,0,0,0,0,0,6.249999999,16,15,0,0,0,2.5,4,3,6.416666666,18,18,0.25,1,1,0,0,0,0,0,0,3.25,7,7,0,0,0,0,0,0,0,0,0,12.33333333,33,26,0,0,0,0,0,0,0,0,0,0,0,0,0,0,0,0,0,0,0,0,0,0,0,0,0,0,0,0,0,0,0,0,0,0,0,0,4,5,4,0,0,0,0,0,0,0,0,0,14.41666666,36,34,0,0,0,1.833333333,5,4,0,0,0,0,0,0,0,0,0,26,50,43,0,0,0,0,0,0,0,0,0,1.5,2,2,0,0,0,0,0,0,6.916666666,14,13,0,0,0,0,0,0,0.833333333,3,3,20.5,36,27,0,0,0,2.25,3,3,0,0,0,0,0,0,0,0,0,0,0,0,0,0,0,0,0,0,1.833333333,3,3,0,0,0,0,0,0,0,0,0,0,0,0,1.333333333,4,4,0,0,0,0,0,0,0,0,0,1,1,1,0,0,0,0,0,0,0,0,0,0,0,0,0,0,0,20.25,30,22,13.75,29,25,0.5,2,2,0.333333333,1,1,3.666666666,12,12,0.5,1,1,0,0,0,0,0,0,0,0,0,0,0,0,0.666666666,2,2,42.5,72,57,0,0,0,0,0,0,2.666666666,8,7,10.08333333,17,13,0.333333333,1,1,0,0,0,0,0,0,1.833333333,4,4,1,1,1,3.5,5,4,0.333333333,1,1,0,0,0,0,0,0,0,0,0,0,0,0,3.25,7,6,2.416666666,8,7,0,0,0,0,0,0,0,0,0,0.5,2,2,0,0,0,0,0,0,7.833333333,13,11,26.16666667,49,41,14.91666667,29,20,0,0,0,3.916666666,8,8,0,0,0,0,0,0,0,0,0,0,0,0,0,0,0,0,0,0,1.166666667,2,2,0,0,0,0.5,1,1,0,0,0,3,6,5,1,1,1,5.916666666,9,9,0,0,0,0,0,0,29.25,47,32,1.833333333,6,6,1.5,3,3,0.333333333,1,1,0,0,0,0,0,0,0,0,0,48.25,81,64,0,0,0,BG-0005,0,0,0,0,0,0,0.002510058,0,0,4.30E-05,0,0,0,0,0,0.002831816,0.006398722,0.049031655,0.004271527,0.019934866,0,0,0,0,0,0,0.013329337,0.043854216,0.0321522,0.001351602,0.013274988,0.000184761,0,0,0.002656555,0,0,0,0.088346567,0.057469364,0.000374529,0.00276464,0,0,0.023293037,0.089321896,0.002181711,0.012046328,0,0,0,0,0,0,1.78E-05,0,0,0,0,0,0,0,0,0,0,0,0,0,0,0,0,0.001396689,0,0,0,0.018825904,0.033643763,0,0.002968846,0,0,0,0,0,0,0,0.000182208,0.000291235,0,0,0,0,0,0,0,0,0.001289399,0,0,0.007822656,0.193964699,0.101794932,0.016354206,8.06E-06,0.001284529,0,0,0,0,0,0,0,0,0,0,0,0,0,1.20E-05,0,0,0,0.051802034,0.01528998,0,0.000726227,0,0,0,0,0,0,0.017357991,0,0,0,0,0.013200787,0,0,0,0,0.005442191,0.013521141,0,0.012960055,0,0,0.022719886,0,0,0,0,0,0,0,0,0,0,0,0,0,0,0,0,0,0,0,0,0,0,0,0,0
6,BG-0006,28.58333333,51,35,0.333333333,1,1,0.916666666,3,3,1.583333333,5,4,0,0,0,0.25,1,1,3.749999999,8,6,17.95,43,41,0,0,0,0,0,0,0,0,0,0,0,0,0,0,0,0.5,1,1,0,0,0,0,0,0,2.583333332,7,6,0,0,0,0,0,0,4.083333332,11,10,0,0,0,1.999999999,6,6,1.249999999,4,4,0.5,1,1,0,0,0,0,0,0,3.333333332,9,9,0,0,0,0.25,1,1,0.5,1,1,0,0,0,3.533333332,11,11,3.833333333,7,6,0,0,0,0,0,0,0,0,0,3.783333333,12,12,0,0,0,0,0,0,0,0,0,0,0,0,0,0,0,2.166666667,7,7,0,0,0,0.583333333,2,2,0.333333333,1,1,12.5,23,19,5.166666665,16,14,36.31666667,74,56,0,0,0,0.833333333,2,2,0,0,0,13.4,38,36,0.583333333,2,2,1.999999999,4,4,3.333333333,8,8,0,0,0,0.25,1,1,0,0,0,28.66666667,50,34,0,0,0,1.116666667,3,3,0,0,0,10.11666667,27,25,0,0,0,0,0,0,0,0,0,0.5,1,1,0.2,1,1,0,0,0,0.5,2,2,0,0,0,0,0,0,0,0,0,0,0,0,0,0,0,1.583333333,3,3,0,0,0,0,0,0,0,0,0,22.03333333,53,49,0,0,0,2.916666666,8,8,0,0,0,0,0,0,1.083333333,3,3,47.38333333,90,65,0,0,0,0,0,0,0,0,0,0.583333333,2,2,0,0,0,0,0,0,9.416666666,16,15,5.833333333,11,8,0,0,0,1.416666666,4,4,33,56,43,0.25,1,1,15.41666666,32,28,0.25,1,1,0,0,0,0,0,0,0,0,0,0,0,0,0,0,0,3.166666666,10,10,0,0,0,0,0,0,0.25,1,1,0,0,0,3.616666666,12,10,0,0,0,0,0,0,0,0,0,2.916666666,8,6,0,0,0,0,0,0,4.416666665,13,12,4.499999999,10,10,0.25,1,1,29.66666667,54,38,5.499999999,11,10,0.833333333,3,3,1.749999999,5,5,5.75,12,12,1.783333332,6,6,0,0,0,0,0,0,4.333333332,12,12,0,0,0,5.349999999,14,14,24.83333333,42,37,0,0,0,0,0,0,3.249999998,11,11,32.33333333,56,44,0.75,2,2,0,0,0,0,0,0,0.25,1,1,3.166666666,8,8,5.583333333,11,7,0,0,0,0,0,0,0,0,0,0,0,0,0,0,0,9.333333333,22,20,5.416666667,15,13,1.333333333,3,1,0,0,0,0,0,0,1.499999999,5,5,0,0,0,0,0,0,14.86666667,28,17,38.25,79,66,35.33333333,62,44,0,0,0,4.916666667,7,7,0,0,0,0,0,0,0,0,0,0.833333333,2,2,0,0,0,0.333333333,1,1,6.916666665,16,15,0,0,0,1.583333333,3,3,0,0,0,13.03333333,37,34,1.333333333,4,4,14.66666667,27,23,0,0,0,0,0,0,104.45,156,85,1.999999999,7,7,0.583333333,2,2,3.416666665,10,10,0,0,0,3.416666665,9,7,0,0,0,30.51666667,67,53,0,0,0,BG-0006,0,3.74E-07,0,0,0,3.46E-05,0.007295399,0.004534664,0.004767554,0,0,0,0.001788767,0,0,0.001582003,0.040832991,0.048441225,0.006553259,0.002623352,0,0,0,0.002142102,0,0,0,0.021864911,0.011061307,0.016507622,0.00289946,0,0,0,0,0,0,0,0.006421871,0.006553092,0.004591144,0,0,0,0.012561768,0.034646111,0.066473176,0.022548662,0,0,0,0,0,0,1.63E-05,0,0,0,0,0,0,0,0,0,0.001217186,0.000590886,0,0,0,0,0,0,0,0,0,0,0.005292295,0.002197337,0,0,0,0,0,0,0,0,0,0,0,0,0,0,0,0,0,0,0.004105695,0,0,0.0015376,0.036703159,0.065198238,0.198743952,0.019738823,0.000624489,0,0,0,0,0,0,0,0,0,0,0,0,0,0.000626876,0,0,0,0.008759614,0.005268612,0.001418746,0,0,0,0.004401899,0,0,0,0.011300143,0,0,0,0,0.011527612,0.001502674,0.002836606,0,0.005594646,0.001215162,0.018449833,0,0.012927209,0,0,0.069539742,0,0,0.087462494,0.0031874,0.000365907,0,0,0,0.005658869,0.008591657,0.004310034,0,0,0,0.005040775,0.017757464,0.035204414,0,0,0,0.006712232,0.008148975,0,0,0
7,BG-0007,8.333333333,19,13,0,0,0,0,0,0,0.583333333,2,2,0,0,0,0,0,0,0,0,0,2.666666666,9,8,0.25,1,1,0,0,0,0,0,0,0,0,0,0,0,0,0.333333333,1,1,0,0,0,0,0,0,0.25,1,1,0,0,0,0,0,0,4.25,8,6,0.75,2,2,1.083333333,4,4,0.25,1,1,0,0,0,0.333333333,1,1,0,0,0,0.5,2,2,0,0,0,1,4,3,1.25,2,2,0.25,1,1,3.616666666,12,10,0,0,0,0,0,0,0.25,1,1,0.333333333,1,1,1.333333333,5,4,0.333333333,1,1,0.25,1,1,0,0,0,0,0,0,0,0,0,1.666666666,5,5,0,0,0,0,0,0,0,0,0,1.083333333,3,3,2.65,10,9,34.86666667,72,55,0,0,0,1.999999999,6,6,0,0,0,0.833333333,3,3,0,0,0,5.666666667,12,11,3.5,13,12,0,0,0,0,0,0,0,0,0,4.616666667,12,11,0,0,0,0,0,0,0,0,0,18.58333333,49,42,0,0,0,0,0,0,0,0,0,0,0,0,0.333333333,1,1,0,0,0,0.333333333,1,1,0,0,0,0,0,0,0,0,0,0,0,0,0,0,0,2.25,6,5,0,0,0,0,0,0,0,0,0,13.58333333,35,35,0,0,0,0.25,1,1,0,0,0,0,0,0,0,0,0,59.23333333,104,70,0,0,0,0,0,0,0,0,0,0,0,0,0,0,0,0,0,0,5.75,10,6,0,0,0,0,0,0,0,0,0,28.41666667,53,34,0.666666667,1,1,3.75,10,9,0,0,0,0,0,0,0,0,0,0,0,0,0,0,0,0,0,0,0.833333333,3,3,0,0,0,0,0,0,0,0,0,0,0,0,1.583333333,5,5,0,0,0,0,0,0,0,0,0,0.25,1,1,0,0,0,0,0,0,0.5,2,2,0,0,0,0,0,0,39.41666667,68,48,11.66666666,27,23,0.75,3,3,1.083333333,4,4,6.749999999,23,23,0.916666666,3,3,0,0,0,0,0,0,1.833333333,5,5,0,0,0,0.833333333,3,3,37.95,67,50,0.5,1,1,0,0,0,19.7,46,40,15.85,30,23,0.333333333,1,1,0,0,0,0,0,0,0.666666667,2,1,1,3,3,0.75,2,2,3.166666666,11,10,0,0,0,0,0,0,0,0,0,0.25,1,1,1.5,5,4,1.166666666,4,4,0,0,0,0,0,0,0,0,0,0,0,0,0,0,0,0,0,0,6.083333333,12,9,31.01666667,65,54,35.4,64,46,0,0,0,3.333333333,8,8,0,0,0,0,0,0,0.25,1,1,0,0,0,0,0,0,0,0,0,1.916666666,6,6,0.916666666,3,3,0.25,1,1,0.25,1,1,1.75,6,5,0.25,1,1,17.91666666,37,34,0,0,0,0,0,0,45.98333333,86,61,4.583333332,15,15,1.916666666,5,5,1.75,4,4,0,0,0,0.5,2,2,0,0,0,47.03333333,94,75,0,0,0,BG-0007,0,0,0,0,0,0.000160652,0.000107669,0,0,0.003241715,0,0,0.001761683,0,0.003191143,0.000334654,0.025226527,0.084067785,0.00168984,0.006920862,0.005999629,0,0,0.000736102,0,0,0,0.010682786,0.042588111,0.026185128,0.000823576,0.003192726,0,0,0.00156634,0,0.002098269,4.48E-05,0.004941668,0.035644637,0.005878171,0,0,0,0.020782902,0.060903386,0.055302421,0.021464197,0,0,0,0,0,0,0,0,0,0,0,0,0,0,0,0,0.002068247,0,8.69E-05,0,0,0,0,0.00030808,0,0,0,0.000521336,0.010729593,0.001840589,0,0,0,0,0,0,0,0,0,0.000123086,0,0,0,0,0,0,0,0,0.006116464,0,0,0.007718602,0.113661408,0.275366439,0.006083359,0.010156016,4.56E-05,0,0,0,0,0,0,0,0,0,0,0,0,0,0.000183134,0,0,0.029210735,0.017794177,0.024241666,0.000602545,0.000296488,0,0,0.00078017,0,0,0,0,0,0,0,0,0.004525625,0,0,0,0.003354126,0.000638652,0.006099357,0,0.011949601,0,0,0.005546119,0,0,0,0.016434482,0,0,0,0,0,0.015447668,0,0,0,0,0,0.00303316,0,0,0,0,0,0,0,0,0
8,BG-0009,7.583333333,10,7,2.499999999,5,5,1.5,2,2,11.33333333,21,17,0,0,0,0,0,0,2.666666666,8,7,6.666666664,18,17,0,0,0,0,0,0,0.75,2,2,2.333333333,3,2,0,0,0,0,0,0,0,0,0,0,0,0,3.999999999,6,4,0,0,0,0,0,0,14.66666667,28,27,0,0,0,6.999999998,18,16,1.999999999,5,5,0,0,0,0,0,0,0.833333333,2,2,8.583333332,18,17,2.083333333,5,5,0,0,0,0.666666666,2,2,0.666666667,2,1,3.249999999,10,10,0.833333333,3,3,0,0,0,0,0,0,0.333333333,1,1,12,25,22,5.666666666,12,11,0,0,0,0,0,0,0.333333333,1,1,0,0,0,13.58333333,24,23,0.333333333,1,1,1.5,2,2,0,0,0,2,4,3,7.666666665,19,17,46.83333333,84,64,0,0,0,8.749999998,22,21,0,0,0,29.16666666,55,47,0.25,1,1,23.16666667,38,33,23.25,46,39,0,0,0,0,0,0,0,0,0,5.666666666,13,11,0,0,0,2.416666666,6,6,0,0,0,20.08333333,40,34,0,0,0,1.583333333,4,4,0,0,0,0.5,2,2,0,0,0,0,0,0,1.666666667,3,3,0,0,0,0,0,0,0.333333333,1,1,0,0,0,1.166666666,3,3,3.999999999,9,9,0,0,0,0,0,0,0,0,0,10.91666666,28,28,0,0,0,0,0,0,0,0,0,0,0,0,2.583333333,6,5,42.75,78,58,0,0,0,0,0,0,0.333333333,1,1,0,0,0,0,0,0,0,0,0,4.166666666,6,4,1.833333333,5,4,0,0,0,0,0,0,10.66666667,17,17,0.583333333,2,2,7.166666666,16,16,0.333333333,1,1,0,0,0,0,0,0,0,0,0,0,0,0,0,0,0,16.91666667,31,20,0,0,0,0.583333333,2,2,0,0,0,0,0,0,0.833333333,3,3,0,0,0,0,0,0,0,0,0,3.833333333,8,8,0,0,0,0,0,0,2.333333333,6,5,0,0,0,0.333333333,1,1,108.8333333,155,82,5.916666666,11,9,1.166666666,3,3,1.75,5,5,13.58333333,29,29,6.083333332,18,15,0,0,0,0,0,0,4.083333332,10,10,0,0,0,14,30,26,24,37,29,0,0,0,0,0,0,76.5,118,77,29.75,55,42,7.083333333,19,13,0,0,0,0,0,0,0,0,0,10.25,18,18,16.41666667,30,16,0,0,0,0.75,2,2,0,0,0,0,0,0,1,1,1,9.333333333,16,14,1.666666666,5,5,3.166666667,5,5,0,0,0,0,0,0,0,0,0,0,0,0,0,0,0,12.58333333,23,16,91,142,86,11.75,23,19,0,0,0,2.249999999,6,6,0,0,0,0,0,0,0.25,1,1,0,0,0,0.25,1,1,0,0,0,18.83333333,37,32,0.333333333,1,1,1.25,2,2,0,0,0,2.416666666,6,6,1.166666666,3,3,55.91666666,81,60,0.333333333,1,1,0,0,0,98.66666667,143,75,0.333333333,1,1,1.583333333,3,3,5.916666665,18,16,0,0,0,1.25,3,3,0,0,0,72.91666667,116,79,0,0,0,BG-0009,0,8.15E-05,0,0,0,0.00411576,0.011796072,0.00705761,0.019930352,0.010881612,0.000222016,0,0.002839664,0,0,0.009716136,0.094083142,0.131331966,0.016440117,0.081768245,0.02536182,0.005246158,0,0.000618472,0,0,0,0.04635384,0.018408356,0.001467023,0.010023761,0.015118013,0.000134193,0,5.76E-05,0,0,0.003949277,0.012308638,0.004336322,0.002948914,0.003890116,0,0,0.026603239,0.060757539,0.048458706,0.067708602,0,0,0,0,0,0,0,2.12E-05,0,0,0,0,0,0,0,0,0,0,0,0,0,0,0,0,0,0,2.98E-05,0.000529109,0.002592048,0.002871489,0.000158052,0.000647162,0,0,0,0,0,0,0,0,0,0,0,0,0,0,0,0,0.000982764,0,0,0,0.122267472,0.059956484,0.004565942,0.009778343,0.000104449,0,0,0,0,0,0,0,0,0,0,0,0,0,0,0,0,0,0.017548626,0.020391427,0.002501658,0.001734861,0,0,0,0,0,0,0,0,0,0,0,0,0,0,0,0.000849639,0.00182553,0.001995989,0,0,0,0,9.43E-06,0,0,0,0,0.000343348,0,0.002530579,0,0,0,0.002143307,0,4.09E-05,0,0,0,0,6.63E-05,0,0,0,0,0,0,0
9,BG-0010,26.16666667,43,28,2.916666666,8,8,1.833333333,7,7,3.666666666,11,10,0.25,1,1,0,0,0,0.583333333,2,2,5.499999998,16,15,0.75,2,2,0,0,0,0,0,0,0,0,0,0,0,0,0,0,0,0,0,0,0,0,0,3.083333332,8,7,0,0,0,0.25,1,1,5.583333333,15,13,0.5,2,2,5.166666664,14,14,3.666666666,9,9,0.5,2,2,0.333333333,1,1,1.5,6,5,2.583333333,9,8,0,0,0,2.166666665,7,7,0.333333333,1,1,0.25,1,1,2.749999999,9,9,0.5,2,2,0,0,0,0.333333333,1,1,0,0,0,1.666666666,6,5,0.5,1,1,0,0,0,0,0,0,0,0,0,0,0,0,11.16666667,27,27,0,0,0,0,0,0,0,0,0,16.08333333,30,22,7.416666666,24,21,41.41666667,76,59,0,0,0,2.666666667,7,7,0,0,0,9.749999997,29,28,0.25,1,1,16.25,31,25,13.75,30,25,0,0,0,8.25,21,20,0,0,0,19,38,25,1.416666666,5,5,0,0,0,0,0,0,45.75,96,62,0.25,1,1,0.333333333,1,1,0,0,0,0,0,0,0,0,0,0,0,0,0.333333333,1,1,0,0,0,0,0,0,1.083333333,4,4,0,0,0,0,0,0,0.666666666,2,2,0,0,0,0,0,0,0.333333333,1,1,19.33333333,47,45,0.333333333,1,1,0.333333333,1,1,0.333333333,1,1,0,0,0,1.083333333,4,4,75.58333334,132,75,0,0,0,0.25,1,1,0,0,0,0.25,1,1,0,0,0,0.25,1,1,15.83333333,25,18,2.916666666,6,5,0.333333333,1,1,0.583333333,2,2,52.91666667,82,49,0.25,1,1,4.833333333,10,10,2,3,2,0,0,0,0,0,0,0,0,0,0,0,0,0.916666666,3,3,1,3,3,0,0,0,0.916666666,3,3,0,0,0,0,0,0,1.083333333,3,3,0.333333333,1,1,0,0,0,0,0,0,1.75,4,3,0,0,0,0,0,0,3.166666665,9,8,5.833333333,12,12,0,0,0,43.66666667,77,51,32.5,61,41,5.666666666,15,14,1.583333333,6,5,12.75,34,34,2.333333332,8,8,0,0,0,0,0,0,3.166666666,12,10,0.583333333,2,2,2.499999999,9,9,25.25,46,37,0,0,0,0.25,1,1,68.58333333,106,72,57.25,94,69,5.25,13,8,0,0,0,0,0,0,0.583333333,2,2,2.083333333,5,5,13.66666667,26,17,6.75,18,17,0,0,0,0,0,0,0,0,0,0.25,1,1,9.916666667,22,19,0.5,2,2,3.833333333,7,6,0,0,0,0,0,0,0.583333333,2,2,0,0,0,0,0,0,19.83333333,41,30,75.75,120,72,25,44,32,0,0,0,3.666666666,8,8,0,0,0,0,0,0,0,0,0,0,0,0,0,0,0,0,0,0,3,8,8,0,0,0,1.916666666,5,5,0,0,0,4.583333333,14,14,0.25,1,1,5.5,13,11,0.25,1,1,0,0,0,42.16666667,72,50,2.583333332,9,9,3.083333333,8,8,3.166666666,11,11,0,0,0,2.5,7,5,0.833333333,2,2,53.66666667,99,71,0,0,0,BG-0010,0,0,0,0,0,0,0,0.004169651,0,0,0.00178866,0,0.006996946,0,0,0.03445327,0.037276197,0.040045846,0.000241167,0.003645034,0.000191717,8.58E-05,0,0.033271196,0,4.39E-05,0.015194519,0.013288583,0.08718105,0.055584767,0.018319008,0.015218033,0.065604952,0,0.003428238,0,0,0.009393027,0.001341665,0.00031798,0.020480421,0.020872346,0,0.000508017,0.203438452,0.048983457,0.053808216,0.065616354,0,0,0,0,0,0,0,0,0,0,0,0,0,0,0,0,0,0,0,0,0,0,0,0,0,0,0,0,0,0,0,0,0,0,0,0,0,0,0,0,0,0,0,0,0,0,0,0,0.002537088,0,0,0,0.004999773,0,0.002628709,0.000933172,0.0021733,0.004440825,0,0,0,0,0,0,0,0,0,0,0,0,0.000836686,0,0.007375284,0.001425806,0.003038616,0.040798232,0.018709896,0.032757577,0.00038998,0.013323811,0,0,0.000382911,0,0,0,0,0,0,0,0,0,0,0,0.002873972,0,0,0,0,0,8.67E-05,0,0,0,0,0,0,0,0,0,0,0,0,0,0,0,0,0,0,0,0,0,0,0,0,0
10,BG-0011,28.5,53,39,0.333333333,1,1,0,0,0,4.166666666,13,12,0,0,0,0,0,0,10.2,26,19,8.7,25,24,0,0,0,0,0,0,0,0,0,0.333333333,1,1,0,0,0,0,0,0,0,0,0,0,0,0,8.333333334,20,18,0,0,0,0,0,0,4.75,10,9,0,0,0,1.083333333,4,4,0.833333333,2,2,0,0,0,0,0,0,0.25,1,1,4.75,12,11,0,0,0,0.25,1,1,0,0,0,0,0,0,1.25,4,4,0,0,0,0,0,0,0,0,0,0,0,0,4.199999999,13,11,0,0,0,0,0,0,0,0,0,0,0,0,0,0,0,0,0,0,0,0,0,4.75,14,11,0,0,0,12,21,12,1.5,6,6,22.91666667,52,41,0,0,0,0.666666666,2,2,0,0,0,1.583333333,6,6,0.5,1,1,1.916666666,6,6,5.333333332,19,19,0,0,0,0,0,0,0,0,0,11.43333333,26,18,0.333333333,1,1,0,0,0,0,0,0,4.666666666,13,12,0,0,0,0.25,1,1,0,0,0,0,0,0,0,0,0,0,0,0,0,0,0,0,0,0,0,0,0,0,0,0,0,0,0,0,0,0,0.333333333,1,1,0,0,0,0,0,0,0,0,0,2.833333333,9,9,0,0,0,0.333333333,1,1,0,0,0,0,0,0,0,0,0,38.2,82,68,0,0,0,0,0,0,0.2,1,1,0,0,0,0,0,0,0,0,0,9.266666667,16,12,2.45,5,3,0,0,0,0.583333333,2,2,26.03333333,49,35,0,0,0,9.616666665,25,25,0,0,0,0,0,0,0,0,0,0,0,0,0,0,0,0,0,0,7.166666667,18,16,0,0,0,0,0,0,0,0,0,0,0,0,0.25,1,1,0,0,0,0,0,0,0,0,0,0.25,1,1,0,0,0,0,0,0,0,0,0,0,0,0,0,0,0,89.03333333,140,73,0,0,0,0,0,0,5.833333333,17,17,1.166666666,4,4,0,0,0,0,0,0,0.25,1,1,7.749999999,22,20,0,0,0,0.25,1,1,16.91666667,33,27,0,0,0,0,0,0,2,6,5,55.58333333,94,65,0,0,0,0,0,0,0,0,0,0,0,0,7.416666666,18,18,0.583333333,2,2,0.25,1,1,0.333333333,1,1,0,0,0,0,0,0,0.25,1,1,0.333333333,1,1,0,0,0,0.583333333,2,2,0,0,0,0,0,0,0.666666667,1,1,0,0,0,0,0,0,5.083333333,12,8,46.56666667,91,60,61.41666667,107,72,0,0,0,9.7,19,19,0,0,0,0,0,0,0,0,0,0,0,0,0,0,0,0,0,0,5.833333333,14,11,0,0,0,0.25,1,1,0,0,0,2.333333333,7,7,0,0,0,12.73333333,30,28,0.833333333,3,3,0,0,0,102.4333333,160,87,0,0,0,0.25,1,1,5.866666666,18,16,0,0,0,1.083333333,3,3,0,0,0,14.25,31,26,0,0,0,BG-0011,0,0.000108841,0,0,0,0.003003649,0.021703115,0.005295289,0.001445412,0.002397744,0,0,0.000575748,0,0,0.00065622,0.085803011,0.240718302,0.01246866,0.000603293,0.001607575,0,0,0.002265425,0,0,0,0.005108459,0.037115111,0.00562973,0.005451375,0.000724231,0,0,1.71E-05,0,0,0,0.002538926,0.006287603,0.000548023,0,0,0,0.000605675,0.043191223,0.02578085,0.012976661,0,0,0,0,0,0,6.26E-05,0,0,0,0,0,0,0,0,0,0,0.001284807,0.000385421,0,0,0,0,1.87E-05,0,0,0,0.001460552,0.004968173,3.59E-05,0,0,0,0,0,0,0,0,0,2.34E-05,0,0,0,0,0,0,0,0,0.003739578,0,0,0,0.009707121,0.039619332,0.034744249,0.011428635,0.00014912,0,0,0,0,0,0,0,0,0,0,0,0,0,0,0,0,0,0.003293573,0.001321216,0.001192499,0,0,0,0.007658316,0,0,0,0.060362977,0,0,0,0,0.019683279,0,0,0,0.001737223,0.006805358,0.009929276,5.69E-05,0.016018429,0.002598924,0,0.04525684,0,0,0.028143496,0.051666193,0.000544274,0,0,0,0.003679145,0.011614493,0.012737863,0,0,0,0.010359569,0.062190436,0.011395675,0,0,0,0,0,0,0,0
11,BG-0012,11.78333333,30,24,0,0,0,0.5,2,2,19.36666667,47,40,0.833333333,3,3,0,0,0,5.416666666,15,13,27.23333333,74,66,0.75,3,2,0,0,0,0,0,0,0,0,0,0,0,0,0,0,0,0.25,1,1,0,0,0,4.066666666,12,11,0,0,0,0.833333333,3,3,3.416666666,9,8,0,0,0,5.583333333,17,15,5.333333333,16,15,0,0,0,0,0,0,6.333333334,15,12,5.6,13,11,1.25,4,4,0.75,3,3,0.25,1,1,0,0,0,0.25,1,1,1,4,3,0,0,0,0.25,1,1,0,0,0,5.116666666,14,14,4.25,10,9,0.25,1,1,0.333333333,1,1,0,0,0,0.25,1,1,4.333333333,14,14,0,0,0,0.583333333,2,2,0,0,0,19.81666667,44,35,7.583333334,25,22,42.5,92,71,0,0,0,1.5,4,4,0,0,0,3.383333333,13,11,0.45,2,2,2.95,6,6,2.833333333,11,11,0,0,0,0,0,0,0,0,0,12.78333333,36,32,0,0,0,0,0,0,0.25,1,1,11.5,30,26,0.25,1,1,0.333333333,1,1,0,0,0,0.25,1,1,1,3,3,0.25,1,1,0.75,3,2,0,0,0,0,0,0,1,4,4,0,0,0,0,0,0,0.25,1,1,0.25,1,1,0,0,0,0,0,0,2,7,7,0,0,0,0,0,0,0,0,0,0,0,0,0.25,1,1,38.8,76,64,0,0,0,0,0,0,0.5,2,2,0.5,2,2,0,0,0,0,0,0,8.7,20,17,11,23,16,0,0,0,0,0,0,52.5,100,67,0.25,1,1,4,12,12,1,2,2,0,0,0,0,0,0,0.25,1,1,0,0,0,0,0,0,21.23333333,47,39,0,0,0,0.25,1,1,0,0,0,0,0,0,0,0,0,0,0,0,0,0,0,0,0,0,1.5,4,4,0.25,1,1,0,0,0,0.5,2,2,1.2,3,3,0,0,0,81.46666667,136,72,0.75,2,2,0,0,0,2.5,7,6,1.75,7,7,1.583333333,6,6,0,0,0,0,0,0,5.933333333,18,17,1.583333333,6,6,1.7,7,7,18.15,39,32,0,0,0,0,0,0,14.41666667,37,35,60.2,115,78,0.25,1,1,0,0,0,0.25,1,1,0,0,0,1.5,3,3,22.86666667,41,32,0,0,0,1.5,4,4,0,0,0,0,0,0,0.583333333,2,2,14.08333333,36,28,1.416666666,5,5,20.25,45,36,0,0,0,0,0,0,2.116666666,8,8,0.75,3,3,0,0,0,22.11666667,46,34,25.15,59,45,54.28333333,111,70,0,0,0,32.66666667,64,57,0,0,0,0,0,0,0,0,0,0.5,2,2,0,0,0,0.5,1,1,1.25,3,3,0,0,0,1.5,4,4,0,0,0,2,8,8,0.75,3,3,23.98333333,46,41,0,0,0,0.25,1,1,128.6166667,197,93,0,0,0,0,0,0,2.083333333,6,5,0,0,0,11,22,20,0,0,0,33.1,67,52,0,0,0,BG-0012,0,0.000143158,0,0,0,0.000147475,0.000339169,0,7.18E-06,0,0,0,0.002838101,0,0,0.003657864,0.037625066,0.159922466,0.026260265,0.064530749,0.016976784,0,0,0.004612936,0,0,3.57E-05,0.043849538,0.043545166,0.011378804,0.045252826,0.002342078,0,0,1.74E-07,0,0,0,0,0,0,0,0.000717482,0,0.015252252,0.091288212,0.03373631,0.024138941,0,0,0,0,0,0,0,0,0,0,0,0,0.000238927,0,0,0.000340839,0.00686368,0.006495835,0,0.001818009,0,0,0,0.000142334,0,0,0,0.000212422,0.004575639,0.001549159,0.001557565,0,0,0,0,0,0,0,0,0,0,0,0,0,0,0,0,0,0,0,0,0,0.000728074,0.017934521,0.001697735,0.008506102,0,0,0,0,0,0,0,0,0,0,0,0,0,0,0,0,0,0,0.031506892,0.006013162,0.000570282,0,0,0,0.00241838,0,0,0,0.06419885,0.003047776,0,0,0,0.062378524,0,0,0,0.026668672,0.003555927,0.04843876,0,0.005415987,0.001970692,0,0.063057346,0,0,0,0,0,0,0,0,0,0,0,0,0,0,0,0,0,0,0,0,0,0,0,0,0
12,BG-0013,12.16666667,22,16,0,0,0,0.333333333,1,1,0.75,3,2,0,0,0,0,0,0,2.25,6,5,8.75,25,23,0.25,1,1,0,0,0,0,0,0,1.7,7,6,0,0,0,0.25,1,1,0,0,0,0,0,0,2.833333333,9,9,0.25,1,1,0,0,0,3.3,6,4,0,0,0,4.666666666,12,11,1.833333333,4,4,0.5,1,1,0.25,1,1,0.25,1,1,5.2,15,13,0,0,0,0.7,3,3,0.2,1,1,1.416666667,3,2,2.449999999,9,9,0,0,0,0,0,0,0,0,0,0,0,0,8.65,21,19,0.5,2,2,0,0,0,0,0,0,0,0,0,0,0,0,8.866666664,26,26,0,0,0,2,3,2,0,0,0,3.666666666,8,7,3.95,16,16,35.35,75,58,0,0,0,0.5,1,1,0,0,0,4.583333333,17,17,2.4,8,8,18.73333333,42,33,3.916666666,14,13,0,0,0,0,0,0,0,0,0,5,11,9,0.2,1,1,0,0,0,0,0,0,23.41666667,59,44,0.583333333,2,2,0,0,0,0,0,0,0,0,0,0,0,0,0,0,0,0,0,0,0,0,0,0,0,0,0.583333333,2,2,0,0,0,0,0,0,0.5,2,2,0,0,0,0,0,0,0,0,0,6.199999999,20,20,0,0,0,1.916666667,6,5,0,0,0,0,0,0,0.5,2,2,77.45,133,86,0,0,0,0,0,0,0,0,0,0,0,0,0,0,0,0,0,0,1.833333333,3,2,2.616666667,6,6,0,0,0,0.25,1,1,20.65,37,28,0.25,1,1,5.033333333,15,14,0.25,1,1,0.25,1,1,0.25,1,1,0,0,0,0,0,0,0.333333333,1,1,10.15,28,24,1.666666667,6,4,0.25,1,1,0,0,0,0,0,0,1.833333333,6,6,0,0,0,0,0,0,0.333333333,1,1,0.666666667,1,1,0.25,1,1,0,0,0,1.666666666,5,5,1.5,2,2,0,0,0,88.8,148,74,3.033333333,8,7,2.833333333,8,8,2.583333333,8,7,0.833333333,3,3,1.699999999,6,6,0,0,0,0,0,0,14.91666667,32,28,0,0,0,5.233333332,17,16,18.16666667,32,29,0,0,0,0,0,0,17.93333333,47,39,36.53333333,72,56,1.583333333,6,6,0.25,1,1,0,0,0,0,0,0,20.1,43,36,2.583333333,6,6,0.5,2,2,0,0,0,0,0,0,0,0,0,0,0,0,6.116666666,15,13,0.25,1,1,1.666666667,3,3,0,0,0,0,0,0,0.25,1,1,0,0,0,0,0,0,6.65,16,12,26.48333333,60,51,42.2,68,47,0,0,0,1.333333333,2,2,0,0,0,0,0,0,0,0,0,0.75,3,3,0,0,0,0,0,0,5.183333333,15,14,0.5,2,2,1.916666667,3,3,0,0,0,1.283333333,5,5,1.083333333,4,4,14.45,28,23,0.5,2,2,0,0,0,86.7,144,82,0,0,0,0.25,1,1,29.75,62,47,0,0,0,0.25,1,1,0,0,0,50.8,91,66,0,0,0,BG-0013,0,0.000694356,0,0,0,0,0.002582302,0.000226169,0.001042972,0,0,0,0.000457639,0,0,0,0.102674572,0.099384741,0.054028146,0.008490835,0,0.000974906,0,0.000577597,0,0,0,0.035003898,0.014194187,0.001964908,0.001010579,0,0,0,0.004501743,0,0,0,0.123466539,0.116824266,0.020091753,6.38E-05,0,0,0.038608765,0.115196071,0.045914847,0.020744447,0,0,0,0,0,0,0,0,0,0,0,0,0,0,0,0,0,0,0,0,0,0,0,0.001196644,0,0,0,0.000494053,0.006352005,0.000723003,0,0,0,0,0,0,0,0,0,0.000182934,0,0,0,0,0,0,0,0,0.000227884,0,0,0,0.015288757,0.019461887,0.011832946,0.000195555,0,0,0,0,0,0,0,0,0,0,0,0,0,0,0,0,0,0,0.002499982,0.002237509,0.001833449,0,0,0,0,0,0,0,0,0,0,0,0,0.002392745,0,0,0,0,0.002237542,0.001067608,0,0,0.011899052,0,0.001882465,0,0,0.057444124,0.011743442,0.002687075,0,0,0,0,0,0,0,0,0,0,0,0.010192346,0,0,0,0.021072826,0,0.006634998,0,0
13,BG-0014,31.91666667,57,44,0,0,0,0,0,0,1.583333333,5,5,0,0,0,0,0,0,0.5,1,1,4.699999999,14,14,0.5,1,1,0,0,0,0,0,0,0,0,0,0,0,0,0.75,2,2,0,0,0,0,0,0,0.25,1,1,0,0,0,0.583333333,2,2,1.5,3,2,0.25,1,1,0.25,1,1,0.75,3,3,0.333333333,1,1,0.5,1,1,0,0,0,1.2,4,4,0,0,0,0.5,1,1,0,0,0,0,0,0,1.333333333,4,4,0.75,2,2,0,0,0,0,0,0,0,0,0,1.25,3,3,0,0,0,0,0,0,0,0,0,0,0,0,0,0,0,0.833333333,3,3,0,0,0,0.25,1,1,0,0,0,3.5,10,8,4.833333333,17,17,32.63333333,69,64,0,0,0,0.5,1,1,0.333333333,1,1,2.583333333,9,9,0.666666666,2,2,0,0,0,5.666666666,20,18,0.333333333,1,1,0,0,0,0,0,0,8.166666666,16,15,0,0,0,0,0,0,0.5,1,1,20.58333333,52,47,0.25,1,1,0.25,1,1,0,0,0,0,0,0,0,0,0,0,0,0,0,0,0,0,0,0,0,0,0,0,0,0,0,0,0,0,0,0,0.5,1,1,0,0,0,0,0,0,0.5,2,2,15.86666667,47,47,0.333333333,1,1,2.7,9,9,0,0,0,0,0,0,0.25,1,1,84.88333333,125,95,0,0,0,0,0,0,0,0,0,0,0,0,0,0,0,0,0,0,2.483333333,6,5,0.5,2,2,0,0,0,0.783333333,3,3,60.06666667,97,62,0.5,1,1,3,7,7,0,0,0,0,0,0,0,0,0,0,0,0,0.25,1,1,0,0,0,0,0,0,0,0,0,1.866666666,6,6,0,0,0,0,0,0,1.25,3,3,0,0,0,0,0,0,0,0,0,0,0,0,0,0,0,0,0,0,1.25,4,4,0.95,3,3,0,0,0,5.116666666,12,10,28.78333333,67,55,0,0,0,2.75,6,6,4.833333332,17,17,0.5,2,2,0.25,1,1,0.25,1,1,0.25,1,1,0,0,0,0.833333333,3,3,25.48333333,49,45,0,0,0,0,0,0,6.083333333,15,15,5.333333333,13,12,0,0,0,0,0,0,0,0,0,0,0,0,1.583333333,6,5,0,0,0,1,3,3,0,0,0,0,0,0,0,0,0,0,0,0,0.333333333,1,1,1,3,3,0,0,0,0,0,0,0,0,0,0.75,2,2,0,0,0,0,0,0,10.66666667,30,26,20.75,47,42,24,51,41,0,0,0,3.166666667,6,4,0,0,0,0,0,0,0,0,0,0,0,0,0,0,0,0,0,0,0,0,0,0,0,0,0.95,3,3,0,0,0,11.28333333,28,27,4.333333333,12,10,23.28333333,39,33,0.25,1,1,0.25,1,1,93.16666667,146,82,0.25,1,1,0.75,2,2,1.783333333,5,5,0,0,0,0,0,0,0,0,0,38.61666667,77,64,0,0,0,BG-0014,0,0,0.001847791,0,0,0.007324535,0.000204163,0.000645507,0.009267957,0.002077656,0,0,5.91E-05,0.001786547,0,0.000124396,0.01041366,0.008925693,0.002842934,4.74E-05,0.000206774,0,0,2.35E-05,0.020236909,0,0,0.020386066,0.011163277,6.14E-06,0.000113228,0.002349381,0,0,1.06E-07,0.021206889,0,0.000190893,0.066235636,0.022120123,0.005115822,0.00013341,0,0,0.097526425,0.072195535,0.224593916,0.021398465,0,0,0,0,0,0,0,0,0,0,0,0,0,0,0,0,0,0,0,0,0,0,0,0,0.005804612,0,0.001462392,0.015771706,0,0.000167049,6.24E-05,0,0,0,0,0,0,0,0,0,0,0,0,0,0,0,0,0,0.003971959,0.040289008,0.003783042,0.020757481,0.123033558,0.051937994,0.008187947,0.005780228,0,3.31E-05,0,0,0,0,0,0,0,0,0,0,0,0,0,0.008069988,0,9.77E-05,0.034839578,0.006504194,0.00512028,0.000245055,0,0,0.000223881,0,0,0,0,0,0,0,0,0.002315417,0,0,0,0.001869003,0.004862084,0.006771167,0,0.010233305,0,0,0.0075368,0,0,0,0,0,0,0,0,0,0,0,0,0,0,0,0,0,0,0,0,0,0,0,0,0
