"","L3x3","ALFL_max_sum","AMBI_max_sum","AMCO_max_sum","AMCR_max_sum","AMGO_max_sum","AMRE_max_sum","AMRO_max_sum","AMWI_max_sum","ATSP_max_sum","BADO_max_sum","BAOR_max_sum","BARS_max_sum","BAWA_max_sum","BAWW_max_sum","BBWA_max_sum","BCCH_max_sum","BCFR_max_sum","BHCO_max_sum","BHVI_max_sum","BLBW_max_sum","BLJA_max_sum","BLPW_max_sum","BOCH_max_sum","BOOW_max_sum","BOWA_max_sum","BRBL_max_sum","BRCR_max_sum","BRSP_max_sum","BTGN_max_sum","BTNW_max_sum","BWHA_max_sum","BWWA_max_sum","CANG_max_sum","CAWA_max_sum","CCLO_max_sum","CCSP_max_sum","CEDW_max_sum","CHSP_max_sum","CMWA_max_sum","COLO_max_sum","CONI_max_sum","CONW_max_sum","CORA_max_sum","COYE_max_sum","CSWA_max_sum","DEJU_max_sum","EAKI_max_sum","EAPH_max_sum","EUST_max_sum","FOSP_max_sum","FRGU_max_sum","GCKI_max_sum","GCTH_max_sum","GHOW_max_sum","GRAJ_max_sum","GRCA_max_sum","GRYE_max_sum","HASP_max_sum","HEBA_max_sum","HEDT_max_sum","HENO_max_sum","HERA_max_sum","HETH_max_sum","HETR_max_sum","HEWI_max_sum","HOFI_max_sum","HOSP_max_sum","HOWR_max_sum","LCSP_max_sum","LEFL_max_sum","LEYE_max_sum","LIAI_max_sum","LIBA_max_sum","LIDT_max_sum","LINO_max_sum","LIRA_max_sum","LISP_max_sum","LITR_max_sum","LIWI_max_sum","MAWA_max_sum","MAWR_max_sum","MEGU_max_sum","MGWA_max_sum","MOAI_max_sum","MOBA_max_sum","MODO_max_sum","MODT_max_sum","MONO_max_sum","MORA_max_sum","MOTR_max_sum","MOWA_max_sum","MOWI_max_sum","MYWA_max_sum","NAWA_max_sum","NESP_max_sum","NOBO_max_sum","NOFL_max_sum","NOGO_max_sum","NOPA_max_sum","NOWA_max_sum","NRWS_max_sum","NSWO_max_sum","OCWA_max_sum","OSFL_max_sum","OVEN_max_sum","PAWA_max_sum","PAWR_max_sum","PBGR_max_sum","PHVI_max_sum","PISI_max_sum","PIWO_max_sum","PSFL_max_sum","PUFI_max_sum","RBGR_max_sum","RBNU_max_sum","RCKI_max_sum","RESQ_max_sum","REVI_max_sum","RNGR_max_sum","RUBL_max_sum","RUGR_max_sum","RWBL_max_sum","SACR_max_sum","SAPH_max_sum","SAVS_max_sum","SCTA_max_sum","SEWR_max_sum","SORA_max_sum","SOSA_max_sum","SOSP_max_sum","SPSA_max_sum","SPTO_max_sum","SWSP_max_sum","SWTH_max_sum","TEWA_max_sum","TOSO_max_sum","TRES_max_sum","UNAM_max_sum","UNBL_max_sum","UNCV_max_sum","UNFI_max_sum","UNFL_max_sum","UNKN_max_sum","UNOW_max_sum","UNPA_max_sum","UNSH_max_sum","UNSP_max_sum","UNSW_max_sum","UNTE_max_sum","UNTH_max_sum","UNTR_max_sum","UNVI_max_sum","UNWA_max_sum","UNWO_max_sum","UNYE_max_sum","VATH_max_sum","VEER_max_sum","WAVI_max_sum","WBBE_max_sum","WBNU_max_sum","WCSP_max_sum","WETA_max_sum","WEWP_max_sum","WISN_max_sum","WIWA_max_sum","WIWR_max_sum","WOFR_max_sum","WTDE_max_sum","WTSP_max_sum","WWCR_max_sum","YBFL_max_sum","YBSA_max_sum","YEWA_max_sum","YHBL_max_sum","YRWA_max_sum"
"1","L-1-0",8,0,0,0,0,3,4,0,0,0,0,0,0,1,1,1,0,0,2,0,0,0,0,0,0,0,3,0,0,0,0,0,0,0,0,2,0,6,2,0,0,0,0,5,0,1,0,0,0,0,0,0,0,0,0,0,0,0,0,0,0,0,8,0,0,0,0,0,0,4,0,0,0,0,0,0,6,0,0,5,0,0,0,0,0,0,0,0,0,0,3,0,0,0,0,0,0,0,0,0,0,0,2,0,9,0,0,0,1,0,0,0,0,4,0,5,0,3,0,0,0,0,0,0,0,0,0,0,0,0,0,0,0,11,16,0,0,0,0,0,0,0,0,0,5,0,0,0,0,1,3,8,3,0,0,0,0,0,0,0,0,0,0,0,1,5,1,0,19,0,1,0,0,0,5
"2","L-1-1",4,0,0,0,0,6,0,0,0,0,0,0,0,1,0,0,0,1,1,0,0,0,0,0,0,0,0,0,0,0,0,0,0,0,0,0,0,1,1,0,0,0,0,3,0,0,0,0,0,0,0,0,0,0,0,0,0,0,0,0,0,0,5,0,0,0,0,0,0,1,0,0,0,0,0,0,2,0,0,1,0,0,0,0,0,0,0,0,0,0,4,0,0,0,0,0,0,0,0,2,0,0,0,0,8,0,0,0,1,0,0,0,0,4,0,0,0,7,0,0,0,0,0,0,0,0,0,0,0,0,0,0,0,4,12,0,0,0,0,0,0,0,3,0,5,0,0,0,0,1,1,3,2,0,0,0,0,0,0,0,0,3,0,0,0,2,0,0,10,0,0,0,0,0,0
"3","L-1-2",6,0,0,0,0,1,4,0,0,0,0,0,0,1,1,0,0,1,0,0,0,0,1,0,0,0,0,0,0,0,0,0,0,0,0,2,1,3,1,0,0,1,0,3,0,0,0,0,0,0,0,0,0,0,0,0,0,0,0,0,0,0,4,0,0,0,0,0,0,1,0,0,0,0,0,0,2,0,0,2,0,0,0,0,0,0,0,0,0,0,1,0,0,0,0,0,0,0,0,0,0,0,0,0,5,0,0,0,1,0,0,0,0,2,0,1,0,3,0,0,0,0,0,0,0,0,0,0,0,1,0,0,0,4,10,0,1,0,0,0,0,0,0,0,2,0,0,0,0,2,1,3,2,0,0,0,0,0,0,0,0,0,0,0,0,0,0,0,11,0,0,0,0,0,2
"4","L-1-3",2,0,0,0,0,0,1,0,0,1,0,0,0,1,0,0,1,0,0,0,0,0,0,0,0,0,0,0,0,0,0,0,0,0,0,0,0,6,3,0,0,0,0,3,0,1,0,0,0,0,0,0,0,0,0,0,0,0,0,0,0,0,2,0,0,0,0,0,0,1,0,0,0,0,0,0,0,0,0,3,0,0,0,0,0,0,0,0,0,0,2,0,0,0,0,0,0,0,0,0,0,0,0,0,5,0,0,0,0,0,0,0,0,3,0,0,0,2,0,0,0,2,0,0,0,0,0,0,0,0,0,0,0,3,10,0,0,0,0,0,0,0,2,0,4,0,0,0,0,0,1,3,0,0,0,0,0,0,0,0,0,0,0,0,0,7,0,0,9,0,0,0,0,0,2
"5","L-1-4",0,0,0,0,0,3,0,0,0,0,0,0,0,1,1,0,2,1,1,0,0,0,0,0,0,0,0,0,0,0,0,0,0,0,0,0,0,1,2,0,0,0,0,2,0,0,0,0,0,0,0,1,0,0,0,0,0,0,0,0,0,0,2,0,0,0,0,0,0,1,0,0,0,0,0,0,2,0,0,2,0,0,0,0,0,0,0,0,0,0,1,0,0,0,0,0,0,0,0,0,0,0,0,0,6,0,0,0,1,0,0,0,0,0,0,1,0,6,0,0,0,0,0,0,0,0,0,0,0,0,0,0,0,5,8,0,0,0,0,0,0,0,0,0,3,0,0,0,0,3,3,4,2,0,0,0,0,0,0,0,0,0,0,0,0,0,0,0,5,0,0,0,0,0,1
"6","L-1-5",5,0,0,0,0,1,1,0,0,0,0,0,0,0,0,0,2,0,1,0,0,0,0,0,0,0,0,0,0,0,0,0,0,1,0,0,0,2,1,0,0,0,0,3,0,1,0,0,0,0,0,0,0,0,0,0,0,0,0,0,0,0,3,0,0,0,0,0,0,0,0,0,0,0,0,0,3,0,0,1,0,0,0,0,0,0,0,0,0,0,3,0,0,0,0,0,0,0,0,1,0,0,0,0,7,0,0,0,1,0,0,0,0,4,0,0,0,3,0,0,0,0,0,0,0,0,0,0,0,1,0,0,0,7,9,0,0,0,0,0,0,0,0,0,3,0,0,0,0,1,2,2,2,0,0,0,0,0,0,0,0,3,0,0,0,3,0,0,10,0,0,0,0,0,2
"7","L-1-6",2,0,0,0,0,3,2,0,0,0,0,0,0,2,1,0,0,0,1,0,0,0,1,0,0,0,0,0,0,0,0,0,0,2,0,1,0,2,1,0,0,0,1,1,0,0,0,0,0,0,0,0,0,0,0,0,0,0,0,0,0,0,2,0,0,0,0,0,0,4,0,0,0,0,0,0,1,0,0,2,0,0,0,0,0,0,0,0,0,0,3,0,0,0,0,0,0,0,0,1,0,0,0,0,9,0,0,0,3,0,0,0,0,3,0,2,0,8,0,0,0,0,0,0,1,0,0,0,0,0,0,0,0,6,14,0,0,0,0,0,0,0,0,0,3,0,0,0,0,1,1,3,4,0,0,0,0,1,0,0,0,0,0,0,1,2,0,0,13,0,1,0,0,0,3
"8","L-1-7",4,0,0,0,0,0,2,0,0,0,0,0,0,2,2,1,1,0,0,0,0,0,0,0,1,0,0,0,0,0,0,0,0,0,0,2,2,5,1,0,0,0,0,2,0,1,1,0,0,0,0,0,0,0,0,0,0,0,0,0,0,0,3,0,0,0,0,0,0,2,0,0,0,0,0,0,4,0,0,3,0,0,0,0,0,0,0,0,0,0,3,0,0,0,0,0,0,0,0,1,0,0,0,0,3,1,0,0,1,0,0,0,0,1,0,1,0,4,0,0,0,0,0,0,0,0,0,0,0,0,0,0,0,6,16,0,0,0,0,0,0,0,0,0,6,0,0,0,0,2,3,5,4,0,0,0,0,1,0,0,0,0,1,0,0,1,0,0,9,0,0,0,0,0,2
"9","L-1-8",4,0,0,0,0,2,1,0,0,0,0,0,0,1,0,0,2,0,0,0,0,0,0,0,0,0,0,0,0,0,0,0,0,1,0,0,2,5,2,0,0,0,0,2,0,0,0,0,0,0,0,0,0,0,0,0,0,0,0,0,0,0,1,0,0,0,0,0,0,3,0,0,0,0,0,0,1,0,0,4,0,0,0,0,0,0,0,0,0,0,1,0,0,0,0,0,0,0,0,1,0,0,0,0,4,0,0,0,0,0,0,0,1,4,0,2,0,1,0,0,0,0,0,0,0,0,0,0,0,0,0,0,1,6,12,0,0,0,0,0,0,0,0,0,5,0,0,0,0,1,3,5,3,0,0,0,0,1,0,0,0,1,1,0,1,3,0,0,10,0,0,0,0,0,2
"10","L-1-9",4,0,0,0,0,0,1,0,0,0,0,0,0,1,0,1,3,0,0,0,0,0,0,0,0,0,0,0,0,0,0,0,0,0,0,1,0,4,2,0,0,1,1,4,0,1,0,0,0,0,0,0,0,0,0,0,0,0,0,0,0,0,3,0,0,0,0,0,1,2,0,0,0,0,0,0,3,0,0,2,0,0,0,0,0,0,0,0,0,0,1,0,0,0,0,0,0,0,0,2,0,0,0,2,6,1,0,0,0,0,0,0,0,3,0,0,0,2,0,0,0,0,0,0,0,0,0,0,0,0,0,0,0,7,15,0,0,0,0,0,0,0,0,0,4,0,0,0,0,0,1,3,4,0,0,0,0,1,0,0,0,3,1,0,0,2,0,0,15,0,0,0,0,0,3
"11","L-10-0",6,0,0,0,0,1,2,0,0,0,0,0,0,0,1,1,0,1,3,0,0,0,0,0,0,0,0,0,0,0,0,0,0,0,0,7,1,15,0,1,0,2,0,11,0,26,0,0,0,0,0,0,0,0,0,0,0,0,0,0,0,0,34,0,0,0,0,0,4,0,0,0,0,0,0,0,19,0,0,1,1,0,0,0,0,0,0,0,0,0,1,0,0,0,0,0,0,0,0,0,0,0,2,3,10,16,0,1,0,0,0,0,0,1,2,9,2,21,0,0,0,9,0,0,0,0,1,3,0,3,0,0,16,23,10,0,0,8,1,0,0,1,1,0,6,0,0,0,0,3,11,6,2,0,0,0,0,0,0,0,0,1,2,0,0,7,0,0,13,0,2,0,1,1,22
"12","L-10-1",1,0,0,0,0,0,1,0,0,0,0,0,0,1,4,1,0,1,2,0,0,0,1,0,0,0,1,0,0,0,0,0,0,0,0,5,0,18,0,0,0,2,1,1,0,11,0,0,0,0,0,0,0,0,0,0,0,0,0,0,0,0,11,0,0,0,0,0,5,0,0,0,0,0,0,0,6,0,0,2,0,0,0,0,0,0,0,0,0,0,1,0,0,0,0,0,0,0,0,2,0,0,1,0,6,6,0,0,1,0,0,0,0,3,0,11,1,2,0,0,0,3,0,0,0,0,0,0,0,0,0,0,4,13,2,0,0,0,0,0,0,0,2,0,5,0,0,0,0,2,7,2,2,0,0,0,0,0,0,0,0,1,1,0,0,0,0,0,8,0,2,0,1,0,17
"13","L-10-2",6,0,0,0,0,0,2,0,0,0,0,0,0,0,3,3,0,0,1,0,0,0,1,0,0,0,1,0,0,0,0,0,0,0,0,3,1,12,1,1,0,3,0,0,0,10,0,0,0,0,0,1,0,0,0,0,0,0,0,0,0,0,15,0,0,0,0,0,2,0,0,0,0,0,0,0,6,0,0,2,0,0,0,0,0,1,0,0,0,0,0,0,0,0,0,0,0,0,0,0,0,0,0,2,11,6,0,0,0,0,0,0,0,1,0,7,2,13,0,0,0,0,0,0,0,0,0,0,0,0,0,0,1,16,4,0,0,3,0,0,0,0,0,0,0,0,0,0,0,0,8,1,1,0,0,0,0,0,0,0,0,0,0,0,0,0,0,0,10,0,1,0,2,0,13
"14","L-10-3",5,0,0,0,0,0,0,0,0,0,0,0,0,1,0,2,0,0,0,0,0,1,0,0,0,0,0,0,0,0,0,0,0,0,0,4,0,5,0,0,0,2,0,2,0,2,0,0,0,0,0,0,0,1,0,0,0,0,0,0,0,0,13,0,0,0,0,0,5,1,0,0,0,0,0,0,11,0,0,4,0,0,0,0,0,0,0,0,0,0,0,0,0,2,0,0,0,0,0,0,0,0,2,3,6,3,0,0,0,1,0,0,0,0,0,1,2,9,0,0,0,0,0,0,0,0,0,0,0,0,0,0,1,10,10,0,0,0,0,0,0,1,0,0,0,0,0,0,0,1,2,4,0,0,0,0,0,0,0,0,0,0,1,0,0,0,0,0,8,0,0,0,0,0,7
"15","L-10-4",1,0,0,0,0,4,1,0,0,0,0,0,0,3,3,2,0,1,3,0,0,0,0,0,0,0,1,0,0,0,0,0,0,0,0,1,0,7,4,0,0,5,0,5,0,5,0,0,0,0,0,0,0,0,0,0,0,0,0,0,0,0,7,0,0,0,0,0,3,1,0,0,0,0,0,0,5,0,0,0,0,0,0,0,0,0,0,0,0,0,0,0,0,0,0,0,0,0,0,0,0,0,0,0,11,2,0,0,0,1,0,0,0,3,0,7,1,8,0,0,0,4,1,0,0,0,0,0,0,1,0,0,2,12,5,0,0,1,0,0,0,0,0,0,2,0,1,0,0,1,1,5,1,0,0,0,0,0,0,0,0,0,0,0,0,1,0,0,11,0,1,0,1,0,10
"16","L-10-5",5,0,0,0,0,0,0,0,0,0,0,0,0,1,5,0,0,0,1,0,0,0,0,0,0,0,0,0,0,0,0,0,0,0,0,4,0,4,0,0,0,5,0,3,0,12,0,0,0,0,0,0,0,0,1,0,0,0,0,0,0,0,13,0,0,0,0,0,1,1,0,0,0,0,0,0,6,0,0,2,0,0,0,0,0,0,0,0,0,0,1,0,0,0,0,0,0,0,0,0,0,0,0,1,11,4,0,0,0,1,0,0,0,1,0,5,2,8,0,0,0,0,0,0,0,0,0,0,0,0,0,0,0,16,3,0,0,2,0,0,0,0,0,0,1,0,0,0,0,1,4,3,1,0,0,0,0,0,0,0,0,1,0,0,0,0,0,0,5,0,2,0,0,0,12
"17","L-10-6",1,0,0,0,0,0,1,0,0,0,0,0,0,0,0,0,0,0,0,0,0,0,0,0,0,0,0,0,0,0,0,0,0,0,0,2,0,4,0,1,0,2,0,3,0,7,0,0,0,0,0,0,0,0,0,0,0,0,0,0,0,0,13,0,0,0,0,0,2,1,0,0,0,0,0,0,6,0,0,1,0,0,0,0,0,0,0,0,0,0,0,0,0,0,0,0,0,0,0,0,0,0,1,2,4,3,0,0,1,1,0,0,0,0,0,3,0,10,0,0,0,3,0,0,0,0,0,2,0,1,0,0,6,10,4,0,0,3,0,0,0,0,0,0,2,0,0,0,0,1,3,2,0,0,0,0,0,0,0,0,0,1,0,0,0,0,0,0,6,0,0,0,1,0,8
"18","L-10-7",8,0,0,0,0,0,3,0,0,0,0,0,0,1,1,0,0,1,1,0,0,0,0,0,0,0,1,0,0,0,0,0,1,0,0,2,0,6,1,0,0,4,0,7,0,6,0,0,0,0,0,0,0,0,0,0,0,0,0,0,0,0,9,0,0,0,1,0,3,2,0,0,0,0,0,0,5,0,0,1,0,0,0,0,0,0,0,0,0,0,1,0,0,0,0,0,0,0,0,3,0,0,1,0,12,2,0,0,2,1,0,0,0,1,1,4,0,12,0,0,0,1,0,0,0,0,0,0,0,2,0,0,3,9,4,0,0,0,0,0,0,0,0,0,1,0,1,0,0,2,6,1,3,0,0,0,0,0,0,0,0,0,1,0,1,1,0,0,14,0,0,0,2,0,9
"19","L-10-8",6,0,0,0,0,0,1,0,0,0,0,0,0,0,0,0,0,0,1,0,0,0,0,0,0,0,0,0,0,0,0,0,2,0,0,7,0,9,2,0,0,4,0,7,0,10,0,0,0,0,0,0,0,0,1,0,0,0,0,0,0,0,11,0,0,0,0,0,4,1,0,0,0,0,0,0,14,0,0,0,0,0,0,0,0,0,0,0,0,0,0,0,0,0,0,0,0,0,0,0,0,0,3,1,5,13,0,0,0,1,0,0,0,1,1,5,0,6,0,1,0,0,0,0,0,0,0,0,0,0,0,0,9,9,3,0,1,0,0,0,0,0,1,0,2,0,0,0,0,1,2,0,1,0,0,0,0,0,0,0,0,2,0,0,0,1,0,0,1,0,0,0,0,0,7
"20","L-10-9",3,0,0,0,0,0,2,0,0,0,0,0,0,0,0,0,0,2,0,0,0,0,1,0,0,0,2,0,0,1,0,0,0,0,0,0,1,10,0,0,0,4,0,1,0,14,0,0,0,0,0,0,0,0,0,0,0,0,0,0,0,0,14,0,0,0,0,0,1,0,0,0,0,0,0,0,12,0,0,0,2,0,0,0,0,0,0,0,0,0,0,0,0,0,0,0,0,0,0,0,0,0,1,0,6,10,0,0,0,1,0,0,0,1,0,2,0,11,0,1,0,8,0,0,0,0,0,4,0,0,0,0,5,6,4,0,0,1,0,0,0,0,1,0,1,0,0,0,0,0,9,2,1,0,0,0,0,0,0,0,0,1,0,0,0,4,0,0,3,0,1,0,0,1,8
"21","L-11-0",10,0,0,0,0,0,6,0,0,0,0,0,0,3,4,1,0,0,2,0,0,0,1,0,0,0,5,0,0,0,0,0,0,5,0,5,1,15,1,0,0,1,3,7,0,4,0,0,0,0,0,1,0,0,0,0,0,0,0,0,0,0,20,0,0,0,0,0,3,0,0,0,0,0,0,0,12,0,0,6,0,0,0,0,0,0,0,0,0,0,1,0,0,0,0,0,0,0,0,0,0,0,0,0,37,0,0,0,1,0,0,0,1,9,0,6,0,14,0,0,1,1,0,0,0,0,1,0,0,1,0,0,4,26,30,0,0,0,0,0,0,0,0,0,7,0,0,0,0,2,6,6,3,0,0,0,0,0,0,0,0,6,0,0,0,6,0,0,35,0,0,0,1,0,5
"22","L-11-1",5,0,0,0,0,4,1,0,0,0,0,0,0,4,0,0,0,0,2,0,0,0,0,0,0,0,0,0,0,0,0,0,0,2,0,0,1,3,0,0,0,1,0,1,0,1,0,0,0,0,0,0,0,0,0,0,0,0,0,0,0,0,10,0,0,0,0,0,0,0,0,0,0,0,0,0,2,0,0,4,0,0,0,0,0,0,0,0,0,0,1,0,0,0,0,0,0,0,0,0,0,0,0,0,12,0,0,0,2,0,0,0,0,0,0,2,0,14,0,0,0,0,0,0,0,0,0,0,0,0,0,0,0,7,13,0,0,0,0,0,0,0,0,0,4,0,0,0,0,1,2,1,0,0,0,0,0,0,0,0,0,0,0,0,0,1,0,0,23,0,0,0,1,0,1
"23","L-11-2",0,0,0,0,0,1,0,0,0,0,0,0,0,3,1,0,0,0,1,0,0,0,0,0,0,0,3,0,0,0,0,0,0,0,0,0,1,2,0,0,0,0,0,0,0,1,0,0,0,0,0,0,0,0,1,0,0,0,0,0,0,0,11,0,0,0,0,0,0,0,0,0,0,0,0,0,0,0,0,0,0,0,0,0,0,0,0,0,0,0,1,0,0,0,0,0,0,0,0,0,0,0,0,0,22,0,0,0,4,0,0,0,0,1,0,4,0,6,0,0,0,0,0,0,0,0,0,0,0,0,0,0,0,13,9,0,0,0,0,0,0,0,1,0,2,0,0,0,0,3,2,5,0,0,0,0,0,0,0,0,0,0,0,0,0,0,0,0,8,0,0,0,0,0,5
"24","L-11-3",1,0,0,0,0,0,2,0,0,0,0,0,0,0,1,0,0,0,2,0,0,0,0,0,0,0,0,0,0,0,0,0,0,0,0,0,0,8,0,0,0,1,0,0,0,0,0,0,0,0,0,0,0,0,0,0,0,0,0,0,0,0,6,0,0,0,0,0,0,1,0,0,0,0,0,0,2,0,0,0,0,0,0,0,0,0,0,0,0,0,2,0,0,0,0,0,0,0,0,1,0,0,0,0,21,0,0,0,2,0,0,0,0,2,0,2,0,6,0,0,1,0,0,0,0,0,0,0,0,0,0,0,0,5,8,0,0,0,0,0,0,0,0,0,3,0,0,0,0,3,2,3,2,0,0,0,0,0,0,0,0,2,1,0,0,3,0,0,12,0,0,0,0,0,5
"25","L-11-4",8,0,0,0,0,3,2,0,0,0,0,0,0,1,0,0,0,0,1,0,0,0,0,0,0,0,1,0,0,0,0,0,0,0,0,0,0,2,1,0,0,2,1,1,0,1,0,0,0,0,0,0,0,0,0,0,0,0,0,0,0,0,9,0,0,0,0,0,0,0,0,0,0,0,0,0,5,0,0,3,0,0,0,0,0,0,0,0,0,0,1,0,0,0,0,0,0,0,0,0,0,0,0,0,6,0,0,0,2,0,0,0,0,1,0,3,0,12,0,0,0,0,0,0,0,0,0,0,0,0,0,0,4,8,10,0,0,0,0,0,0,0,0,0,0,0,0,0,0,1,0,0,2,0,0,0,0,0,0,0,0,1,0,0,0,6,0,0,19,0,0,0,0,0,3
"26","L-11-5",5,0,0,0,0,2,0,0,0,0,0,0,0,4,0,0,0,0,0,0,0,0,0,0,0,0,0,0,0,0,0,0,0,1,0,0,0,5,0,0,0,0,0,1,0,1,0,0,0,0,0,0,0,0,1,0,0,0,0,0,0,0,9,0,0,0,0,0,1,0,0,0,0,0,0,0,4,0,0,2,0,0,0,0,0,0,0,0,0,0,4,0,0,0,0,0,0,0,0,0,0,0,0,0,10,0,0,0,3,0,0,0,0,1,0,3,0,13,0,0,0,0,0,0,0,0,0,0,0,0,0,0,0,6,10,0,1,1,0,0,0,0,1,0,2,0,0,0,0,0,0,5,3,0,0,0,0,0,0,0,0,0,0,0,0,3,0,0,15,0,0,0,0,0,2
"27","L-11-6",4,0,0,1,0,1,2,0,0,0,0,0,0,1,2,2,0,0,2,0,0,0,0,0,0,0,0,0,0,0,0,0,0,2,0,1,1,8,0,0,0,0,0,1,0,1,0,0,0,0,0,0,0,0,0,0,0,0,0,0,0,0,12,0,0,0,0,0,2,0,0,0,0,0,0,0,8,0,0,4,0,0,0,0,0,0,0,0,0,0,2,0,0,0,0,0,0,0,0,0,0,0,0,0,10,0,0,0,1,0,0,0,0,4,0,9,0,7,0,0,0,0,0,0,0,0,0,0,0,0,0,0,1,7,11,0,1,0,0,0,0,0,0,0,9,0,0,0,0,0,5,1,1,0,0,0,0,0,0,0,0,3,0,0,0,3,0,0,14,0,0,0,0,0,7
"28","L-11-7",5,0,0,0,0,8,2,0,0,0,0,0,0,1,1,0,0,0,0,0,0,0,0,0,0,0,1,0,0,0,0,0,0,2,0,2,0,1,0,0,0,1,0,2,0,1,0,0,0,0,0,0,0,0,0,0,0,0,0,0,0,0,7,0,0,0,0,0,8,4,0,0,0,0,0,0,5,0,0,1,0,0,0,0,0,0,0,0,0,0,2,0,0,0,0,0,0,0,0,0,0,0,0,0,12,0,0,0,1,0,0,0,0,1,0,0,0,13,0,0,0,0,0,0,0,0,0,0,0,0,0,0,1,9,5,0,0,0,0,0,0,0,1,0,1,0,0,0,0,1,2,0,1,0,0,0,0,0,0,0,0,0,0,0,0,3,0,0,15,0,1,0,0,0,0
"29","L-11-8",4,0,0,0,0,6,0,0,0,0,0,0,0,0,0,0,0,0,1,0,0,0,0,0,0,0,0,0,0,0,0,0,0,1,0,3,0,1,0,0,0,0,0,4,0,0,0,0,0,0,0,0,0,0,0,0,0,0,0,0,0,0,2,0,0,0,0,0,3,0,0,0,0,0,0,0,3,0,0,0,0,0,0,0,0,0,0,0,0,0,1,0,0,0,0,0,0,0,0,0,0,0,0,0,5,0,0,0,0,0,0,0,0,0,0,0,0,9,0,0,0,1,0,0,0,0,0,0,0,0,0,0,0,3,4,0,0,0,0,0,0,0,1,0,5,0,0,0,0,1,1,1,4,0,0,0,0,0,0,0,0,0,0,0,0,1,0,0,10,0,0,0,0,0,0
"30","L-11-9",11,1,0,1,0,2,3,0,0,0,0,0,0,3,0,0,0,1,2,0,0,0,0,0,0,0,2,0,0,0,0,0,0,0,0,10,0,7,0,1,0,0,1,8,0,3,0,0,0,0,0,0,0,0,0,0,1,0,0,0,0,0,2,0,0,0,0,0,0,0,0,0,0,0,0,0,9,0,0,5,0,0,0,0,0,0,0,0,0,0,3,0,0,0,0,0,0,0,0,0,0,0,0,0,6,0,0,0,1,0,0,0,0,3,0,6,0,10,0,0,0,0,0,0,1,0,0,0,0,1,0,0,4,9,9,0,0,1,0,0,0,0,2,0,2,0,0,0,0,0,4,5,0,0,0,0,0,0,0,0,0,1,0,0,0,4,0,0,17,0,0,1,2,0,2
"31","L-12-0",4,0,0,1,0,4,15,0,0,0,0,0,0,0,3,2,0,2,4,1,0,1,1,0,0,0,0,0,0,1,0,0,0,1,0,2,2,18,1,1,0,1,0,5,0,8,0,1,0,0,0,0,0,0,0,0,0,0,0,0,0,0,12,0,0,0,0,0,5,3,0,0,0,0,0,0,13,0,0,3,1,0,0,0,0,0,0,0,0,0,9,0,0,0,0,0,0,0,0,1,0,0,1,0,17,0,0,0,1,1,1,0,0,4,0,11,2,14,0,0,0,5,0,0,2,0,1,0,0,4,0,0,8,17,19,0,7,0,0,1,0,0,4,0,8,0,2,0,0,1,11,6,6,0,0,0,0,0,0,0,0,0,2,1,0,8,0,0,27,0,0,0,2,0,15
"32","L-12-1",3,0,0,0,0,3,8,0,0,0,0,0,0,1,0,4,0,1,0,0,0,0,0,0,0,0,1,0,0,0,0,0,0,0,0,5,1,9,0,0,0,3,0,3,0,0,0,0,0,0,0,0,0,0,0,0,0,0,0,0,0,0,9,0,0,0,0,0,1,2,0,0,0,0,0,0,7,0,0,2,0,0,1,0,0,0,0,0,0,0,4,0,0,0,0,0,0,0,0,0,0,0,0,1,19,0,0,0,0,0,0,0,0,4,1,0,1,11,0,0,0,3,0,0,0,0,0,1,0,3,0,0,3,4,15,0,1,2,0,0,0,0,1,0,3,0,0,0,0,1,2,2,5,0,0,0,0,0,0,0,0,0,0,0,0,3,0,0,15,0,0,0,3,0,5
"33","L-12-2",1,0,0,1,0,1,6,0,0,0,0,0,0,2,1,0,0,3,1,0,0,0,0,0,0,0,0,0,0,0,0,0,0,0,0,7,2,8,0,1,0,0,0,2,1,1,0,0,1,0,2,0,0,0,0,0,0,0,0,0,0,0,4,0,0,0,0,0,1,4,0,0,0,0,0,0,12,0,0,0,0,0,0,0,0,0,0,0,0,0,5,0,0,0,0,0,0,0,0,3,0,0,0,1,5,0,0,0,0,0,0,0,0,1,0,4,0,17,0,0,0,6,0,0,0,0,0,2,0,8,0,0,7,3,14,0,4,0,0,0,0,0,8,0,6,0,0,0,0,0,5,0,3,0,0,0,0,0,0,0,0,0,2,0,1,1,0,0,20,0,0,0,4,0,11
"34","L-12-3",3,0,0,1,0,1,5,0,0,0,0,0,0,2,0,1,0,2,0,1,0,0,0,0,0,0,0,0,0,0,0,0,0,0,0,5,0,8,1,0,0,0,0,5,0,6,0,0,0,0,0,0,0,0,0,0,0,0,0,0,0,0,9,0,0,0,0,0,4,0,0,0,0,0,0,0,11,0,0,0,0,0,0,0,0,0,0,0,0,0,3,0,0,0,0,0,0,0,0,0,0,0,0,0,9,0,0,0,0,0,0,0,0,0,0,3,1,13,0,0,0,2,0,0,0,0,0,4,0,2,0,0,8,5,10,0,5,0,0,0,0,0,4,0,2,0,0,0,0,1,6,1,1,0,0,0,0,1,0,0,0,0,0,0,0,2,0,0,17,0,0,0,1,0,9
"35","L-12-4",4,0,0,1,0,0,4,0,0,0,0,0,0,0,1,0,0,1,0,0,0,0,0,0,0,0,1,0,0,1,0,0,0,0,0,2,1,2,0,0,0,0,0,1,0,2,0,0,0,0,0,0,0,0,0,0,0,0,0,0,0,0,6,0,0,0,0,0,1,4,0,0,0,0,0,0,9,0,0,0,0,0,0,0,0,0,0,0,0,0,8,0,0,0,0,0,0,0,0,0,0,0,0,0,15,0,0,0,1,0,0,0,0,1,0,0,0,15,0,0,0,3,0,0,0,0,0,0,0,5,0,0,1,4,7,0,3,1,0,0,0,0,1,0,5,0,1,0,0,0,0,2,2,0,0,0,0,1,0,0,0,0,0,0,0,2,0,0,18,0,0,0,3,0,2
"36","L-12-5",2,0,0,1,0,0,4,0,0,0,0,0,0,5,0,1,0,2,2,0,0,0,0,0,0,0,2,0,0,1,0,0,0,0,0,8,1,11,1,1,0,0,0,4,0,0,0,0,0,0,0,0,0,0,0,0,0,0,0,0,0,0,7,0,0,0,0,0,0,2,0,0,0,0,0,0,8,0,0,2,1,0,0,0,0,0,0,0,0,0,5,0,0,0,0,0,0,0,0,0,0,0,0,0,12,0,0,0,1,0,0,0,0,3,0,2,0,15,0,0,0,4,0,0,0,0,0,1,0,3,0,0,3,4,10,0,2,0,0,0,0,0,3,0,1,0,0,0,0,1,2,1,2,0,0,0,0,0,0,0,1,0,0,0,0,4,0,0,24,0,0,0,1,0,5
"37","L-12-6",3,0,0,2,0,0,3,0,0,0,0,0,0,0,0,0,2,0,0,0,1,0,0,0,0,0,0,0,0,0,0,0,1,0,0,4,0,11,1,0,0,1,0,7,0,6,0,1,0,0,0,0,0,0,0,0,0,0,0,0,0,0,6,0,0,0,0,0,4,0,0,0,0,0,0,0,10,0,0,0,0,0,0,0,0,0,0,0,0,0,1,0,0,0,0,0,0,0,0,0,0,0,0,0,7,0,0,0,0,0,0,0,0,0,0,7,0,9,0,0,0,3,0,0,0,0,0,1,0,5,0,0,10,4,8,0,1,0,0,0,0,0,2,0,4,0,1,0,0,1,3,1,3,0,0,0,0,0,0,0,0,0,0,0,0,4,0,0,10,0,0,0,1,0,6
"38","L-12-7",2,0,0,0,0,5,2,0,0,0,0,0,0,2,1,2,3,0,0,0,0,0,0,0,0,0,1,0,0,2,0,0,0,1,0,2,2,6,0,0,0,0,0,1,0,0,0,0,0,0,0,0,1,0,0,0,0,0,0,0,0,0,8,0,0,0,0,0,0,3,0,0,0,0,0,0,8,0,0,2,0,0,0,0,0,0,0,0,0,0,3,0,0,0,0,0,0,0,0,0,0,0,0,0,17,1,0,0,0,0,0,0,0,2,0,2,0,16,0,0,0,3,0,0,0,0,0,0,0,3,0,0,4,4,10,0,0,0,0,0,0,0,0,0,2,0,1,0,0,0,1,0,1,0,0,0,0,0,0,0,0,1,0,0,0,7,0,0,23,0,0,0,2,0,3
"39","L-12-8",3,0,0,5,0,0,8,0,0,0,0,1,0,0,1,0,0,0,3,1,0,0,0,0,0,0,2,0,0,3,0,0,0,0,0,8,0,8,0,0,0,0,0,4,0,2,0,1,0,0,0,0,0,0,0,0,0,0,0,0,0,0,5,0,0,0,0,0,3,0,0,0,0,0,0,0,14,0,0,1,0,0,0,0,0,0,0,0,0,0,5,0,0,0,0,0,0,0,0,0,0,0,0,0,15,0,0,0,1,0,0,0,0,0,0,0,0,12,0,0,0,2,0,0,2,0,0,1,0,4,0,2,1,4,7,0,3,0,0,0,0,0,5,0,3,0,1,0,0,2,2,3,2,0,0,0,0,0,0,0,0,1,0,0,1,8,0,0,23,0,0,0,3,0,5
"40","L-12-9",3,0,0,2,0,0,2,0,0,0,0,0,0,0,2,1,0,0,3,0,0,0,0,0,0,0,2,0,0,1,0,0,0,0,0,1,2,11,0,0,0,1,0,1,0,2,0,0,0,0,0,0,0,0,1,0,0,0,0,0,0,0,9,0,0,0,0,0,2,1,0,0,0,0,0,0,7,0,0,1,0,0,0,0,0,0,0,0,0,0,5,0,0,1,0,0,0,0,0,0,0,0,1,0,15,0,0,0,2,0,0,0,0,1,0,5,0,11,0,0,1,3,0,0,0,0,0,0,0,1,0,1,3,9,12,0,1,0,0,1,0,0,0,0,1,0,0,0,0,1,3,0,3,0,0,0,0,0,0,0,0,1,0,0,1,9,0,0,21,0,0,0,1,0,5
"41","L-13-0",13,0,0,0,0,4,8,0,0,0,0,0,0,2,0,3,0,0,3,0,0,0,0,0,0,0,1,0,0,0,0,0,0,3,0,3,3,10,0,1,0,10,2,5,0,9,0,0,0,0,0,2,0,0,0,0,0,0,0,0,0,0,21,0,0,0,0,0,0,0,0,0,0,0,0,0,14,0,0,5,1,0,0,0,0,0,0,0,0,0,7,0,0,1,0,0,0,0,0,0,0,0,1,1,32,4,0,0,2,0,0,0,0,9,0,5,0,24,0,0,1,0,0,0,0,0,0,2,0,2,0,0,6,9,14,0,2,3,0,0,0,0,1,0,4,0,0,0,0,0,4,2,0,1,0,0,0,0,0,0,0,2,1,0,1,5,0,0,31,0,1,1,1,0,9
"42","L-13-1",1,0,0,0,0,1,0,0,0,1,0,0,0,0,0,1,0,1,4,0,0,0,0,0,0,0,2,0,0,0,0,0,0,0,0,0,2,7,0,0,0,9,0,0,0,2,0,0,0,0,0,0,0,0,0,0,0,0,0,0,0,0,18,0,0,0,0,0,0,1,0,0,0,0,0,0,5,0,0,1,0,0,0,0,0,0,0,0,0,0,2,0,0,0,0,0,0,0,0,1,0,0,0,0,21,0,0,1,1,0,0,0,0,3,0,1,1,7,0,0,0,1,0,0,0,0,0,0,0,0,0,0,1,5,9,0,0,0,0,0,0,0,0,0,3,0,0,0,0,0,2,6,1,0,0,0,0,0,0,0,0,1,0,0,0,1,0,0,17,0,0,0,0,0,5
"43","L-13-2",1,0,0,0,0,0,3,0,0,0,0,0,0,0,0,0,0,0,1,0,0,0,0,0,0,0,0,0,0,0,0,0,0,0,0,0,1,12,0,0,0,2,1,1,0,11,0,0,0,0,0,0,0,0,0,0,0,0,0,0,0,0,15,0,0,0,0,0,3,0,0,0,0,0,0,0,5,0,0,1,0,0,0,0,0,0,0,0,0,0,0,0,0,0,0,0,0,0,0,0,0,0,2,0,10,3,0,0,0,0,0,0,0,0,0,4,0,7,0,0,0,1,0,0,0,0,0,1,0,0,0,0,6,8,3,0,0,0,0,0,0,0,1,0,5,0,0,0,0,0,5,3,0,0,0,0,0,0,0,0,0,1,0,0,1,1,0,0,10,0,0,0,0,0,10
"44","L-13-3",1,0,0,0,0,1,2,0,0,1,0,0,0,0,2,3,0,0,2,0,0,1,0,0,0,0,6,0,0,2,0,0,0,0,0,1,0,0,1,0,0,10,0,2,0,1,0,0,0,0,0,0,0,0,0,0,0,0,0,0,0,0,6,0,0,0,0,0,0,1,0,0,0,0,0,0,3,0,0,1,0,0,0,0,0,0,0,0,0,0,9,0,0,0,0,0,0,0,0,0,0,0,0,0,26,0,0,0,2,0,0,0,0,3,3,2,1,13,0,0,0,2,0,0,0,0,0,1,0,0,0,0,0,7,8,0,0,1,0,0,0,0,0,0,3,0,0,0,0,0,0,4,1,0,0,0,0,1,0,0,0,5,0,0,1,5,0,0,18,0,0,0,0,0,3
"45","L-13-4",0,0,0,0,0,0,0,0,0,0,0,0,0,1,0,1,0,0,2,0,0,1,2,0,0,0,0,0,0,0,0,0,2,1,0,1,0,11,0,0,0,0,0,0,0,10,0,0,0,0,0,0,0,0,0,0,0,0,0,0,0,0,17,0,0,0,0,0,0,1,0,0,0,0,0,0,0,0,0,1,0,0,0,0,0,0,0,0,0,0,0,0,1,0,0,0,0,0,0,0,0,0,1,0,5,1,0,0,0,0,0,0,0,4,3,6,0,5,0,0,0,0,0,0,0,0,0,0,0,0,0,0,0,7,7,0,0,0,0,0,0,0,0,0,1,0,0,0,0,1,3,1,1,0,0,0,0,0,0,0,0,0,0,0,0,1,0,0,7,0,0,0,0,0,13
"46","L-13-5",0,0,0,0,0,0,1,0,0,0,0,0,0,2,0,1,0,0,2,0,0,0,2,0,0,0,2,0,0,0,0,0,0,0,0,0,0,9,0,0,0,2,0,0,0,5,0,0,0,0,0,0,0,0,0,0,0,0,0,0,0,0,13,0,0,0,0,0,0,2,0,0,0,0,0,0,1,0,0,0,0,0,0,0,0,0,0,0,0,0,0,0,1,0,0,0,0,0,0,0,0,0,0,0,12,0,0,0,0,0,0,0,0,2,0,3,0,4,0,0,0,0,0,0,0,0,0,0,0,0,0,0,0,4,3,0,0,1,0,0,0,0,2,0,4,0,0,0,0,0,3,1,0,0,0,0,0,2,0,0,0,3,0,0,0,3,0,0,9,0,0,0,0,0,11
"47","L-13-6",5,0,0,0,0,0,3,0,0,0,0,0,0,3,1,2,0,0,2,0,0,0,1,0,0,0,1,0,0,0,0,0,0,0,0,2,0,8,0,0,0,4,0,3,0,6,0,0,0,0,0,0,0,0,0,0,0,0,0,0,0,0,11,0,0,0,0,0,0,0,0,0,0,0,0,0,5,0,0,1,0,0,0,0,0,0,0,0,0,0,5,0,0,0,0,0,0,0,0,0,0,0,0,0,10,0,0,0,1,0,0,0,0,10,2,1,0,12,0,0,0,2,0,0,0,0,0,1,1,1,0,0,2,10,9,0,0,3,0,0,0,0,2,0,4,0,0,0,0,0,2,4,0,0,0,0,0,1,0,0,0,1,0,0,1,3,0,0,18,0,0,2,0,0,10
"48","L-13-7",0,0,0,1,0,0,3,0,0,0,0,0,0,1,0,1,0,0,2,0,0,0,0,0,0,0,1,0,0,0,0,0,0,0,0,1,0,9,0,0,0,4,0,0,0,6,0,0,0,0,0,0,0,0,0,0,0,0,0,0,0,0,15,0,0,0,0,0,1,1,0,0,0,0,0,0,4,0,0,2,0,0,0,0,0,0,0,0,0,0,2,0,2,0,0,0,0,0,0,0,0,0,0,1,16,2,0,0,1,0,0,0,0,2,1,3,0,5,0,0,0,0,0,0,0,0,0,0,0,0,0,0,0,1,8,0,0,0,0,0,1,0,1,0,1,0,0,0,0,0,4,2,1,1,0,0,0,0,0,0,0,1,2,0,0,1,0,0,13,0,0,0,0,0,13
"49","L-13-8",0,0,0,0,0,0,3,0,0,4,0,0,0,0,3,2,0,0,1,0,0,0,1,0,0,0,1,0,0,0,0,0,1,0,0,0,0,8,0,1,0,0,0,0,0,5,0,0,0,0,0,0,0,0,0,0,0,0,0,0,0,0,11,0,0,0,0,0,0,1,0,0,0,0,0,0,0,0,0,2,0,0,0,0,0,0,0,0,0,0,0,0,2,0,0,0,0,0,0,0,1,0,1,0,13,0,0,0,0,0,0,0,0,0,3,2,0,3,0,0,0,0,0,0,0,0,0,0,0,0,0,0,0,6,4,0,0,2,0,0,0,0,0,0,3,0,0,0,0,0,4,1,4,0,0,0,0,0,0,0,0,1,0,0,0,7,0,0,14,0,0,0,0,0,10
"50","L-13-9",2,0,0,0,0,0,1,0,0,1,1,0,0,0,0,0,0,0,1,0,0,0,0,0,0,0,3,0,0,0,0,0,0,0,0,1,2,6,0,0,0,2,0,0,0,7,0,0,0,0,0,0,0,0,0,0,0,0,0,0,0,0,12,0,0,0,0,0,0,0,0,0,0,0,0,0,3,0,0,1,0,1,0,0,0,0,0,0,0,0,1,0,0,0,0,0,0,0,0,0,0,0,0,0,8,0,0,0,1,0,0,0,0,2,1,3,0,5,0,0,0,0,0,0,0,0,0,0,0,0,0,0,0,6,8,0,0,0,0,0,0,0,0,0,2,0,2,0,0,0,1,1,0,1,0,0,0,0,0,0,0,0,0,0,0,2,0,0,15,0,0,0,0,0,13
"51","L-14-0",6,0,0,0,0,2,2,0,0,0,1,0,0,1,2,0,0,0,1,0,0,0,0,0,0,0,1,0,0,0,0,0,0,0,0,2,0,13,0,1,0,0,1,3,0,13,0,0,0,0,0,0,0,0,1,0,0,0,0,0,0,0,24,0,0,0,0,0,1,2,0,0,0,0,0,0,15,0,0,1,0,0,0,0,0,0,0,0,0,0,0,0,0,2,0,0,0,0,0,0,0,0,0,2,7,6,0,0,2,0,0,0,0,0,1,8,0,2,0,0,0,0,0,0,0,0,0,0,0,1,0,0,3,18,6,0,0,0,0,0,0,0,1,0,5,0,0,0,0,1,5,0,1,0,0,0,0,0,0,0,1,0,0,0,2,11,0,0,18,0,0,0,0,0,14
"52","L-14-1",12,0,0,0,0,0,0,0,0,0,0,0,0,0,0,0,0,0,1,0,0,0,0,0,0,0,0,0,0,0,0,0,0,0,0,7,0,8,0,0,0,0,0,7,0,6,0,0,0,0,0,0,0,0,1,0,0,0,0,0,0,0,15,0,0,0,0,0,2,0,0,0,0,0,0,0,13,0,0,1,0,0,0,0,0,0,0,0,0,0,0,0,0,0,0,0,0,0,0,0,0,0,1,0,0,9,0,0,1,0,0,0,0,0,0,4,1,1,0,0,0,0,0,0,0,0,0,0,0,0,0,0,6,4,3,0,0,0,0,0,0,0,0,0,1,1,0,0,0,0,4,2,2,0,0,0,0,0,0,0,0,0,0,0,1,2,0,0,18,0,0,0,0,0,5
"53","L-14-2",5,0,0,0,0,0,0,0,0,0,0,0,0,0,0,0,0,0,0,0,0,0,0,0,0,0,0,0,0,0,0,0,0,1,0,0,1,7,0,0,0,0,1,0,0,5,0,0,0,0,0,0,0,0,0,0,0,0,0,0,0,0,18,0,0,0,0,0,0,0,0,0,0,0,0,0,17,0,0,1,0,0,0,0,0,0,0,0,0,0,0,0,0,1,0,0,0,0,0,0,0,0,0,0,0,8,0,0,0,1,0,0,0,0,0,7,1,0,0,0,0,0,0,0,0,0,0,0,0,0,0,0,7,4,4,0,0,1,0,0,0,0,0,0,1,0,1,0,0,0,5,1,1,0,0,0,0,0,0,0,0,0,0,0,3,6,0,0,18,0,0,0,0,0,10
"54","L-14-3",9,0,0,0,0,0,0,0,0,0,0,0,0,0,0,0,0,0,0,0,0,0,0,0,0,0,0,0,0,0,0,0,0,0,0,1,1,6,0,0,0,0,0,2,1,4,0,0,0,0,0,0,0,0,0,0,0,0,0,0,0,0,18,0,0,0,0,0,0,0,0,0,0,0,0,0,13,0,0,0,0,0,0,0,0,0,0,0,0,0,0,0,0,0,0,0,0,0,0,1,0,0,0,0,0,8,0,0,0,0,0,0,0,0,0,5,0,0,0,0,0,0,0,0,0,0,0,0,1,0,0,0,5,4,8,0,2,0,0,0,0,0,0,0,0,0,0,0,0,1,2,0,1,0,0,0,0,0,0,0,0,0,0,1,1,0,0,0,18,0,0,0,0,0,8
"55","L-14-4",1,0,0,0,0,0,1,0,0,0,0,0,0,0,0,0,0,0,1,0,0,0,0,0,0,0,0,0,0,0,0,0,0,0,0,0,1,9,0,0,0,0,0,1,0,4,0,0,0,0,0,0,0,0,0,0,0,0,0,0,0,0,16,0,0,0,0,0,0,1,0,0,0,0,0,0,12,0,0,0,0,0,0,0,0,0,0,0,0,0,0,0,0,0,0,0,0,0,0,0,0,0,0,0,0,8,0,0,0,0,0,0,0,0,0,5,0,1,0,0,0,0,0,0,0,0,0,0,0,0,0,0,2,2,6,0,0,0,0,0,0,0,1,0,0,0,0,0,0,0,8,1,1,0,0,0,0,0,0,0,0,0,0,0,1,2,0,0,17,0,0,0,0,0,7
"56","L-14-5",7,0,0,0,0,0,2,0,0,0,0,0,0,1,0,1,0,0,0,0,0,0,0,0,0,0,1,0,0,0,0,0,0,0,0,2,0,9,0,0,0,0,0,2,0,5,0,0,0,0,0,0,0,0,0,0,0,0,0,0,0,0,13,0,0,0,0,0,0,0,0,0,0,0,0,0,8,0,0,1,0,0,0,0,0,0,0,0,0,0,0,0,0,2,0,0,0,0,0,0,0,0,2,0,1,6,0,0,2,0,0,1,0,0,0,4,1,2,0,0,0,0,0,0,0,0,0,0,0,0,0,0,3,3,7,0,0,0,0,0,0,0,0,0,3,0,0,0,0,0,4,1,1,0,0,0,0,0,0,0,0,0,0,1,1,6,0,0,23,0,1,0,0,0,5
"57","L-14-6",8,0,0,0,0,0,2,0,0,0,0,0,0,0,0,0,0,0,0,0,0,0,0,0,0,0,0,0,0,0,0,0,0,0,0,0,1,5,0,0,0,0,0,2,0,4,0,0,0,0,0,0,0,0,2,0,0,0,0,0,0,0,18,0,0,0,0,0,0,1,0,0,0,0,0,0,14,0,0,2,0,0,0,0,0,0,0,0,0,0,0,0,0,0,0,0,0,0,0,0,0,0,0,0,0,12,0,0,1,0,0,0,0,1,0,2,0,2,0,0,0,0,0,0,0,0,0,0,0,0,0,0,10,1,4,0,0,0,0,0,0,0,0,0,1,0,0,0,0,1,6,1,0,0,0,0,0,0,0,0,0,0,0,0,3,0,0,0,24,0,0,0,0,0,6
"58","L-14-7",2,0,0,0,0,0,1,0,0,0,0,0,0,0,0,0,0,0,0,0,0,0,1,0,0,0,0,0,0,0,0,0,0,0,0,0,1,8,0,0,0,0,0,0,0,7,0,0,0,0,0,0,0,0,1,0,0,0,0,0,0,0,10,0,0,0,0,0,4,0,0,0,0,0,0,0,11,0,0,0,0,0,0,0,0,0,0,0,0,0,0,0,0,0,0,0,0,0,0,0,0,0,0,0,0,7,0,0,0,3,0,0,0,0,0,5,0,0,0,0,0,0,0,0,0,0,0,0,0,0,0,0,0,5,1,0,0,0,0,0,0,0,0,0,2,0,0,0,0,0,5,0,1,0,1,0,0,0,0,0,0,0,0,0,0,3,0,0,5,0,0,0,0,0,6
"59","L-14-8",6,0,0,0,0,0,3,0,0,0,1,0,0,0,0,0,0,0,0,0,0,0,0,0,0,0,0,0,0,0,0,0,0,0,0,0,0,5,0,0,0,0,0,0,0,5,0,0,0,0,0,0,0,0,0,0,0,0,0,0,0,0,13,0,0,0,0,0,1,0,0,0,0,0,0,0,3,0,0,0,0,0,0,0,0,0,0,0,0,0,0,0,0,0,0,0,0,0,0,0,0,0,1,1,0,7,0,0,1,1,0,0,0,0,0,7,0,4,0,0,0,0,0,0,0,0,0,0,0,0,0,0,2,5,10,0,0,0,0,0,1,0,1,0,3,0,0,0,0,2,4,1,1,0,0,0,0,0,0,0,0,0,1,0,0,7,0,0,14,0,0,0,0,0,11
"60","L-14-9",5,0,0,0,0,1,0,0,0,0,0,0,0,0,1,0,0,0,0,0,0,0,0,0,0,0,1,0,0,0,0,0,0,0,0,1,1,5,1,0,0,0,0,0,0,3,0,0,0,0,0,1,0,0,0,0,0,0,0,0,0,0,16,0,0,0,0,0,0,0,0,0,0,0,0,0,4,0,0,1,0,0,0,0,0,0,0,0,0,0,0,0,0,0,0,0,0,0,0,0,0,0,0,0,2,1,0,0,0,0,0,0,0,0,0,5,1,3,0,0,0,0,0,0,0,0,0,0,0,0,0,0,0,5,4,0,2,2,0,0,0,0,0,0,0,0,0,0,0,0,4,2,2,0,0,0,0,0,0,0,0,0,0,0,0,2,0,0,14,0,0,0,0,0,8
"61","L-15-0",4,0,0,0,0,0,4,0,0,0,0,0,0,1,0,0,0,0,1,0,0,0,1,0,0,0,0,0,0,0,0,0,0,0,0,1,0,16,0,3,0,1,0,2,0,10,0,0,0,0,0,2,0,0,1,0,1,0,1,0,0,0,21,1,0,0,0,0,1,0,0,0,3,0,11,5,6,10,8,0,0,0,0,0,0,0,0,2,1,4,3,3,0,1,0,0,0,0,0,1,0,0,1,0,7,5,0,0,1,6,0,0,0,0,0,11,0,10,0,0,0,0,0,0,0,0,0,0,0,0,0,0,1,23,12,0,1,1,0,0,1,0,7,0,7,0,0,0,0,4,14,2,6,0,0,0,0,0,0,0,0,0,0,0,1,8,0,0,19,3,0,0,0,0,20
"62","L-15-1",0,0,0,0,0,0,3,0,0,0,0,0,0,0,0,0,0,0,0,0,0,1,0,0,0,0,1,0,0,0,0,0,0,0,0,0,0,5,0,0,0,0,0,0,0,3,0,0,0,0,0,2,0,0,0,0,0,0,0,0,0,0,11,0,0,0,0,0,0,0,0,0,3,0,1,3,3,1,4,0,0,0,0,0,1,0,0,0,1,0,0,4,0,0,0,0,0,0,0,0,0,0,2,0,5,0,0,0,0,1,0,0,0,0,1,1,0,2,0,0,0,0,0,0,0,0,0,0,0,0,0,0,0,7,4,0,0,1,0,0,0,0,1,0,7,0,0,0,0,1,7,1,4,0,0,0,0,0,0,0,0,0,0,0,0,6,0,0,2,4,0,0,0,0,9
"63","L-15-2",4,0,0,0,0,1,1,0,0,0,0,0,0,0,0,0,1,0,1,0,0,0,0,0,0,0,0,0,0,0,0,0,0,0,0,1,1,5,0,0,0,0,0,2,0,3,0,0,0,0,0,0,0,0,0,0,0,0,0,0,0,0,6,0,1,0,0,0,2,0,0,1,0,0,3,4,7,1,7,0,0,0,0,0,0,0,0,1,0,1,0,4,0,0,0,0,0,0,0,0,0,0,0,0,7,1,0,0,0,2,0,0,0,0,0,4,0,5,0,0,0,0,0,0,0,0,0,0,0,0,0,0,1,5,4,0,0,0,0,0,0,0,2,0,6,0,0,0,0,0,4,2,2,0,0,0,0,0,0,0,0,0,0,0,0,0,0,0,4,0,0,0,0,0,10
"64","L-15-3",0,0,0,0,0,0,5,0,0,0,0,0,0,0,0,0,0,0,1,0,0,0,0,0,0,0,0,0,0,0,0,0,0,0,0,0,1,9,0,0,0,1,0,0,0,6,0,0,0,0,0,0,0,0,1,0,0,0,0,0,0,0,12,0,0,0,0,0,0,0,0,0,5,0,3,1,3,3,3,0,0,0,0,0,0,0,0,0,0,0,0,2,0,0,0,0,0,0,0,0,0,0,2,0,4,3,0,0,0,0,0,0,0,0,0,5,0,4,0,0,0,0,0,0,0,0,0,0,0,0,0,0,2,10,2,0,0,0,0,0,0,0,2,0,5,0,0,0,0,3,2,2,1,0,0,0,0,0,0,0,0,0,0,0,0,2,0,0,3,2,0,0,0,0,11
"65","L-15-4",0,0,0,0,0,0,0,0,1,0,0,0,0,0,0,0,0,0,1,0,0,0,1,0,0,0,0,0,0,0,0,0,0,0,0,0,1,5,0,2,0,1,0,0,0,7,0,0,0,0,0,2,0,0,1,0,0,0,0,0,0,0,5,0,0,0,0,0,0,0,0,0,3,0,3,1,6,1,4,0,0,0,0,0,0,0,0,0,2,0,0,0,0,0,0,0,0,0,0,0,0,0,1,1,0,1,0,0,0,3,0,0,0,0,1,5,0,2,0,0,0,0,0,0,0,0,0,0,0,0,0,0,0,8,1,0,0,0,0,0,0,0,2,0,2,0,1,0,0,0,7,0,3,0,0,0,0,0,0,0,0,0,0,0,0,6,0,0,1,5,0,0,0,0,9
"66","L-15-5",3,0,0,0,0,1,3,0,0,0,0,0,0,0,1,0,0,0,1,0,0,0,0,0,0,0,0,0,0,0,0,0,0,0,0,0,0,8,0,0,0,2,0,1,0,6,0,0,0,0,0,1,0,0,0,0,0,0,0,0,0,0,12,0,0,0,0,0,5,0,0,0,2,0,2,5,10,2,6,0,1,0,0,0,0,0,0,0,2,1,0,0,0,0,0,0,0,1,0,0,0,0,0,0,4,2,0,0,0,4,0,0,0,1,2,3,0,3,0,0,0,0,0,0,0,0,0,0,0,0,0,0,0,12,1,0,1,1,0,0,0,0,2,0,2,0,0,0,0,4,2,0,2,0,0,0,0,0,0,0,0,0,0,0,0,5,0,0,1,3,0,0,0,0,9
"67","L-15-6",1,0,0,0,0,0,3,0,0,0,0,0,0,0,0,0,0,0,1,0,0,0,0,0,0,0,0,0,0,0,0,0,0,0,0,2,0,7,0,0,0,0,0,1,0,5,0,0,0,0,0,1,0,0,0,0,0,0,0,0,0,0,7,0,1,0,0,0,3,0,0,0,3,0,3,1,6,3,6,0,0,0,0,0,0,0,0,1,0,0,0,2,0,0,0,0,0,0,0,0,0,0,2,0,4,2,0,0,0,2,0,0,0,0,1,3,1,2,0,0,0,0,0,0,0,0,0,0,1,0,0,0,4,10,1,0,1,1,0,0,0,0,1,0,3,0,1,0,0,2,4,0,1,0,0,0,0,0,0,0,0,0,0,0,1,1,0,0,1,2,0,0,0,0,9
"68","L-15-7",0,0,0,0,0,2,1,0,0,0,0,0,0,0,0,0,0,0,1,0,0,0,0,0,0,0,0,0,0,0,0,0,0,0,0,0,0,7,0,0,0,0,0,1,0,6,0,0,0,0,0,0,0,0,2,0,0,0,0,0,0,0,9,0,1,0,0,0,4,0,0,0,1,1,2,0,7,1,4,0,0,0,0,0,0,0,0,0,0,0,0,4,1,0,0,0,0,0,0,0,0,0,0,12,3,3,0,0,0,1,0,0,0,0,0,3,0,0,0,0,0,3,0,0,0,0,0,1,0,0,0,0,2,5,1,0,2,0,0,0,0,0,1,0,7,1,0,0,0,1,5,0,0,0,0,0,0,0,0,0,0,0,1,1,0,2,0,0,0,0,0,0,0,0,10
"69","L-15-8",1,0,0,0,0,0,2,0,0,0,0,0,0,0,0,0,0,0,0,0,0,0,0,0,0,0,0,0,0,0,0,0,0,0,0,2,0,13,0,0,0,0,0,3,0,7,0,0,0,0,0,1,0,0,0,0,2,0,0,0,1,0,12,0,0,0,0,0,11,0,0,0,1,0,7,1,15,3,4,1,0,0,0,0,0,0,0,1,1,0,0,1,0,0,0,0,0,0,0,0,0,0,1,2,1,2,0,0,0,2,0,0,0,0,2,7,1,2,0,0,0,0,0,0,0,0,0,0,0,0,0,0,6,9,4,0,1,0,0,0,0,0,3,0,10,0,0,0,0,0,5,0,3,0,0,0,0,0,0,0,0,0,0,1,2,1,0,0,1,1,0,0,0,0,10
"70","L-15-9",3,0,0,0,0,0,5,0,0,0,0,0,0,0,1,1,0,0,1,0,0,0,1,0,0,0,0,0,0,0,0,0,0,0,0,0,0,10,2,0,0,0,0,1,0,4,0,0,0,0,0,1,0,1,0,0,0,0,0,0,4,0,9,1,1,0,0,0,2,0,0,0,1,0,4,2,8,3,2,2,0,0,0,0,0,0,0,5,1,1,1,3,0,0,0,0,0,0,0,0,0,0,0,0,5,0,0,0,0,2,0,0,0,0,0,3,0,4,0,0,0,0,0,0,0,0,0,0,0,0,0,0,0,9,9,0,1,1,0,0,0,0,1,0,3,0,0,0,0,0,4,1,0,0,0,0,0,0,0,0,0,0,0,0,0,1,0,0,5,0,0,0,0,0,7
"71","L-16-0",5,0,0,0,0,23,18,0,0,0,0,0,0,4,1,1,0,0,1,0,0,0,0,0,0,0,0,0,1,2,0,0,0,0,0,0,0,6,0,0,0,2,0,10,0,5,0,0,0,0,0,6,0,1,1,0,0,0,0,0,1,1,3,1,2,0,0,0,0,3,0,0,4,0,9,4,13,1,3,8,1,0,2,0,1,0,0,3,2,1,14,5,0,1,0,0,0,0,0,3,0,0,5,1,13,4,0,0,0,0,0,0,9,11,1,5,0,4,0,0,0,2,0,0,0,0,0,0,0,1,0,0,2,36,15,0,0,3,0,0,0,1,2,0,6,0,0,0,0,1,5,2,4,0,0,1,0,16,0,0,1,5,2,0,2,1,0,0,50,1,0,0,10,0,22
"72","L-16-1",0,0,0,0,0,1,0,0,0,0,0,0,0,2,0,0,0,0,0,0,0,0,0,0,0,0,0,0,0,0,0,0,0,1,0,0,0,0,0,0,0,0,0,1,0,1,0,0,0,1,0,3,0,0,0,0,0,0,0,0,0,0,0,0,0,0,0,0,0,2,0,1,0,0,4,1,1,0,2,2,0,0,0,0,0,0,0,0,1,0,2,2,0,0,0,0,0,0,0,0,0,0,2,0,1,0,0,0,0,1,0,0,0,1,1,0,0,1,0,0,0,0,0,0,0,0,0,0,0,0,0,0,0,10,0,0,0,2,0,0,0,0,0,0,2,0,0,0,0,0,0,0,1,0,0,0,0,6,0,0,0,0,0,0,0,1,0,0,14,0,0,0,1,0,4
"73","L-16-2",0,0,0,0,0,5,3,0,0,0,0,0,0,2,0,0,0,0,2,0,0,0,0,0,0,0,2,0,0,6,0,0,0,7,0,0,0,2,0,0,0,0,0,1,2,1,0,0,0,0,0,6,0,0,0,0,0,0,1,0,0,0,1,0,0,0,0,0,0,0,0,0,2,0,2,4,3,0,2,6,0,0,0,0,0,0,0,0,1,0,3,0,0,0,0,0,0,0,1,1,0,0,0,0,8,0,0,0,1,0,0,0,3,0,2,2,1,2,0,0,0,0,0,0,0,0,0,0,0,0,0,0,0,23,6,0,0,0,0,0,0,0,0,0,3,0,0,0,0,0,1,0,3,0,0,2,0,6,0,0,1,2,0,0,4,2,0,0,23,0,0,0,2,0,11
"74","L-16-3",4,0,0,0,0,1,5,0,0,0,0,0,0,0,0,0,0,1,0,0,0,2,2,0,0,0,0,0,0,0,0,0,0,0,0,0,0,7,1,0,0,3,0,5,0,2,0,0,0,0,0,8,0,0,0,0,0,0,1,0,1,0,1,0,0,0,0,0,0,0,0,0,2,0,4,1,7,2,1,1,0,0,0,0,0,0,0,3,0,0,2,1,0,0,0,0,0,0,0,1,0,0,0,0,10,0,1,0,0,1,0,0,2,0,1,6,0,0,0,0,0,1,0,0,0,0,0,0,0,0,0,0,1,22,9,0,0,0,0,0,0,0,1,0,5,0,1,0,0,2,3,2,1,0,0,6,0,4,0,0,0,1,0,0,1,1,0,0,20,5,0,0,0,0,14
"75","L-16-4",1,0,0,0,0,13,5,0,0,0,0,0,0,2,1,0,0,0,2,1,0,0,0,0,0,0,0,0,0,0,0,0,0,3,0,0,0,1,0,0,0,1,0,1,0,1,0,0,0,1,0,2,0,0,0,1,0,0,0,0,1,0,0,0,0,0,0,0,0,5,0,0,1,0,4,0,1,0,1,7,0,0,0,0,0,0,0,3,2,0,9,2,0,0,0,0,0,0,0,3,0,0,1,1,2,3,0,0,1,0,0,0,4,9,0,0,0,4,0,0,0,0,0,0,0,0,0,0,0,0,0,0,0,13,6,0,1,2,0,0,0,0,1,0,3,0,0,0,0,3,2,3,3,0,0,1,0,9,0,0,1,4,1,0,0,0,0,0,22,0,0,0,5,0,9
"76","L-16-5",2,0,0,0,0,13,7,0,0,0,0,0,0,2,0,1,0,0,0,0,0,0,0,0,0,0,0,0,0,1,0,0,0,4,0,0,0,0,0,0,0,0,0,2,0,2,0,0,0,1,0,0,0,0,0,0,0,0,0,0,0,1,1,0,0,0,0,0,0,0,0,0,4,0,2,3,3,0,0,6,0,0,1,0,0,0,0,0,2,0,8,4,0,0,0,0,0,0,0,3,0,0,3,0,2,0,0,0,0,1,0,0,3,6,0,3,0,2,0,0,0,0,0,0,0,0,0,0,0,0,0,0,0,18,7,0,0,2,0,0,0,0,1,0,3,0,0,0,0,1,1,0,11,1,0,0,0,7,0,0,0,1,0,0,0,0,0,0,24,0,0,0,7,0,7
"77","L-16-6",3,0,0,0,0,2,2,0,0,0,0,0,0,1,0,0,0,0,1,0,0,0,0,0,0,0,0,0,0,0,0,0,0,2,0,0,0,2,0,0,0,0,0,0,0,1,0,0,0,0,0,4,0,0,0,0,0,0,0,0,0,0,0,0,0,0,0,2,0,0,0,0,0,0,4,0,7,0,1,2,1,0,0,0,0,0,0,0,0,0,5,1,0,0,0,0,0,0,0,0,0,0,2,0,7,1,0,0,0,0,0,0,0,5,1,1,0,5,0,0,0,0,0,0,0,0,0,0,0,0,0,0,0,14,4,0,0,1,0,0,0,0,0,0,8,0,0,0,0,0,3,0,3,0,0,1,0,1,0,0,1,0,0,0,0,1,0,0,22,2,0,0,1,0,9
"78","L-16-7",2,0,0,0,0,10,10,0,0,0,0,0,0,1,0,2,0,0,2,0,0,1,0,0,0,0,0,0,0,1,0,0,0,1,0,0,0,4,0,0,0,0,0,3,0,0,0,0,0,0,0,1,0,1,0,0,0,0,0,0,3,0,0,0,0,0,0,0,1,1,0,0,3,0,7,0,9,1,6,1,0,0,0,0,0,0,0,2,0,0,3,3,0,0,0,0,0,0,0,5,0,0,2,0,6,0,0,0,0,1,0,0,5,4,0,5,0,6,0,0,0,0,0,0,0,0,0,0,0,0,0,0,0,16,9,0,1,0,0,0,0,0,0,0,6,0,0,0,0,0,3,0,1,0,0,1,0,12,0,0,0,2,1,0,0,0,0,0,25,0,1,1,2,0,10
"79","L-16-8",4,0,0,0,0,5,6,0,0,0,0,0,0,3,0,1,0,0,0,1,0,0,0,0,0,0,0,0,0,0,0,0,0,2,0,0,0,0,0,0,0,1,0,7,0,0,0,0,0,1,0,2,0,0,0,0,0,0,0,0,0,1,1,1,0,0,0,0,1,2,0,1,2,0,3,2,10,2,3,7,0,0,0,0,0,0,0,0,1,0,10,2,0,0,0,0,0,0,0,1,0,0,0,0,7,0,0,0,0,0,0,1,4,9,0,0,0,2,0,0,0,0,0,0,0,1,0,0,0,0,0,0,0,14,2,0,0,0,0,0,0,0,0,0,3,0,0,0,0,1,3,1,5,0,0,0,0,8,0,0,0,1,0,0,0,1,0,0,30,0,2,0,8,0,6
"80","L-16-9",0,0,0,0,0,6,4,0,0,0,0,0,0,0,0,0,0,0,1,0,0,0,1,0,0,0,1,0,0,4,0,0,0,3,0,0,0,3,0,0,0,0,0,1,0,0,0,0,0,0,0,4,0,0,0,0,0,0,0,0,0,0,2,0,0,0,0,0,0,0,0,0,2,0,3,2,0,0,3,4,0,0,0,0,2,0,0,0,1,0,5,1,0,0,0,0,0,0,0,0,0,0,0,0,8,0,0,0,0,0,0,0,1,3,0,0,0,4,0,0,0,0,0,0,0,1,0,0,0,0,0,0,0,14,1,0,0,1,0,0,0,0,0,0,4,0,1,0,0,1,0,2,3,0,0,5,0,4,0,0,0,2,0,0,0,1,0,0,12,1,0,0,1,0,6
"81","L-17-0",2,0,0,0,0,3,5,0,0,0,0,0,0,1,0,1,0,0,2,0,0,0,0,0,0,0,1,0,0,7,0,0,0,7,0,2,0,6,0,0,0,0,0,1,0,9,0,0,0,0,0,7,0,0,0,0,0,0,0,0,1,1,3,0,1,0,0,0,0,0,0,0,6,0,4,2,4,0,4,4,0,0,0,0,1,0,0,0,0,0,4,7,0,0,0,0,0,0,1,0,0,0,4,1,20,1,1,0,0,1,0,0,3,1,2,1,1,9,0,0,0,0,0,0,0,0,0,0,0,0,0,0,1,32,5,0,0,1,0,0,0,0,1,0,6,0,0,0,0,2,6,1,6,0,0,5,0,11,0,0,1,3,0,0,2,1,0,0,46,3,0,0,3,0,21
"82","L-17-1",2,0,0,0,0,3,3,0,0,0,1,0,0,0,0,0,0,0,0,0,0,1,0,0,0,0,0,0,0,1,0,0,0,3,0,0,0,4,0,0,0,1,0,3,0,2,0,0,0,0,0,2,0,0,0,0,0,0,1,0,1,1,3,0,0,0,0,0,0,0,0,0,0,0,4,0,3,1,2,2,0,0,0,0,1,0,0,1,1,0,4,2,0,0,0,0,0,0,0,1,0,0,0,0,9,0,0,0,0,0,0,0,3,0,0,1,0,3,0,0,0,0,0,0,0,0,0,0,0,0,0,0,0,14,2,0,0,0,0,0,0,1,0,0,4,0,0,0,0,0,4,0,2,0,0,3,0,5,0,0,0,1,0,0,0,0,0,0,17,0,1,0,4,0,6
"83","L-17-2",4,0,0,0,0,5,7,0,0,0,0,0,0,1,1,0,0,0,0,0,0,1,0,0,0,0,0,0,0,0,0,0,0,3,0,0,0,8,0,0,0,0,0,0,0,7,0,0,0,0,0,3,0,0,0,0,0,0,1,0,0,0,3,0,0,0,0,0,1,0,0,0,3,1,2,1,5,2,4,0,0,0,0,0,1,0,0,1,0,0,3,0,0,0,0,0,0,0,0,3,0,0,2,0,6,0,1,0,0,0,0,0,8,1,0,0,0,2,0,0,0,0,0,0,0,0,0,0,0,0,0,0,0,20,6,0,0,0,0,0,0,0,1,0,1,0,0,0,0,0,4,0,2,0,0,1,0,10,0,0,0,0,0,0,0,1,0,0,23,0,1,0,0,0,7
"84","L-17-3",1,0,0,0,0,7,4,0,0,0,0,0,0,1,0,2,0,0,0,0,0,0,0,0,0,0,0,0,0,1,0,0,0,1,0,0,0,2,0,0,0,0,0,1,0,0,0,0,0,0,0,1,0,0,0,0,0,0,0,0,0,0,2,0,0,0,0,0,1,3,0,0,2,0,5,0,2,0,4,2,0,0,0,0,0,0,0,0,0,0,4,3,0,0,0,0,0,0,0,2,0,0,1,0,7,0,1,0,0,1,0,0,2,5,1,2,1,1,0,0,0,0,0,0,0,0,0,0,0,0,0,0,0,14,5,0,0,0,0,0,0,0,1,0,3,0,0,0,0,0,3,0,3,0,0,2,0,4,0,0,0,2,1,0,2,1,0,0,23,0,0,0,8,0,8
"85","L-17-4",4,0,0,0,0,3,6,0,0,0,0,0,0,0,0,0,0,0,0,0,0,0,0,0,0,0,1,0,0,0,0,0,0,0,0,0,0,6,0,0,0,0,0,0,0,2,0,0,0,1,0,0,0,1,0,0,0,0,0,0,0,0,6,0,0,0,0,1,0,3,0,2,3,0,0,0,8,0,0,0,0,0,0,0,1,0,0,0,2,0,10,0,0,0,0,0,0,0,0,3,0,0,5,0,4,0,0,0,0,1,0,0,4,3,0,0,0,5,0,0,0,1,0,0,0,0,0,0,0,0,0,0,2,9,2,0,1,0,0,0,0,0,1,0,5,0,0,0,0,1,5,0,2,0,0,0,0,6,0,0,0,0,0,0,1,0,0,0,23,0,1,0,3,0,5
"86","L-17-5",2,0,0,0,0,6,3,0,0,0,0,0,0,1,0,0,0,0,0,0,0,1,0,0,0,0,1,0,0,0,0,0,0,5,0,0,0,5,0,0,0,0,0,0,0,1,0,0,0,0,0,2,0,0,0,0,0,0,0,0,0,0,3,0,0,1,0,0,0,0,0,0,2,0,0,0,2,0,4,4,0,0,0,0,0,0,0,0,1,0,4,5,0,0,0,0,0,0,0,1,0,0,4,0,8,0,1,0,0,1,0,0,5,4,2,0,0,1,0,0,0,0,0,0,0,0,0,0,0,0,0,0,1,13,3,0,0,2,0,0,0,0,0,0,1,0,0,0,0,1,1,0,2,0,0,1,0,8,0,0,0,1,0,0,0,0,0,0,24,1,0,0,2,0,7
"87","L-17-6",1,0,0,0,0,3,4,0,0,0,0,0,0,1,1,0,0,0,0,0,0,0,0,0,0,0,1,0,0,1,0,0,0,0,0,0,0,1,0,0,0,0,0,1,0,0,0,0,0,0,0,2,0,0,0,0,0,0,0,0,0,0,2,0,0,0,0,0,0,0,0,0,2,0,3,1,2,0,3,4,0,0,0,0,1,0,0,0,1,0,4,2,0,0,0,0,0,0,0,1,0,0,0,0,8,0,0,0,1,0,0,0,0,5,0,0,0,1,0,0,0,0,0,0,0,0,0,0,0,0,0,0,0,17,4,0,0,2,0,0,0,0,1,0,5,0,0,0,0,0,2,1,5,0,0,3,0,6,0,0,0,1,0,0,0,0,0,0,31,1,0,0,0,0,7
"88","L-17-7",0,0,0,0,0,4,6,0,0,0,0,0,0,0,0,1,0,0,1,0,0,0,0,0,0,0,0,0,0,0,0,0,0,0,0,0,0,3,0,0,0,0,0,4,0,3,0,1,0,0,0,4,0,0,0,0,0,0,0,0,0,0,3,0,1,0,0,1,0,2,0,0,4,0,1,0,10,1,2,3,0,0,1,0,1,0,0,0,1,0,8,3,0,0,0,0,0,0,0,2,0,0,1,0,5,2,0,0,1,0,0,0,0,1,1,0,0,0,0,0,0,0,0,0,0,0,0,0,0,0,0,0,0,12,3,0,0,3,0,0,1,0,1,0,6,0,0,0,0,1,1,1,6,0,0,0,0,9,0,0,0,2,1,1,0,0,0,0,21,1,1,0,4,0,5
"89","L-17-8",1,0,0,0,0,5,1,0,0,0,0,0,0,1,1,1,0,0,0,0,0,0,0,0,0,0,3,0,0,0,0,0,0,4,0,0,0,3,0,0,0,0,0,1,0,4,0,0,0,0,0,3,0,0,0,0,0,0,0,0,0,0,2,0,1,0,0,0,0,1,0,0,1,0,0,1,4,0,3,0,0,0,0,0,1,0,0,0,2,0,9,2,0,0,0,0,0,0,0,1,0,0,2,0,7,0,0,0,0,0,0,0,1,1,3,0,0,1,0,0,0,0,0,0,0,0,0,0,0,0,0,0,0,17,3,0,2,1,0,0,0,0,0,0,2,0,1,0,0,0,1,0,2,0,0,3,0,7,0,0,0,1,0,0,0,1,0,0,21,0,1,1,3,0,10
"90","L-17-9",3,0,0,0,0,2,6,0,0,0,0,0,0,0,0,0,0,0,0,0,0,0,0,0,0,0,0,0,0,0,0,0,0,2,0,0,0,0,1,0,0,0,0,2,0,0,0,0,0,1,0,0,0,0,0,0,0,0,0,0,0,0,3,0,2,1,0,0,0,5,0,0,2,0,0,1,4,0,5,3,0,0,0,0,1,0,0,0,0,0,3,3,0,0,0,0,0,0,0,0,0,0,3,0,5,0,0,0,0,0,0,0,2,3,1,1,0,7,0,0,0,0,0,0,0,0,0,0,0,0,0,0,0,15,4,0,0,2,0,0,0,0,0,0,3,0,0,0,0,1,2,2,1,0,0,0,0,4,0,0,0,0,0,0,2,1,0,0,21,0,0,0,2,0,4
"91","L-18-0",9,0,0,0,0,0,10,0,0,0,0,0,0,6,1,1,0,0,2,0,0,0,0,0,0,0,1,0,0,0,0,0,0,0,0,1,0,6,0,0,0,0,0,4,0,2,0,0,0,0,0,0,0,0,0,0,0,0,0,0,0,0,9,2,1,0,0,0,0,2,0,2,8,0,0,1,12,8,9,11,0,0,0,0,2,0,0,0,1,6,2,7,0,0,0,0,0,0,0,1,0,0,0,0,12,1,0,0,1,3,0,0,2,3,0,1,0,15,0,0,0,0,0,0,0,0,0,0,0,0,0,0,3,29,27,0,1,1,0,0,0,0,4,0,5,0,0,0,0,3,4,5,4,0,0,0,0,5,0,0,0,3,0,0,0,8,0,0,33,0,1,0,1,0,5
"92","L-18-1",1,0,0,0,0,1,1,0,0,0,0,0,0,0,2,1,0,0,0,0,0,0,0,0,0,0,1,0,0,1,0,0,0,2,0,0,1,4,0,0,0,0,0,1,0,3,0,0,0,0,0,1,0,0,0,0,0,0,0,0,0,0,0,0,1,0,0,0,0,0,0,0,3,0,1,2,6,0,4,0,0,0,0,0,0,0,0,0,0,0,0,8,0,0,0,0,0,0,0,0,0,0,0,0,4,1,0,0,0,1,0,0,0,3,2,0,0,9,0,0,0,0,0,0,0,0,0,0,0,0,0,0,0,16,18,0,0,0,0,0,0,0,0,0,2,0,0,0,0,1,1,1,2,0,0,0,0,3,0,0,0,0,0,0,0,5,0,0,16,1,0,0,0,0,10
"93","L-18-2",1,0,0,0,0,2,3,0,0,0,0,0,0,3,3,1,0,0,1,0,0,0,0,0,0,0,1,0,0,2,0,0,0,0,0,0,0,2,0,0,0,0,0,0,0,0,0,0,0,0,0,1,0,0,0,0,0,0,0,0,0,0,1,0,0,0,0,0,0,0,0,0,2,0,0,1,2,0,4,0,0,0,0,0,1,0,0,0,0,0,3,3,0,0,0,0,0,0,0,0,0,0,1,0,13,0,0,0,0,0,0,0,1,3,1,0,0,1,0,0,0,0,0,0,0,0,0,0,0,0,0,0,0,17,12,0,0,0,0,0,0,0,0,0,4,0,0,0,0,2,0,0,2,0,0,0,0,1,0,0,0,0,0,0,0,7,0,0,14,0,1,1,0,0,6
"94","L-18-3",4,0,0,0,0,0,2,0,0,0,0,0,0,1,1,1,0,0,1,0,0,0,0,0,0,0,1,0,0,1,0,0,0,1,0,2,0,3,1,0,0,0,0,6,0,0,0,0,0,0,0,2,0,0,0,0,0,0,1,0,0,0,3,0,1,0,0,0,0,0,0,0,2,0,0,2,8,1,6,0,0,0,0,0,2,0,0,0,1,0,3,5,0,0,0,0,0,0,0,1,0,0,0,0,6,0,0,0,0,2,0,0,0,2,1,1,1,7,0,0,0,0,0,0,0,0,0,0,0,1,0,0,1,8,11,0,0,1,0,0,0,0,3,0,2,0,0,0,0,2,0,1,0,0,0,0,0,1,0,0,0,1,0,0,0,2,0,0,21,2,0,0,0,0,1
"95","L-18-4",1,0,0,0,0,0,3,0,0,0,0,0,0,0,0,2,0,0,2,0,0,0,0,0,0,0,2,0,0,0,0,0,0,2,0,0,0,5,0,0,0,0,0,0,0,2,0,0,0,0,0,2,0,0,0,0,0,0,0,0,0,0,1,0,0,0,0,0,0,0,0,0,4,0,0,1,5,1,7,1,0,0,0,0,1,0,0,0,1,1,3,4,0,0,0,0,0,0,0,0,0,0,0,0,3,0,0,0,1,2,0,0,0,2,1,0,0,1,0,0,0,0,0,0,0,0,0,0,0,0,0,0,0,14,14,0,0,0,0,0,0,0,0,0,4,0,0,0,0,2,3,3,0,0,0,0,0,0,0,0,0,2,0,0,0,4,0,0,24,0,0,0,1,0,7
"96","L-18-5",3,0,0,0,0,4,2,0,0,0,0,0,0,1,2,0,0,0,0,0,0,0,0,0,0,0,0,0,0,0,0,0,0,0,0,0,0,2,0,0,0,0,0,5,0,0,0,0,0,0,0,0,0,0,0,0,0,0,0,0,0,0,1,0,1,0,0,0,0,1,0,0,2,0,0,1,4,2,9,1,0,0,0,0,1,0,0,0,0,0,7,8,0,0,0,0,0,0,0,0,0,0,0,0,10,0,0,0,2,0,0,0,3,8,0,1,0,11,0,0,0,0,0,0,0,0,0,0,0,1,0,0,2,10,18,0,0,0,0,0,0,0,1,0,2,0,0,0,0,0,1,0,4,0,0,0,0,2,0,0,0,0,0,0,1,4,0,0,19,0,0,0,0,0,2
"97","L-18-6",2,0,0,0,0,1,3,0,0,0,0,0,0,1,1,0,0,0,2,0,0,0,0,0,0,0,0,0,0,0,0,0,0,0,0,0,1,3,0,0,0,1,0,2,0,3,0,0,0,0,0,0,0,0,0,0,0,0,0,0,0,0,3,0,0,0,0,0,0,3,0,0,3,0,1,0,5,2,7,1,0,0,0,0,0,0,0,1,1,0,1,2,0,0,0,0,0,0,0,0,0,0,0,0,12,0,0,0,0,0,0,0,1,3,0,1,0,13,0,0,0,0,0,0,0,0,0,0,0,0,0,0,0,8,15,0,0,0,0,0,0,0,2,0,3,0,0,0,0,1,2,0,0,0,0,0,0,1,0,0,0,0,0,0,0,3,0,0,20,1,0,0,2,0,2
"98","L-18-7",1,0,0,0,0,0,4,0,0,0,0,0,0,3,0,0,0,0,0,0,0,0,0,0,0,0,0,0,0,0,0,0,0,0,0,0,1,2,0,0,0,0,0,1,0,0,0,0,0,0,0,0,0,0,0,0,0,0,0,0,0,0,5,0,2,0,0,0,0,2,0,0,3,0,0,2,4,2,6,1,0,0,0,0,0,0,0,0,0,0,4,7,0,0,0,0,0,0,0,0,0,0,0,0,8,2,0,0,0,1,0,0,0,2,0,0,0,8,0,0,0,0,0,0,0,0,0,0,0,0,0,0,0,3,10,0,0,0,0,0,0,0,1,0,4,0,0,0,0,1,1,3,0,0,0,0,0,1,0,0,0,0,1,0,0,2,0,0,18,1,0,0,0,0,4
"99","L-18-8",3,0,0,0,0,1,2,0,0,0,0,0,0,1,1,0,0,0,1,0,0,0,0,0,0,0,4,0,0,1,0,0,0,0,0,0,0,7,0,0,0,0,0,1,0,1,0,0,0,0,0,1,0,0,0,0,0,0,1,0,0,0,2,0,0,0,0,0,0,0,0,0,1,0,1,0,2,2,6,1,0,0,0,0,4,0,0,0,1,0,1,4,0,0,0,0,0,0,0,1,0,0,2,0,9,1,0,0,0,2,0,0,1,0,2,2,0,8,0,0,0,0,0,0,0,0,0,0,0,0,0,0,0,20,10,0,0,1,0,0,0,0,1,0,1,0,0,0,0,0,2,0,3,0,0,0,0,0,0,0,0,2,0,0,0,6,0,0,19,4,0,0,0,0,1
"100","L-18-9",4,0,0,0,0,1,4,0,0,0,0,0,0,1,3,0,0,0,0,0,0,0,0,0,0,0,1,0,0,0,0,0,0,0,0,0,0,5,1,0,0,0,0,3,0,3,0,0,0,0,0,0,0,0,0,0,0,0,2,0,0,0,1,0,0,0,0,0,0,0,0,1,4,0,1,2,7,3,6,5,0,0,0,1,4,0,0,0,1,0,3,6,0,0,0,0,0,0,0,1,0,0,1,0,6,1,0,0,1,1,0,0,2,0,1,0,0,8,0,0,0,0,0,0,0,0,0,0,0,0,0,0,0,10,11,0,0,1,0,0,0,0,0,0,4,0,0,0,0,2,1,1,1,0,0,0,0,0,0,0,0,1,0,0,0,7,0,0,22,1,0,0,1,0,4
"101","L-19-0",4,0,0,0,0,1,3,0,0,0,0,0,0,0,1,0,0,0,1,0,0,0,0,0,0,0,0,0,0,0,0,0,0,1,0,0,0,1,1,0,0,1,0,0,0,0,0,0,0,0,0,0,0,0,0,0,0,0,0,0,0,0,4,0,0,0,0,0,0,0,0,0,0,0,0,1,0,1,1,3,0,0,0,0,0,0,0,0,0,0,0,0,0,1,0,0,0,0,0,0,0,0,0,0,3,0,0,0,0,0,0,0,0,1,2,1,0,3,0,0,0,0,0,0,0,0,0,0,0,0,0,0,0,8,9,0,0,2,0,0,0,0,0,0,1,0,0,0,0,0,1,0,2,0,0,0,0,0,0,0,0,0,0,0,0,2,0,0,7,0,0,0,0,0,2
"102","L-19-1",0,0,0,0,0,0,1,0,0,0,0,0,0,1,1,0,0,0,1,0,0,0,0,0,0,0,0,0,0,0,0,0,0,0,0,0,0,1,1,0,0,0,0,0,0,0,0,0,0,0,0,0,0,0,0,0,0,0,0,0,0,0,0,0,0,0,0,0,0,0,0,0,2,0,0,0,2,0,1,1,0,0,0,0,0,0,0,0,0,0,0,0,0,0,0,0,0,0,0,0,0,0,0,0,2,0,0,0,0,0,0,0,0,0,1,1,0,0,0,0,0,2,0,0,0,0,0,1,0,0,0,0,0,2,4,0,0,0,0,0,0,0,0,0,0,0,0,0,0,0,1,0,0,0,0,0,0,0,0,0,0,0,0,0,0,2,0,0,2,0,1,0,0,0,2
"103","L-19-2",1,0,0,0,0,0,1,0,0,0,0,0,0,0,0,0,0,0,0,0,0,0,0,0,0,0,0,0,0,0,0,0,0,0,0,0,0,4,0,0,0,0,0,3,0,5,0,0,0,0,0,0,0,0,0,0,0,0,0,0,0,0,4,0,0,0,0,0,0,0,0,0,0,0,0,0,4,0,1,0,0,0,0,0,0,0,0,0,0,0,0,0,0,0,0,0,0,0,0,0,0,0,0,0,1,3,0,0,0,0,0,0,0,2,0,2,0,1,0,0,0,0,0,0,0,0,0,0,0,0,0,0,3,2,1,0,0,0,0,0,0,0,0,0,1,0,0,0,0,0,2,0,0,0,0,0,0,0,0,0,0,0,0,0,0,0,0,0,2,0,0,0,0,0,4
"104","L-19-4",2,0,0,0,0,0,1,0,0,0,0,0,0,1,0,1,0,0,0,1,0,0,0,0,0,0,0,0,0,0,0,0,0,0,0,0,0,3,0,0,0,0,0,1,0,1,0,0,0,0,0,0,0,0,0,0,0,0,0,0,0,0,5,0,0,0,0,0,0,0,0,0,0,0,0,0,4,0,2,3,0,0,0,0,0,0,0,0,0,0,0,0,0,0,0,0,0,0,0,0,0,0,0,0,2,4,0,0,1,1,0,0,1,1,2,1,0,4,0,0,0,0,0,0,0,0,0,1,0,0,0,0,3,5,2,0,2,0,0,0,0,0,1,0,1,0,0,0,0,0,5,0,1,0,0,0,0,0,0,1,0,1,0,0,0,0,0,0,7,0,0,0,0,0,2
"105","L-19-5",2,0,0,0,0,0,1,0,0,0,0,0,0,1,1,0,0,0,1,0,0,0,0,0,0,0,0,0,0,0,0,0,0,0,0,0,0,9,1,0,0,0,0,2,0,9,0,0,0,0,0,0,0,0,1,0,0,0,0,0,0,0,9,0,0,0,0,0,0,0,0,0,0,0,0,1,5,0,1,2,0,0,0,0,0,0,0,0,0,0,0,0,0,0,0,0,0,0,0,1,0,0,0,0,4,7,0,0,0,2,0,0,0,2,2,5,0,5,0,0,0,0,0,0,0,0,0,0,2,0,0,0,6,6,4,0,0,0,0,0,0,0,1,0,2,0,0,0,0,1,6,0,3,0,0,0,0,1,0,0,0,1,0,1,3,4,0,0,5,0,0,0,0,0,7
"106","L-19-6",0,0,0,0,0,0,2,0,0,0,0,0,0,1,1,0,0,0,0,0,0,0,0,0,0,0,0,0,0,0,0,0,0,0,0,0,0,3,2,0,0,0,0,0,0,2,0,0,0,0,0,0,0,0,0,0,0,0,0,0,0,0,3,0,0,0,0,0,0,0,0,0,0,0,0,0,0,0,0,1,0,0,0,0,0,0,0,0,0,0,0,0,0,0,0,0,0,0,0,0,0,0,0,0,4,2,0,0,0,0,0,0,0,1,0,3,0,4,0,0,0,0,0,0,0,0,0,0,0,0,0,0,0,4,2,0,0,0,0,0,0,0,2,0,1,0,0,0,0,0,4,0,0,0,0,0,0,0,0,0,0,0,0,0,0,1,0,0,2,0,0,0,0,0,1
"107","L-19-7",3,0,0,0,0,0,5,0,0,0,0,0,0,5,1,0,0,0,3,0,0,0,0,0,0,0,1,1,0,0,0,0,0,0,0,0,0,4,0,0,0,1,0,3,0,2,0,0,0,0,0,1,0,0,0,0,0,0,0,0,0,0,2,0,0,0,0,0,1,2,0,0,1,0,0,3,4,1,5,4,1,0,0,0,0,0,0,0,0,0,2,5,0,0,0,0,0,0,0,2,0,0,0,0,13,1,0,0,0,0,0,0,1,7,5,2,0,10,0,0,0,2,0,0,0,0,0,1,0,1,0,0,3,10,22,0,0,0,0,0,0,0,2,0,3,0,0,0,0,0,0,1,2,0,0,0,0,0,0,0,0,2,0,0,0,7,0,0,18,0,0,0,0,0,2
"108","L-19-8",1,0,0,0,0,0,4,0,0,1,0,0,0,0,0,0,0,0,3,0,0,0,0,0,0,0,1,0,0,0,0,0,0,0,0,0,0,2,4,0,0,1,0,0,0,1,0,0,0,0,0,2,0,0,0,0,0,0,0,0,0,0,2,0,0,0,0,0,0,1,0,0,1,0,0,1,0,0,3,2,0,0,0,0,0,0,0,0,0,0,2,2,0,0,0,0,0,0,0,0,0,0,0,0,13,0,0,0,0,0,0,0,0,2,3,2,0,1,0,0,0,0,0,0,0,0,0,0,0,0,0,0,0,9,5,0,0,0,0,0,0,0,1,0,2,0,0,0,0,0,4,1,4,0,0,0,0,0,0,0,0,1,0,1,0,3,0,0,12,0,0,0,0,0,5
"109","L-2-0",15,0,0,0,0,2,6,0,0,0,0,0,0,3,1,0,0,0,0,0,0,0,1,1,0,0,0,0,0,0,0,0,0,1,0,4,1,17,3,1,0,8,0,9,0,4,0,0,0,0,0,0,0,0,1,0,0,0,0,0,0,0,19,0,0,0,0,0,4,0,0,0,0,0,0,0,10,0,0,5,1,0,0,0,0,0,0,0,0,0,2,0,0,0,0,0,0,0,0,0,0,0,1,0,12,3,0,0,0,2,0,0,0,1,0,9,0,15,0,0,0,3,0,0,1,0,0,0,0,1,0,0,8,18,30,0,0,0,0,0,0,0,1,0,8,0,2,0,0,4,7,7,2,0,1,0,0,1,0,0,0,4,0,1,1,5,0,0,25,3,0,0,0,0,13
"110","L-2-1",9,0,0,0,0,0,4,0,0,0,0,0,0,1,0,0,0,0,0,0,0,0,2,0,0,0,2,0,0,0,0,0,0,0,0,1,0,8,1,0,0,1,0,3,0,5,0,0,0,0,0,0,0,0,0,0,0,0,0,0,0,0,10,0,0,0,0,0,0,1,1,0,0,0,0,0,7,0,0,3,0,0,0,0,0,0,0,0,0,0,3,0,0,0,0,0,0,0,0,0,0,0,0,0,11,3,0,0,1,0,0,0,0,1,0,2,0,7,0,0,0,0,0,0,0,0,0,0,0,0,0,0,0,8,12,0,0,0,0,0,0,0,1,0,6,0,0,0,0,3,5,3,1,0,0,0,0,0,0,0,0,0,0,0,0,2,0,0,12,3,1,0,1,0,6
"111","L-2-2",8,0,0,0,0,0,1,0,0,0,0,0,0,0,0,0,0,0,0,0,0,0,0,0,0,0,0,0,0,0,0,0,0,0,0,1,0,6,0,0,0,1,1,7,0,3,0,0,0,0,0,0,0,0,0,0,3,0,0,0,0,0,14,0,0,0,0,0,0,0,0,0,0,0,0,0,6,0,0,2,1,0,0,0,0,0,0,0,0,0,0,0,0,0,0,0,0,0,0,0,0,0,0,0,4,2,0,0,0,0,0,0,0,0,0,6,0,4,0,0,0,2,0,0,0,0,0,1,0,1,0,0,3,6,14,0,0,0,0,0,0,0,2,0,5,0,0,0,0,2,8,6,2,0,0,0,0,0,0,0,0,0,1,1,0,1,0,0,11,2,0,0,0,0,7
"112","L-2-3",5,0,0,0,0,3,4,0,0,0,0,0,0,1,1,0,0,0,1,0,1,0,0,0,0,0,2,0,0,0,0,0,0,0,0,2,1,2,1,0,0,0,0,1,0,1,0,0,0,0,0,0,0,0,1,0,0,0,0,0,0,0,7,0,0,0,0,0,0,0,0,0,0,0,0,0,0,0,1,4,0,0,0,0,0,0,0,0,0,0,0,0,0,0,0,0,0,0,0,0,0,0,0,0,14,0,0,0,3,0,0,0,0,0,0,5,0,7,0,0,0,0,0,0,0,0,0,0,0,0,0,0,0,9,16,0,0,0,0,0,0,0,1,0,5,0,0,0,0,1,2,4,1,0,0,0,0,0,0,0,0,3,0,0,0,6,0,0,11,0,0,0,0,0,4
"113","L-2-4",12,0,0,0,0,1,1,0,0,0,0,0,0,0,0,1,0,0,0,0,0,0,0,0,0,0,0,0,0,0,0,0,0,0,0,13,2,10,0,0,1,1,0,11,0,7,0,0,0,0,0,0,0,0,0,0,0,0,0,0,0,0,6,0,0,0,0,0,1,0,0,0,0,0,0,0,12,0,0,2,0,0,0,0,0,0,0,0,0,0,1,0,0,0,0,0,0,0,0,0,0,0,1,1,2,4,0,0,0,0,0,0,0,0,0,1,0,10,0,0,0,0,0,0,1,0,0,1,0,1,0,0,7,2,8,0,0,0,0,0,0,0,6,0,6,0,0,0,0,1,9,4,1,2,0,0,0,0,0,0,0,0,0,1,1,0,0,0,15,1,0,0,0,0,6
"114","L-2-5",6,0,0,0,0,0,0,0,0,0,0,0,0,1,0,0,0,1,0,0,0,0,0,0,0,0,0,0,0,0,0,0,0,0,0,12,0,4,0,0,0,1,0,3,0,2,0,0,0,0,0,0,0,0,0,0,0,0,0,0,0,0,1,0,0,0,0,1,2,3,0,0,0,0,0,0,13,0,0,1,1,0,0,0,0,0,0,0,0,0,1,0,0,0,0,0,0,0,0,0,0,0,1,0,2,1,0,0,0,0,0,0,0,0,0,1,0,11,0,0,0,5,0,0,2,0,0,1,0,11,0,0,3,1,7,0,0,0,0,0,0,0,1,0,2,0,0,0,0,0,3,3,0,0,0,0,0,1,0,0,0,0,0,0,0,0,0,0,14,0,0,0,1,0,3
"115","L-2-6",12,0,0,0,0,1,4,0,0,0,0,0,0,4,3,0,0,0,2,0,0,0,1,1,0,0,0,0,0,0,0,0,0,0,0,3,0,9,3,0,0,3,0,12,0,3,0,0,0,1,0,0,0,0,0,0,0,0,0,0,0,0,11,0,0,0,0,0,0,1,0,0,0,0,0,0,6,0,0,2,0,0,0,0,0,0,0,0,0,0,1,0,0,0,0,0,0,0,0,1,0,0,0,0,3,1,0,0,1,0,0,0,0,1,0,5,0,10,0,0,0,1,0,0,2,0,0,1,0,1,0,0,4,7,12,0,0,0,0,0,0,1,0,0,7,0,0,0,0,0,5,4,3,0,0,0,0,0,0,0,0,0,0,0,1,1,0,0,15,0,0,0,1,0,3
"116","L-2-7",14,0,0,0,0,1,1,0,0,0,0,0,0,3,1,0,0,0,0,0,0,0,0,0,0,0,0,0,0,0,0,0,0,0,0,7,0,8,1,0,0,6,0,12,0,4,0,0,0,0,0,0,0,0,0,0,0,0,0,0,0,0,4,0,0,0,0,0,2,0,0,0,0,0,0,0,5,0,0,4,2,0,0,0,0,0,0,0,0,0,2,0,0,0,0,0,0,0,0,1,0,0,0,1,3,1,0,0,1,1,0,0,0,2,0,1,0,13,0,0,0,5,0,0,2,0,1,0,0,4,0,0,6,5,7,0,0,0,0,0,0,1,2,0,5,1,0,0,0,1,5,2,3,0,0,0,0,1,0,0,0,0,0,0,0,0,0,0,19,0,1,0,0,0,4
"117","L-2-8",10,0,0,0,0,2,3,0,0,0,0,0,0,2,1,0,0,0,0,0,0,0,1,0,0,0,0,0,0,0,0,0,0,0,0,9,0,7,2,0,0,3,0,7,0,5,0,0,0,0,0,0,0,0,0,0,0,0,0,0,0,0,3,0,0,0,0,0,1,4,0,0,0,0,0,0,10,0,0,2,0,0,0,0,0,0,0,0,0,0,0,0,0,0,0,0,0,0,0,0,0,0,0,0,4,2,0,0,0,0,0,0,0,1,0,3,0,11,0,0,0,0,0,0,0,0,0,0,0,1,0,0,6,4,6,0,0,0,0,0,0,0,2,1,7,0,0,0,0,0,6,2,3,0,0,0,0,0,0,0,0,0,0,0,0,2,0,0,17,2,0,0,1,0,4
"118","L-2-9",4,0,0,0,0,0,1,0,0,0,0,0,0,0,1,2,0,0,0,0,0,1,1,0,0,1,0,0,0,0,0,0,0,0,0,2,0,8,0,1,0,4,0,10,0,5,1,0,0,0,0,0,0,0,0,0,0,0,0,0,0,0,12,0,0,0,0,0,2,0,0,0,0,0,0,0,9,0,0,1,4,0,0,0,0,0,0,0,0,0,0,0,0,0,0,0,0,0,0,0,0,0,0,0,4,0,0,0,0,0,0,0,0,0,0,4,0,5,0,0,0,6,0,0,1,0,0,6,0,0,0,0,10,10,10,0,0,0,0,0,0,0,1,0,6,0,0,0,0,2,10,0,1,0,0,0,0,0,0,0,0,0,0,0,0,1,0,0,10,1,0,0,2,0,4
"119","L-3-0",15,0,0,0,0,3,6,0,0,0,0,0,0,3,0,0,0,0,1,0,0,0,0,0,0,0,1,0,0,0,0,0,0,0,0,2,4,9,3,0,0,8,1,10,0,4,0,0,0,0,0,0,0,0,0,0,0,0,0,0,0,0,20,0,0,0,0,1,4,4,0,0,0,0,0,0,13,0,0,4,0,0,0,0,0,0,0,0,0,0,4,0,0,0,0,0,0,0,0,3,0,0,1,1,19,2,0,1,1,0,0,0,0,1,0,7,0,10,0,1,0,6,0,0,0,0,3,0,0,0,0,0,6,12,12,0,0,0,0,0,0,0,4,0,9,0,1,0,0,3,12,8,8,0,0,0,0,0,0,0,0,2,2,0,0,3,0,0,34,9,0,0,0,0,10
"120","L-3-1",0,0,0,0,0,0,0,0,0,0,0,0,0,0,0,0,0,0,0,0,0,0,0,0,0,0,2,0,0,0,0,0,0,0,0,0,0,1,0,0,0,0,0,0,0,0,0,0,0,0,0,0,0,0,0,0,0,0,0,0,0,0,1,0,0,0,0,0,0,0,0,0,0,0,0,0,1,0,0,0,0,0,0,0,0,0,0,0,0,0,0,0,0,0,0,0,0,0,0,0,0,0,0,0,7,0,0,0,0,0,0,0,0,0,0,0,0,1,0,0,0,0,0,0,0,0,0,0,0,0,0,0,0,3,3,0,0,0,0,0,0,0,0,0,1,0,0,0,0,0,1,1,1,0,0,0,0,0,0,0,0,0,0,0,0,3,0,0,9,0,0,0,0,0,1
"121","L-3-2",0,0,0,0,0,0,0,0,0,0,0,0,0,0,0,0,0,0,0,0,0,0,2,0,0,0,0,0,0,0,0,0,0,0,0,0,0,2,0,0,0,1,0,0,0,3,0,0,0,0,0,0,0,0,0,0,0,0,0,0,0,0,4,0,0,0,0,0,0,0,0,0,0,0,0,0,1,0,0,0,0,0,0,0,0,0,0,0,0,0,0,0,0,0,0,0,0,0,0,1,0,0,1,0,1,0,0,0,0,0,0,0,0,0,0,2,0,1,0,0,0,0,0,0,0,0,0,0,0,0,0,0,2,7,1,0,0,0,0,0,0,0,2,0,4,0,0,0,0,0,3,0,1,0,0,0,0,0,0,0,0,0,0,0,0,2,0,0,6,4,0,0,0,0,2
"122","L-3-3",1,0,0,1,0,1,2,0,0,0,0,0,0,0,0,0,0,0,0,0,0,0,0,0,0,0,1,0,0,1,0,0,0,0,0,1,0,6,0,0,0,0,0,3,0,3,0,0,0,0,0,0,0,0,0,0,0,0,0,0,0,0,7,0,0,0,0,0,0,2,0,0,1,1,1,0,2,1,1,0,0,0,0,0,0,0,0,0,0,0,0,1,0,0,0,0,0,0,0,1,0,0,0,0,1,1,0,0,0,0,0,0,0,0,0,0,0,4,0,0,0,4,0,0,0,0,0,0,0,0,0,0,4,5,3,0,0,0,0,0,0,0,1,0,1,0,0,0,0,2,2,0,0,0,0,0,0,0,0,0,0,1,0,0,0,1,0,0,10,3,0,0,0,0,5
"123","L-3-4",0,0,0,0,0,0,0,0,0,0,0,0,0,0,1,0,0,0,0,0,0,0,3,0,0,0,0,0,0,0,0,0,0,0,0,0,0,5,0,1,0,0,0,1,0,1,0,0,0,0,0,0,0,0,0,0,0,0,0,0,0,0,8,0,0,0,0,1,0,0,0,0,0,0,0,0,4,0,0,1,0,0,0,0,0,0,0,0,0,0,0,0,0,0,0,0,0,0,0,0,0,0,0,0,0,1,0,0,0,0,0,0,0,0,0,0,0,0,0,0,0,0,0,0,0,0,0,0,0,0,0,0,1,4,2,0,0,0,0,0,0,0,1,0,3,0,0,0,0,1,5,0,0,0,0,0,0,0,0,0,0,0,0,0,0,4,0,0,4,2,0,0,0,0,5
"124","L-3-5",6,0,0,0,0,0,7,0,1,0,0,0,0,1,1,1,0,0,0,0,0,0,2,0,0,0,0,0,0,0,0,0,0,0,0,3,2,8,1,0,0,1,0,2,0,3,0,0,0,0,0,0,0,0,0,0,0,0,0,0,0,0,6,0,0,0,0,2,3,1,0,0,0,0,0,0,10,0,0,0,0,0,0,0,0,0,0,0,0,0,4,0,0,0,0,0,0,0,0,0,0,0,0,0,1,0,0,0,0,0,0,0,0,0,0,2,0,3,0,0,0,0,0,0,1,0,0,0,0,2,0,0,2,4,2,0,0,0,0,0,0,0,1,0,7,0,0,0,0,2,6,1,1,0,0,0,0,0,0,0,0,0,0,0,0,4,0,0,14,5,1,0,0,0,5
"125","L-3-6",0,0,0,0,0,0,4,0,0,0,0,0,0,3,0,0,0,0,0,0,0,0,0,0,0,0,2,0,0,0,0,0,0,0,0,0,1,5,1,0,0,3,1,2,0,1,0,0,0,0,0,0,0,0,0,0,0,0,0,0,0,0,7,0,0,0,0,0,3,0,0,0,0,0,0,0,3,0,0,1,0,0,0,0,0,0,0,0,0,0,0,0,0,0,0,0,0,0,0,0,0,0,0,0,6,2,0,0,0,0,0,0,0,1,0,2,0,2,0,0,0,3,0,0,0,0,0,0,0,0,0,0,3,5,1,0,0,0,0,0,0,0,2,0,6,0,0,0,0,4,6,3,1,0,0,0,0,0,0,0,0,2,0,0,0,0,0,0,13,1,0,0,0,0,6
"126","L-3-7",1,0,0,0,0,2,0,0,0,0,0,0,0,1,2,0,0,0,0,0,0,0,1,0,0,0,1,0,0,0,0,0,0,0,0,0,1,1,0,0,0,1,0,0,0,0,0,0,0,0,0,0,0,0,0,0,0,0,0,0,0,0,5,0,0,0,0,0,0,2,0,0,0,0,0,0,3,0,0,1,0,0,0,0,0,0,0,0,0,0,0,0,0,0,0,0,0,0,0,0,0,0,0,0,10,0,0,0,0,0,0,0,0,2,0,1,0,9,0,0,0,0,0,0,0,0,0,0,0,0,0,0,1,5,4,0,0,0,0,0,0,0,1,0,1,0,0,0,0,1,4,2,0,0,0,0,0,1,0,0,0,0,0,1,0,2,0,0,13,2,0,0,0,0,4
"127","L-3-8",7,0,0,0,0,0,5,0,0,0,0,0,0,0,2,2,0,1,0,0,0,0,0,0,0,0,0,0,0,0,0,0,0,1,0,7,2,7,0,0,0,4,0,7,0,4,0,0,0,0,0,0,0,0,0,0,0,0,0,1,1,0,1,0,1,0,0,0,1,3,0,0,0,0,1,0,8,1,1,1,2,0,0,0,0,0,0,0,0,1,3,1,0,0,0,0,0,0,0,1,0,0,0,1,9,0,0,0,2,0,0,0,0,0,0,1,0,14,0,0,0,5,0,0,0,0,0,4,0,2,0,0,6,4,2,0,1,0,0,0,0,0,0,0,4,0,0,0,0,1,3,4,3,0,0,0,0,0,0,0,0,2,0,0,0,2,0,0,13,1,0,0,1,0,6
"128","L-3-9",6,0,0,1,0,2,4,0,0,0,0,0,0,2,2,0,0,0,3,0,0,0,0,0,0,0,0,0,0,0,0,0,0,0,0,0,3,10,1,0,0,2,1,8,0,3,0,0,0,0,0,0,0,0,0,0,0,0,0,0,0,0,8,0,0,0,0,0,0,1,0,0,0,0,0,0,9,0,0,2,0,0,0,0,0,0,0,0,0,0,3,0,0,0,0,0,0,0,0,6,0,0,0,0,5,1,0,0,1,1,0,0,0,6,1,4,0,3,0,0,0,1,0,0,0,0,1,0,0,0,0,0,6,7,9,0,0,0,0,0,0,0,1,0,5,0,0,0,0,4,6,2,5,0,0,0,0,0,0,0,0,2,0,0,0,1,0,0,26,4,0,0,0,0,9
"129","L-4-0",2,0,0,0,0,0,2,0,0,0,0,0,0,0,2,1,0,0,2,0,0,0,3,1,0,0,1,0,0,0,0,0,0,0,0,2,0,12,0,4,0,2,0,0,0,4,0,0,0,0,0,0,0,0,0,0,0,0,0,0,0,0,10,0,0,0,0,0,4,1,0,0,0,0,0,0,3,0,0,1,1,0,0,0,0,0,0,0,0,0,0,0,0,0,0,0,0,0,0,0,0,0,0,0,6,4,0,0,2,0,1,0,0,0,0,28,0,5,0,0,0,0,0,0,0,0,0,0,0,0,0,0,0,20,7,0,0,0,0,0,0,0,2,0,4,0,1,0,0,1,8,4,4,0,1,0,0,0,0,0,0,0,0,0,0,5,0,0,5,2,1,0,0,0,20
"130","L-4-1",0,0,0,0,0,0,1,0,0,0,0,0,0,0,0,0,0,0,0,0,0,0,0,1,0,0,0,0,0,0,0,0,0,0,0,0,0,4,0,0,0,1,0,0,0,3,1,0,0,0,0,0,0,0,0,0,1,0,0,0,0,0,4,0,0,0,0,0,0,0,1,0,1,0,1,0,8,0,1,0,0,0,0,0,0,0,0,0,0,0,0,0,0,0,0,0,0,0,0,0,0,0,0,1,1,6,0,0,0,0,0,0,0,0,0,10,0,0,0,0,0,0,0,0,0,0,0,0,0,0,0,0,1,4,0,0,0,0,0,0,0,0,0,0,2,0,0,0,0,2,7,1,1,0,0,0,0,0,0,0,0,0,0,0,0,0,0,0,0,0,0,0,0,0,9
"131","L-4-2",0,0,0,1,0,0,1,0,0,0,0,0,1,0,0,0,0,0,1,0,0,0,1,0,0,0,0,0,0,0,0,0,0,0,0,0,0,5,0,0,0,0,0,1,0,3,0,0,0,0,0,0,0,0,1,0,0,0,0,0,0,0,6,0,0,0,0,0,1,0,1,0,0,0,0,0,6,0,0,0,0,0,0,0,0,0,0,0,0,0,0,0,0,0,0,0,0,0,0,0,0,0,0,0,0,4,0,0,0,0,0,0,0,0,0,9,0,0,0,4,0,1,0,0,0,0,0,2,0,0,0,0,3,3,1,0,0,0,0,0,0,0,1,0,1,0,0,0,0,0,6,0,0,0,0,0,0,0,0,0,0,0,0,0,0,0,0,0,1,2,0,0,0,0,6
"132","L-4-3",1,0,0,0,0,0,1,0,0,0,0,0,0,0,0,0,0,0,0,0,0,1,1,0,0,0,0,0,0,0,0,0,0,0,0,0,0,4,0,0,0,0,0,1,0,6,0,0,0,0,0,0,0,0,1,0,0,0,0,0,0,0,4,0,1,0,0,0,1,0,0,0,0,0,0,0,2,0,1,1,0,0,0,0,0,0,0,0,0,0,1,0,0,0,0,0,0,0,0,0,0,0,0,0,2,2,0,0,0,0,0,0,0,0,0,10,0,0,0,0,0,1,0,0,0,0,0,1,0,0,0,0,1,9,4,0,0,0,0,0,0,0,0,0,3,0,0,0,0,0,3,0,1,0,0,0,0,0,0,0,0,0,0,0,0,1,0,0,1,1,1,0,0,0,9
"133","L-4-4",4,0,0,0,0,0,1,0,0,0,0,0,0,0,0,0,0,0,0,0,0,0,0,0,0,0,0,0,0,0,0,0,0,0,0,0,0,5,0,3,0,3,0,1,0,3,0,0,0,0,0,0,0,0,0,0,1,0,0,0,0,0,10,0,0,0,0,0,1,0,0,0,0,0,0,0,6,0,0,0,0,0,0,0,0,0,0,0,0,0,0,0,0,0,0,0,0,0,0,0,0,0,0,2,0,5,0,0,0,1,0,0,0,0,0,11,0,0,0,4,0,0,0,0,0,0,0,0,0,0,0,0,4,1,0,0,0,0,0,0,0,0,3,0,4,0,0,0,0,2,9,0,1,0,0,0,0,0,0,0,0,0,0,0,1,0,0,0,1,1,1,0,0,0,10
"134","L-4-5",1,0,0,0,0,0,2,0,0,0,0,0,0,1,0,0,0,0,1,0,0,0,1,0,0,0,0,0,0,0,0,0,0,0,0,2,0,2,1,0,0,1,0,0,0,7,0,0,0,0,0,1,0,0,0,0,1,0,0,0,0,0,9,0,0,0,0,0,0,0,0,0,0,0,0,0,3,0,0,0,0,0,0,0,0,0,0,0,0,0,0,0,0,0,0,0,0,0,0,0,0,0,0,0,4,1,0,0,0,2,0,0,0,0,0,12,0,0,0,0,0,0,0,0,0,0,0,0,0,0,0,0,0,4,8,0,0,0,0,0,0,0,3,0,3,0,0,0,0,1,4,2,0,0,0,0,0,0,0,0,0,0,0,0,0,0,0,0,2,1,0,0,0,0,11
"135","L-4-6",0,0,0,0,0,0,3,0,0,0,0,0,0,1,1,0,0,0,0,0,0,0,0,0,0,0,1,0,0,0,0,0,0,0,0,0,0,3,0,0,0,5,0,0,0,3,0,0,0,0,0,2,0,0,2,0,0,0,0,0,0,0,8,0,0,0,0,0,0,0,0,0,0,0,0,0,1,0,0,0,0,0,0,0,0,0,0,0,0,0,0,0,0,0,0,0,0,0,0,1,0,0,0,0,12,2,0,0,0,1,0,0,0,0,0,7,0,8,0,0,0,0,0,0,0,0,0,1,0,0,0,0,0,9,7,0,0,0,0,0,0,0,3,0,4,0,0,0,0,3,4,3,2,0,0,0,0,0,0,1,0,0,0,0,0,2,0,0,1,2,0,0,0,0,4
"136","L-4-7",3,0,0,0,0,0,2,0,0,0,0,0,0,0,1,0,0,0,1,0,0,0,0,0,0,0,2,0,0,0,0,0,0,0,0,1,0,3,1,0,0,0,0,1,0,2,0,0,0,0,0,1,0,0,1,0,0,0,0,0,0,0,7,0,0,0,0,0,1,0,0,0,0,0,0,0,0,0,0,0,0,0,0,0,0,0,0,0,0,0,0,0,0,0,0,0,0,0,0,0,0,0,0,0,11,0,0,0,2,0,0,0,0,0,0,10,0,3,0,0,0,0,0,0,0,0,0,0,0,0,0,0,0,6,4,0,0,0,0,0,0,0,0,0,2,0,0,0,0,2,2,3,0,0,0,0,0,0,0,0,0,0,0,0,0,3,0,0,2,5,0,0,0,0,7
"137","L-4-8",0,0,0,0,0,1,5,0,0,0,0,0,0,1,0,2,0,0,0,0,0,0,2,0,0,0,0,0,0,0,0,0,0,0,0,0,0,4,0,0,0,0,1,0,0,8,0,0,0,0,0,0,0,0,0,0,0,0,0,0,0,0,10,0,0,0,0,0,0,0,0,0,0,0,0,0,1,0,0,0,0,0,0,0,0,0,0,0,0,0,0,0,0,0,0,0,0,0,0,0,0,0,0,0,6,2,0,0,0,1,0,0,0,0,0,11,0,0,0,0,0,0,0,0,0,0,0,0,0,0,0,0,0,4,2,0,0,0,0,0,0,0,0,0,2,0,0,0,0,2,4,0,0,0,0,0,0,0,0,0,0,0,0,0,0,0,0,0,1,0,0,0,0,0,10
"138","L-4-9",0,0,0,0,0,0,3,0,0,0,0,0,0,0,0,1,0,0,0,0,0,0,1,0,0,0,0,0,0,0,0,0,0,0,0,0,0,10,1,0,0,1,0,0,0,2,0,0,0,0,0,0,0,0,0,0,0,0,0,0,0,0,4,0,0,0,0,0,0,0,0,0,0,0,0,0,2,0,0,0,0,0,0,0,0,0,0,0,0,0,0,0,0,0,0,0,0,0,0,0,0,0,0,0,2,1,0,0,0,0,0,0,0,0,0,12,0,0,0,0,0,0,0,0,0,0,0,0,0,0,0,0,0,6,4,0,0,0,0,0,0,0,1,0,2,0,1,0,0,2,3,2,0,0,0,0,0,0,0,0,0,0,0,0,0,1,0,0,2,0,0,0,1,0,5
"139","L-5-0",3,0,0,1,0,1,1,0,0,0,0,0,0,2,5,1,0,0,2,1,0,1,1,0,0,0,4,0,0,0,0,0,0,0,0,0,1,27,2,0,0,3,0,1,0,12,0,0,0,0,0,3,0,0,0,0,0,0,0,0,3,1,24,7,0,0,0,0,3,0,0,0,0,5,14,2,9,8,5,1,0,0,0,0,0,0,1,7,2,9,0,6,0,0,0,0,0,0,0,0,0,0,2,0,12,10,0,0,1,2,0,0,0,1,6,22,0,9,0,0,0,1,0,1,0,0,0,0,1,0,0,0,5,20,9,0,0,1,0,0,0,0,7,0,14,0,2,0,0,0,18,1,8,0,0,0,0,0,0,1,0,2,0,0,1,4,0,0,14,0,0,0,0,0,27
"140","L-5-1",3,1,0,0,0,0,1,1,0,0,0,0,0,0,0,0,0,0,1,0,0,0,0,0,0,0,0,0,0,0,0,0,0,0,0,5,0,13,0,1,0,1,0,4,0,11,0,0,0,0,0,0,0,0,0,0,0,0,0,3,3,0,10,0,1,0,0,0,6,0,0,0,0,1,8,0,14,3,5,1,0,0,0,0,0,0,4,1,1,0,0,3,0,0,0,0,0,0,0,0,0,0,0,0,1,7,0,0,0,0,0,0,0,0,3,11,0,0,0,2,0,4,0,0,0,0,0,6,0,0,0,0,5,12,4,0,3,1,0,0,0,0,2,0,8,0,1,0,0,2,16,1,8,0,0,0,0,0,0,0,0,0,0,0,1,1,0,0,1,0,0,0,0,0,15
"141","L-5-2",2,0,0,0,0,0,6,0,0,0,0,0,0,0,0,0,0,0,0,0,0,0,1,0,0,0,0,0,0,0,0,0,0,0,0,0,0,18,0,0,0,0,0,6,0,5,0,0,0,0,0,0,0,0,0,0,1,0,0,1,4,0,8,0,1,0,0,0,5,0,0,0,0,3,8,1,16,4,5,3,0,0,0,0,0,0,1,4,1,1,2,3,0,0,0,0,0,0,0,1,0,0,1,0,2,10,0,0,0,2,0,0,0,0,1,15,0,0,0,2,0,1,0,0,0,0,0,1,1,0,0,0,8,3,1,0,6,0,0,0,0,0,1,0,6,0,0,0,0,0,17,0,8,0,0,0,1,0,0,0,0,0,0,0,2,0,0,0,8,0,0,0,0,0,16
"142","L-5-3",1,0,0,0,1,2,3,0,0,0,0,0,0,1,2,0,0,0,3,0,0,0,0,0,0,0,1,0,0,0,0,0,0,1,0,0,0,10,1,0,0,1,0,0,0,5,0,0,0,0,0,0,0,0,0,0,0,0,0,0,1,0,8,2,1,0,0,0,2,0,0,0,0,0,5,1,5,6,7,1,0,0,0,0,0,0,0,4,4,4,1,5,0,0,0,0,1,0,0,0,0,0,0,1,13,2,0,0,1,0,0,0,3,0,5,7,0,8,0,0,0,0,0,0,0,0,0,0,0,0,0,0,1,9,9,0,0,0,0,0,0,0,1,0,11,0,1,0,0,1,5,2,8,0,0,0,0,0,0,0,0,1,0,0,0,5,0,0,15,0,1,0,0,0,13
"143","L-5-4",1,0,0,0,0,0,5,0,0,0,0,0,0,0,0,0,0,0,3,0,0,0,0,0,0,0,0,0,0,0,0,0,0,0,0,0,0,12,0,0,0,3,0,2,0,10,0,0,0,0,0,0,0,0,0,0,0,0,0,2,4,0,10,0,1,0,0,0,4,0,0,0,1,5,9,1,11,1,1,0,0,0,0,0,0,0,3,5,1,0,0,2,0,0,0,0,0,0,0,0,0,0,1,0,4,9,0,0,1,3,0,0,1,0,0,11,0,3,0,0,0,0,0,0,0,0,0,0,0,0,0,0,3,11,1,0,0,0,0,0,0,0,1,0,5,0,0,0,0,1,15,3,7,0,0,0,0,0,0,0,0,0,0,0,0,1,0,0,1,1,1,0,0,0,15
"144","L-5-5",5,0,0,0,0,0,6,0,0,0,0,0,0,0,0,1,0,0,2,0,0,0,2,0,0,0,1,0,0,0,0,0,0,0,0,5,0,14,0,0,0,1,0,2,0,3,0,0,0,0,0,0,2,0,0,0,0,0,0,5,5,0,3,0,0,0,0,0,3,0,0,0,0,2,6,4,5,0,4,1,0,0,0,0,0,0,0,7,0,0,1,3,0,1,0,0,0,0,0,0,0,0,0,0,8,5,0,0,0,2,0,0,0,1,3,10,0,3,0,0,0,0,0,0,1,0,0,0,0,0,0,0,2,4,10,0,2,0,0,0,0,1,2,0,8,0,0,0,0,0,4,2,7,0,0,0,0,0,0,0,0,1,0,0,0,1,0,0,11,0,0,0,2,0,10
"145","L-5-6",4,0,0,0,0,0,3,0,0,0,0,0,0,2,1,0,0,0,0,0,0,0,3,0,0,0,1,0,0,0,0,0,0,1,0,2,1,10,2,0,0,0,0,1,0,4,0,0,0,0,0,1,0,0,0,0,0,0,0,2,2,0,12,5,2,0,0,0,3,1,0,0,0,0,5,3,5,5,5,4,0,0,0,0,0,0,1,5,1,4,0,5,0,1,0,0,0,0,0,0,0,0,1,0,7,0,0,0,1,2,0,0,0,0,1,11,0,6,0,0,0,0,0,0,0,0,0,0,0,0,0,0,3,6,12,0,0,0,0,0,0,0,2,0,5,0,0,0,0,0,6,1,4,0,0,0,0,0,0,0,0,0,0,0,1,5,0,0,14,0,0,0,0,0,10
"146","L-5-7",0,0,0,0,0,0,2,0,0,0,0,0,0,1,0,1,0,0,1,0,0,0,0,0,0,0,0,0,0,0,0,0,0,0,0,0,0,12,0,0,0,1,0,0,0,7,0,0,0,0,0,4,0,0,0,0,0,0,1,1,2,0,9,0,0,0,0,0,0,0,0,0,0,3,8,1,3,0,3,0,0,0,0,0,0,0,4,3,1,0,1,4,0,0,0,0,0,0,0,0,0,0,0,0,6,3,0,0,0,6,0,0,0,0,0,13,0,1,0,0,0,0,0,0,0,0,0,0,0,0,0,0,0,12,0,0,0,0,0,0,0,0,6,0,4,0,0,0,0,2,12,0,6,0,0,0,0,0,0,1,0,0,1,0,0,5,0,0,5,0,1,0,0,0,14
"147","L-5-8",3,0,0,0,0,2,4,0,1,0,0,0,0,1,0,1,0,0,4,0,0,0,0,0,0,0,0,0,0,0,1,0,0,0,0,0,0,11,2,0,0,1,0,1,0,5,0,0,0,0,0,1,0,0,0,0,0,0,0,1,2,0,7,2,0,0,0,0,1,1,0,0,0,4,9,4,3,3,5,4,0,0,0,0,0,0,1,3,0,1,3,5,0,0,0,0,0,0,0,0,0,0,2,0,13,2,0,0,0,0,0,0,0,3,2,10,0,8,0,0,0,0,0,0,0,0,0,0,0,0,0,0,3,8,13,0,0,2,0,0,0,0,3,0,6,0,0,0,0,1,6,1,6,0,0,0,0,1,0,0,0,0,0,0,0,4,0,0,14,0,1,0,0,0,13
"148","L-5-9",0,0,0,0,0,0,0,0,0,0,0,0,0,1,0,0,0,0,0,1,0,0,0,0,0,0,0,0,0,0,0,0,0,0,0,0,0,13,0,0,0,0,0,0,0,9,0,0,0,0,0,0,0,0,0,0,0,0,0,1,2,0,16,1,0,0,0,0,0,0,0,0,0,2,8,0,6,6,3,0,0,0,0,0,0,0,3,4,1,3,0,1,0,3,0,0,0,0,0,0,0,0,0,0,1,6,0,0,0,2,0,0,0,0,0,11,1,1,0,0,0,0,0,0,0,0,0,0,0,0,0,0,1,6,6,1,0,0,0,0,0,0,1,0,11,0,1,0,0,3,7,0,5,0,0,0,0,0,0,0,0,0,0,0,2,4,0,0,3,0,0,0,0,0,12
"149","L-6-0",10,0,0,0,0,0,4,0,0,0,0,0,0,2,4,1,0,0,3,0,0,0,1,0,0,0,4,0,0,0,0,0,0,0,0,4,0,12,0,1,0,1,0,6,0,3,0,0,0,0,0,1,0,0,0,0,0,0,0,0,0,0,18,0,0,0,0,0,1,1,0,0,0,0,0,0,10,0,0,3,0,0,0,0,0,0,0,0,0,0,3,0,0,0,0,0,0,0,0,3,0,0,2,4,14,2,0,0,1,0,1,0,0,3,3,6,0,12,0,1,0,1,0,0,0,0,0,1,0,0,1,0,0,12,8,0,1,0,0,0,0,1,1,0,5,0,0,0,0,2,4,1,1,0,0,0,0,0,0,0,0,6,0,0,1,7,0,0,30,0,0,0,0,0,6
"150","L-6-1",1,0,1,0,0,3,3,0,0,0,0,0,0,0,3,0,0,0,0,0,0,0,0,4,0,0,4,0,0,0,0,0,0,0,0,1,0,5,0,0,0,0,0,1,0,0,0,0,0,0,0,0,0,6,0,0,0,0,0,0,0,0,10,0,0,0,0,0,1,1,0,0,0,0,0,0,5,0,0,0,0,0,0,0,0,0,0,0,0,0,0,0,0,0,0,0,0,0,0,0,0,0,0,0,10,0,0,0,1,0,0,0,0,1,2,3,0,2,0,0,0,0,0,0,0,0,0,1,0,0,0,0,3,10,8,0,0,0,0,0,0,0,0,0,1,0,0,0,0,0,2,1,0,0,0,0,0,2,0,0,0,1,0,0,0,4,0,0,16,2,0,0,0,0,7
"151","L-6-2",2,0,0,0,0,1,3,0,0,0,0,0,0,0,2,0,0,0,2,0,0,0,0,0,0,0,0,0,0,0,0,0,0,0,0,1,1,5,1,0,0,1,0,3,0,3,0,0,0,0,0,1,0,0,0,0,0,0,0,0,0,0,10,0,0,0,0,0,2,2,0,0,0,0,0,0,6,0,0,3,0,0,0,0,0,0,0,0,0,0,1,0,0,0,0,0,0,0,0,0,0,0,0,0,12,0,0,0,0,0,1,0,0,3,0,2,0,6,0,0,0,0,0,0,0,0,0,1,0,0,0,0,0,7,4,0,0,0,0,0,0,0,1,0,2,0,1,0,0,1,4,2,0,0,0,0,0,0,0,0,0,2,1,0,1,0,0,0,16,0,0,0,0,0,9
"152","L-6-3",8,0,0,0,0,1,3,0,0,0,0,0,0,1,0,0,0,0,0,0,0,1,0,0,0,0,2,0,0,0,0,0,0,1,0,4,0,11,0,0,0,1,0,13,0,10,0,0,0,0,0,0,0,0,1,0,0,0,0,0,0,0,5,0,0,0,0,0,2,2,0,0,0,0,1,0,9,1,0,4,0,0,0,0,0,0,0,1,0,0,4,0,0,0,0,0,0,0,0,5,0,0,2,1,3,1,0,0,0,0,0,0,0,1,0,8,0,5,0,0,0,1,0,0,0,0,0,2,0,0,0,0,8,7,10,0,0,1,0,0,0,0,0,0,4,0,1,0,0,1,2,0,1,0,0,0,0,0,0,0,0,2,1,0,1,1,0,0,14,0,0,0,5,0,11
"153","L-6-4",3,0,0,0,0,0,1,0,0,0,0,0,0,0,0,0,0,0,1,0,0,0,0,0,0,0,0,0,0,0,0,0,0,0,0,2,0,5,1,0,0,0,0,1,0,2,0,1,0,0,0,0,0,2,0,0,0,0,0,0,0,0,7,0,0,0,0,0,5,0,0,0,0,0,0,0,5,0,0,2,0,0,0,0,0,0,0,0,0,0,0,0,0,0,0,0,1,0,0,0,0,0,2,0,3,0,0,0,1,0,0,0,0,1,1,3,0,3,0,0,0,0,0,0,0,0,0,3,0,3,0,0,2,8,5,0,0,0,0,0,0,0,0,1,3,0,0,1,0,1,2,3,1,0,0,0,0,0,0,0,1,1,0,0,0,2,0,0,13,0,0,0,0,0,6
"154","L-6-5",9,0,0,0,0,1,3,0,0,0,0,2,0,2,2,0,0,0,0,0,0,0,1,0,0,0,0,0,0,0,0,0,0,0,0,4,2,9,0,0,0,0,0,8,0,4,0,0,0,0,0,0,0,0,0,0,0,0,0,0,0,0,6,0,0,0,0,0,8,1,0,0,0,0,0,0,8,0,0,6,0,0,0,0,0,0,0,0,0,0,0,0,0,0,0,0,0,0,0,1,0,0,4,0,3,3,0,0,0,0,1,0,0,1,0,6,0,6,0,0,0,0,0,0,0,0,0,2,0,0,0,0,4,7,8,0,0,0,0,0,0,0,2,0,2,0,0,0,0,0,6,0,0,0,0,0,0,0,0,0,0,0,0,0,1,4,0,0,17,0,1,0,2,0,2
"155","L-6-6",6,0,0,0,0,1,2,0,0,0,0,0,0,1,0,1,0,0,0,0,0,0,0,0,0,0,0,0,0,0,0,0,0,0,1,6,0,6,0,0,0,1,0,6,0,1,0,0,0,0,0,0,0,0,0,0,0,0,0,0,0,0,6,0,0,0,0,0,4,2,0,0,0,0,0,0,5,0,0,4,0,0,0,0,0,0,0,0,0,0,2,0,0,0,0,0,0,0,0,0,0,0,2,1,3,2,0,0,0,0,0,0,0,1,0,6,0,10,0,0,0,0,0,0,0,0,0,0,0,0,0,0,2,5,6,0,0,0,0,0,0,0,0,0,1,0,0,0,0,0,2,0,0,0,0,0,0,0,0,0,0,1,0,0,0,1,0,0,15,0,0,0,0,0,7
"156","L-6-7",2,0,0,0,0,0,3,0,0,0,0,0,0,2,0,1,0,0,0,0,0,0,0,0,0,0,0,0,0,0,0,0,0,1,0,0,0,7,0,1,0,0,0,6,0,5,0,0,0,0,0,1,0,1,0,0,0,0,0,0,0,0,11,0,0,0,0,0,2,1,1,0,0,0,0,0,7,0,0,2,0,0,0,0,0,0,0,0,0,0,1,0,0,0,0,0,0,0,0,0,0,0,0,0,5,3,0,0,0,0,0,0,0,0,0,6,0,4,0,0,0,2,0,0,0,0,0,2,1,0,0,0,3,7,5,0,1,0,0,0,0,0,0,1,6,0,0,0,0,2,4,0,2,0,0,0,0,0,0,0,0,1,0,0,0,4,0,1,15,0,0,0,1,0,9
"157","L-6-8",2,0,0,0,0,0,6,0,0,0,0,0,0,0,0,0,0,0,0,0,0,0,1,1,0,0,0,0,0,0,0,0,0,0,0,1,0,7,1,1,0,0,0,2,0,4,0,0,0,0,0,0,0,0,0,0,0,0,0,0,0,0,9,0,0,0,0,0,5,0,0,0,0,0,0,0,7,0,0,3,1,0,0,0,0,0,0,0,0,0,0,0,0,0,0,0,0,0,0,0,0,0,0,1,2,1,0,0,0,0,0,0,0,0,0,7,0,5,0,0,0,3,0,0,0,0,0,2,0,0,0,0,7,4,6,0,0,0,0,0,0,0,2,0,1,0,0,0,0,2,4,1,0,0,0,0,0,0,0,0,0,3,0,0,0,2,0,0,17,0,1,0,0,0,12
"158","L-6-9",7,0,0,0,0,3,4,0,0,0,0,0,0,0,1,0,0,0,1,0,0,0,2,0,0,0,1,0,0,0,0,0,0,1,0,3,0,7,0,2,0,0,0,8,0,1,0,0,0,0,0,0,0,0,0,0,0,0,0,0,0,0,11,0,0,0,0,0,1,1,0,0,0,0,0,0,6,0,0,7,0,0,0,0,0,0,0,0,0,0,2,0,0,0,0,0,0,0,0,0,0,0,2,3,5,1,0,0,2,0,0,0,0,3,0,5,0,9,0,0,0,3,0,0,0,0,0,2,0,0,0,0,4,10,6,0,1,0,0,0,0,0,2,0,0,0,0,0,0,0,1,3,0,0,0,0,0,1,0,0,0,1,1,0,1,1,0,0,17,0,0,0,0,0,8
"159","L-7-0",1,0,0,0,0,0,1,0,0,0,0,0,0,0,1,0,0,0,0,0,0,0,1,2,0,0,0,0,0,0,0,0,0,0,0,0,1,19,3,0,0,0,0,3,0,9,0,0,0,0,0,1,0,0,1,0,0,0,0,0,0,0,16,0,0,0,0,0,0,0,0,0,0,0,0,0,8,0,0,2,0,0,0,0,0,0,0,0,0,0,0,0,0,0,0,0,0,0,0,0,0,0,1,0,11,4,0,0,0,0,0,0,0,2,0,11,0,5,0,0,0,0,0,0,0,0,0,0,0,0,0,0,1,10,17,0,0,0,0,0,0,0,3,0,5,0,0,0,1,0,7,3,1,0,0,0,0,0,0,0,0,1,1,0,0,6,0,0,18,1,0,0,0,0,21
"160","L-7-1",0,0,0,0,0,0,1,0,0,0,0,0,0,0,1,0,0,0,0,0,0,0,0,0,0,0,0,0,0,0,0,0,0,0,0,1,0,9,0,0,0,0,0,1,0,7,0,1,0,0,0,0,0,0,0,0,0,0,0,0,0,0,7,0,0,0,0,0,3,0,0,0,0,0,0,0,11,0,0,0,0,0,0,0,0,0,0,0,0,0,0,0,0,0,0,0,0,0,0,0,0,0,0,0,3,2,0,0,0,0,0,0,0,0,0,8,0,0,0,2,0,0,0,0,0,0,0,0,1,0,0,0,4,3,1,0,1,0,0,0,0,0,0,0,3,0,0,0,0,0,5,2,2,0,0,0,0,0,0,0,0,0,0,0,0,3,0,0,8,2,0,0,0,0,9
"161","L-7-2",8,0,0,0,0,0,1,0,0,0,0,0,0,0,0,1,0,0,0,0,0,0,3,0,0,0,0,0,0,0,0,0,0,0,0,2,0,6,1,0,0,2,0,3,0,4,0,0,0,0,0,0,0,0,1,0,0,0,0,0,0,0,9,0,0,0,0,0,6,0,0,0,0,0,0,0,6,0,0,1,0,0,0,0,0,0,0,0,0,0,0,0,0,0,0,0,0,0,0,0,0,0,1,0,12,4,0,1,0,0,0,0,0,0,0,2,1,4,0,0,0,2,0,0,0,0,0,0,1,0,0,0,1,9,7,0,0,0,0,0,0,0,0,0,0,0,0,0,0,0,5,2,0,0,0,0,0,0,0,0,0,3,0,0,1,6,0,0,9,0,0,0,0,0,7
"162","L-7-3",3,0,0,0,0,0,0,0,0,0,0,0,0,1,5,0,0,0,1,0,0,1,1,0,0,0,0,0,0,0,0,0,0,0,0,0,0,4,1,0,0,0,0,3,0,1,0,0,0,0,0,0,0,0,0,0,0,0,0,0,0,0,6,0,0,0,0,0,0,0,0,0,0,0,0,0,1,0,0,0,0,0,0,0,0,0,0,0,0,0,0,0,0,0,0,0,0,0,0,0,0,0,0,0,14,0,0,0,0,0,0,0,0,0,1,3,0,4,0,0,0,0,0,0,0,0,0,0,0,0,0,0,1,6,12,0,0,0,0,0,0,0,1,0,0,0,0,0,0,0,1,1,1,0,0,0,0,0,0,0,0,1,0,0,0,2,0,0,13,0,0,0,1,0,5
"163","L-7-4",1,0,0,0,0,0,1,0,0,0,0,0,0,0,0,0,0,0,0,0,0,0,0,0,0,0,2,0,0,1,0,0,0,0,0,0,0,6,0,0,0,3,0,1,0,1,0,0,0,0,0,0,0,0,1,0,0,0,0,0,0,0,9,0,0,0,0,0,0,0,0,0,0,0,0,0,3,0,0,2,0,0,0,0,0,0,0,0,0,0,1,0,0,0,0,0,0,0,0,0,0,0,0,0,9,3,0,0,0,0,0,0,0,0,0,5,0,8,0,0,0,0,0,0,0,0,0,0,0,0,0,0,2,6,8,0,2,0,0,0,0,0,1,0,0,0,0,0,0,0,4,2,0,0,0,0,0,0,0,0,0,1,0,0,0,6,0,0,11,0,1,0,0,0,8
"164","L-7-5",0,0,0,0,0,0,0,0,0,0,0,0,0,0,0,0,0,0,2,0,0,0,0,0,0,0,1,0,0,0,0,0,0,0,0,0,0,10,0,0,0,3,0,0,0,6,0,0,0,0,0,2,0,0,0,0,0,0,0,0,0,0,10,0,0,0,0,0,1,0,0,0,0,0,0,0,8,0,0,1,0,0,0,0,0,0,0,0,0,0,0,0,0,0,0,0,0,0,0,0,0,0,0,0,8,7,0,0,0,2,0,0,0,0,0,12,0,2,0,0,0,0,0,0,0,0,0,0,0,0,0,0,1,9,6,0,0,0,0,0,0,0,1,0,4,0,0,0,0,1,6,0,0,0,0,0,0,0,0,0,0,0,1,0,0,3,0,0,4,0,2,0,0,0,12
"165","L-7-6",2,0,0,0,0,0,2,0,0,0,0,0,0,0,1,0,0,0,0,0,0,0,2,0,0,0,0,0,0,0,0,0,0,0,0,0,0,7,1,0,0,3,0,1,0,6,0,0,0,0,0,1,0,0,0,0,0,0,0,0,0,0,11,0,0,0,0,0,2,0,0,0,0,0,0,0,4,0,0,1,0,0,0,0,0,0,0,0,0,0,0,0,0,0,0,0,0,0,0,1,0,0,0,0,8,2,0,1,2,0,0,0,0,1,0,8,0,5,0,0,0,0,0,0,0,0,1,1,0,0,0,0,1,6,6,0,0,0,0,0,0,0,1,0,2,0,0,0,0,2,2,2,1,0,0,0,0,0,0,0,0,1,0,0,0,4,0,0,7,0,0,0,1,0,9
"166","L-7-7",1,0,0,0,0,0,0,0,0,0,0,0,0,0,0,0,0,0,0,0,0,0,0,0,0,0,2,0,0,0,0,0,0,0,0,0,0,6,0,0,0,1,0,0,0,3,0,0,0,0,0,0,0,0,0,0,1,0,0,0,0,0,11,0,0,0,0,0,0,0,0,0,0,0,0,0,5,0,0,0,0,0,0,0,0,0,0,0,0,0,2,0,0,0,0,0,0,0,0,0,0,0,0,0,1,4,0,0,1,1,0,0,0,0,0,4,0,0,0,0,0,0,0,0,0,0,0,0,0,0,0,0,1,3,3,0,0,0,0,0,0,0,1,0,1,0,0,0,0,0,3,1,0,0,0,0,0,0,0,0,0,0,0,0,0,3,0,0,6,0,0,0,0,0,11
"167","L-7-8",0,0,0,0,0,0,0,0,0,0,0,0,0,0,0,0,0,0,0,0,0,0,2,0,0,0,0,0,0,0,0,0,1,0,0,0,0,6,0,0,0,0,0,0,0,7,0,0,0,0,0,2,0,0,2,0,0,0,0,0,0,0,14,0,0,0,0,0,0,0,0,0,1,0,0,1,3,0,1,0,0,0,0,0,0,0,0,0,0,1,0,0,0,0,0,0,0,0,0,0,0,0,0,0,10,0,0,0,0,1,0,0,0,0,0,10,0,1,0,0,0,0,0,0,0,0,0,0,0,0,0,0,0,7,2,0,0,0,0,0,0,0,2,0,3,0,0,0,0,0,5,4,1,0,0,0,0,0,0,0,0,0,0,0,0,3,0,0,7,2,1,0,0,0,8
"168","L-7-9",2,0,0,0,0,0,1,0,0,0,1,0,0,0,0,1,0,0,0,0,0,2,1,0,0,0,0,0,0,0,0,0,0,0,0,1,0,2,0,0,0,0,0,0,0,2,0,0,0,0,0,0,0,0,0,0,0,0,0,0,0,0,15,0,0,0,0,0,0,0,0,0,0,0,1,0,12,1,1,3,0,0,0,0,0,0,0,0,0,1,0,1,0,0,0,0,0,0,0,0,0,0,0,0,1,4,0,0,0,0,0,0,0,0,1,6,0,0,0,0,0,0,0,0,0,0,0,0,0,0,0,0,0,4,4,0,0,0,0,0,0,0,1,0,1,0,0,0,0,1,5,0,1,0,0,0,0,0,0,0,0,0,0,0,1,2,0,0,9,0,1,0,0,0,9
"169","L-8-0",7,0,0,0,0,0,0,0,6,0,0,0,0,1,0,1,0,0,1,0,0,3,0,0,0,0,0,0,0,0,0,0,0,0,0,1,0,24,0,0,0,0,0,9,0,26,0,0,0,3,0,0,0,0,4,0,0,0,0,0,0,0,41,0,0,0,0,0,4,1,0,0,0,0,0,0,37,0,0,2,0,0,0,0,0,0,0,0,0,0,0,0,0,0,0,0,0,0,0,5,0,0,1,0,2,23,0,0,0,0,0,0,0,0,0,15,0,0,0,0,0,0,0,0,0,0,1,1,0,0,0,0,12,12,25,0,0,0,0,0,0,0,5,0,3,0,0,0,0,1,13,1,2,0,0,0,0,0,0,0,0,0,0,0,0,0,0,0,10,0,2,0,0,0,26
"170","L-8-1",2,0,0,0,0,1,4,0,0,0,1,0,0,0,0,0,0,0,1,0,0,0,0,0,0,0,0,0,0,0,0,0,0,0,0,1,0,13,1,0,0,0,0,0,0,6,0,0,0,0,0,0,0,0,2,0,0,0,0,0,0,0,14,0,0,0,0,0,1,3,0,0,0,0,0,0,4,0,0,5,0,0,0,0,0,0,0,0,0,0,0,0,0,0,0,0,0,0,0,0,0,0,1,0,1,2,0,0,1,0,0,0,0,0,0,9,1,1,0,0,0,0,0,0,0,0,0,0,0,0,0,0,0,9,12,0,0,0,0,0,0,0,1,0,2,0,0,0,0,0,6,3,0,0,0,0,0,2,0,0,0,1,0,0,0,0,0,0,7,0,0,0,0,0,12
"171","L-8-2",0,0,0,0,0,0,2,0,1,0,0,0,0,0,0,0,0,0,2,0,0,1,1,0,0,0,0,0,0,0,0,0,0,0,0,0,0,12,0,0,0,0,0,0,0,10,0,0,0,0,0,0,0,0,2,0,0,0,0,0,0,0,17,0,0,0,0,0,0,0,0,0,0,0,0,0,5,0,0,0,0,0,0,0,0,0,0,0,0,0,1,0,0,0,0,0,0,0,0,0,0,0,0,0,3,4,0,0,1,3,0,0,0,0,1,10,0,0,0,0,0,0,0,0,0,0,0,0,0,0,0,0,1,4,14,0,0,0,0,0,0,0,0,0,1,0,0,0,0,0,3,0,1,0,0,0,0,0,0,0,0,1,0,0,0,0,0,0,5,0,1,0,0,0,12
"172","L-8-3",12,1,0,0,0,1,0,0,0,0,0,0,0,1,0,0,0,0,0,0,0,1,0,0,0,0,0,0,0,0,0,0,0,0,0,0,0,14,0,0,0,0,0,9,0,12,1,0,0,0,0,0,0,0,0,0,0,0,0,0,0,0,19,0,0,0,0,0,12,0,0,0,0,0,0,0,16,0,0,1,0,0,0,0,0,0,0,0,0,0,0,0,0,0,1,0,0,0,0,2,0,0,1,0,0,10,0,0,0,0,0,0,0,0,0,8,1,0,0,0,0,0,0,0,2,0,0,0,0,0,0,0,15,1,16,0,2,0,0,0,0,0,0,0,1,0,0,0,0,0,5,1,0,0,0,0,0,0,0,0,0,0,0,0,0,0,0,0,2,0,0,0,0,0,12
"173","L-8-4",0,0,0,0,0,0,2,0,0,0,0,0,0,0,0,0,0,0,0,0,0,0,0,0,0,0,0,0,0,0,0,0,0,0,0,0,0,11,0,0,0,0,0,0,0,11,0,0,0,0,0,0,0,1,1,0,0,0,0,0,0,0,21,0,0,0,0,0,0,0,0,0,0,0,0,0,7,0,0,0,0,0,0,0,0,0,0,0,0,0,0,0,0,0,0,0,0,0,0,0,0,0,0,0,0,7,0,0,0,0,0,0,0,0,0,11,0,0,0,0,0,0,0,0,0,0,0,0,0,0,0,0,2,2,11,0,0,0,0,0,0,0,1,0,3,0,2,0,0,0,4,0,3,0,0,0,0,0,0,0,0,0,0,0,0,0,0,0,1,1,1,0,0,0,13
"174","L-8-5",3,0,0,0,0,0,4,0,0,0,0,0,0,0,0,0,0,0,0,0,0,2,0,0,0,0,0,0,0,0,0,0,0,0,0,0,0,13,0,0,0,0,0,3,0,11,0,0,0,0,0,0,0,0,0,0,0,0,0,0,0,0,15,0,0,0,0,0,6,0,0,0,0,0,0,0,17,0,0,0,1,0,0,0,0,0,0,0,0,0,0,0,0,0,0,0,0,0,0,2,0,0,0,0,1,13,0,0,0,1,0,0,0,0,0,11,0,0,0,0,0,0,0,0,0,0,0,0,0,0,0,0,7,4,17,0,0,0,0,0,0,0,2,0,2,0,0,0,0,2,7,1,0,0,0,0,0,0,0,0,0,0,0,0,1,0,0,0,6,1,1,0,0,0,10
"175","L-8-6",8,0,0,0,0,1,2,0,2,0,0,0,0,0,0,0,0,0,0,0,0,1,0,0,0,0,0,0,0,0,0,0,0,0,0,1,0,12,0,0,0,0,0,10,0,11,0,0,0,0,0,0,0,0,0,0,0,0,0,0,0,0,17,0,0,0,0,0,2,0,0,0,0,0,0,0,15,0,0,0,0,0,0,0,0,0,0,0,0,0,0,0,0,0,0,0,0,0,0,5,0,0,0,0,0,6,0,0,0,0,0,0,0,0,1,12,0,1,0,0,0,0,0,0,0,0,0,0,0,1,0,0,13,5,13,0,2,0,0,0,0,0,2,0,3,0,1,0,0,0,6,0,1,0,0,0,0,0,0,0,0,0,0,0,0,0,0,0,8,0,0,0,0,0,9
"176","L-8-7",1,0,0,0,0,0,2,0,0,0,0,0,0,0,0,0,0,0,0,0,0,0,0,0,0,0,0,0,0,0,0,0,0,0,0,0,0,17,0,0,0,0,0,2,0,10,0,0,0,0,0,0,0,0,0,0,0,0,0,0,0,0,17,0,0,0,0,0,4,0,0,0,0,0,0,0,14,0,0,0,0,0,0,0,0,0,0,0,0,0,0,0,0,0,0,1,0,0,0,1,0,0,2,0,1,7,0,0,1,0,0,0,0,0,0,14,1,0,0,0,0,0,0,0,0,0,0,0,0,0,0,0,7,1,17,0,0,0,0,0,0,0,2,0,0,0,1,0,0,1,6,0,0,1,0,0,0,0,0,0,0,0,0,0,0,0,0,0,4,1,0,0,0,0,11
"177","L-8-8",6,0,0,0,0,0,5,0,0,0,0,0,0,0,0,0,0,0,0,0,0,2,0,0,0,0,0,0,0,0,0,0,0,0,0,0,0,9,0,0,0,0,0,5,0,8,0,0,0,0,0,0,0,0,1,0,0,0,0,0,0,0,12,0,0,0,0,0,5,0,0,0,0,0,0,0,13,0,0,2,0,0,0,0,0,0,0,0,0,0,0,0,0,0,0,0,0,0,0,1,0,0,1,0,0,7,0,0,0,1,0,0,0,0,0,5,0,0,0,0,0,0,0,0,0,0,0,0,0,0,0,0,3,5,14,0,0,0,0,0,0,0,0,0,1,0,0,0,0,2,3,0,2,0,0,0,0,0,0,0,0,0,0,0,0,0,0,0,8,1,0,0,0,0,10
"178","L-8-9",12,0,0,0,0,0,1,0,1,0,0,0,0,0,0,0,0,0,0,0,0,1,0,0,0,0,0,0,0,0,0,0,0,0,0,0,0,11,0,0,0,0,0,8,0,8,0,0,0,3,0,0,0,0,0,0,0,0,0,0,0,0,15,0,0,0,0,0,2,1,0,0,1,0,0,0,19,0,1,0,0,0,0,0,0,0,0,0,0,0,0,0,0,0,0,0,0,0,0,5,0,0,0,0,0,9,0,0,0,1,0,0,0,0,0,9,1,0,0,0,0,0,0,0,0,0,0,0,0,0,0,0,11,5,20,0,0,0,0,0,0,0,0,0,3,0,0,0,0,1,1,1,1,0,0,0,0,0,0,0,0,0,0,0,0,0,0,0,11,0,0,0,0,0,7
"179","L-9-0",0,0,0,0,0,2,5,0,0,0,0,0,0,2,6,4,0,1,6,3,0,0,2,0,0,0,6,0,0,5,0,0,0,0,0,0,3,15,2,1,0,4,0,0,0,8,0,0,0,0,0,1,0,0,0,0,0,0,0,0,0,0,11,0,0,0,0,0,0,0,0,0,0,0,0,0,2,0,0,5,1,0,0,0,0,0,0,0,0,0,10,0,0,1,0,0,0,0,0,1,0,0,1,0,22,5,0,0,2,1,0,0,1,1,0,6,2,10,1,0,0,1,0,0,0,0,0,0,0,1,0,0,3,28,1,0,0,0,0,0,0,0,3,0,1,0,1,0,0,0,4,0,5,0,0,0,0,0,1,0,0,8,0,0,1,20,0,0,24,0,1,0,1,0,20
"180","L-9-1",1,2,0,0,0,0,4,0,0,0,0,0,0,0,3,1,0,0,1,1,0,0,0,0,0,0,2,0,0,0,0,0,0,0,0,0,0,8,3,4,0,4,0,4,0,4,0,0,0,0,0,0,0,0,0,0,0,0,0,0,0,0,4,0,0,0,0,1,2,1,0,0,0,0,0,0,5,0,0,2,1,0,0,0,0,0,0,0,0,0,2,0,0,0,1,0,0,0,0,0,0,0,0,0,11,0,0,0,0,0,0,0,0,2,1,1,1,5,0,0,0,8,0,0,1,0,0,3,0,3,0,0,7,11,8,0,1,0,0,0,0,0,0,0,2,0,0,0,0,0,5,3,1,0,0,0,0,0,0,0,0,7,0,0,2,6,0,0,17,0,1,0,1,0,11
"181","L-9-2",2,0,0,0,0,0,1,0,0,0,0,0,0,0,2,3,0,0,1,0,0,0,2,0,0,1,2,0,0,1,0,0,0,0,0,0,0,13,4,0,0,4,0,2,0,5,0,0,0,0,0,2,0,0,0,0,0,0,0,0,0,0,7,0,0,0,0,0,2,0,0,0,0,0,0,0,0,0,0,1,1,0,0,0,0,0,0,0,0,0,0,0,0,0,1,0,0,0,0,2,0,0,4,0,14,3,0,0,0,0,0,0,0,2,0,9,3,1,0,0,0,4,0,0,0,0,2,5,0,1,0,0,2,15,1,0,0,0,0,0,0,0,2,0,3,0,0,0,0,0,1,2,1,0,0,0,0,0,0,0,0,5,0,0,1,9,0,0,4,0,1,0,0,0,13
"182","L-9-3",0,1,0,0,0,0,1,0,0,0,0,0,0,0,2,0,0,0,0,0,0,0,0,0,0,0,1,0,0,0,0,0,0,0,0,0,0,8,1,1,0,4,0,2,0,7,0,0,0,0,0,2,0,0,0,0,0,0,0,0,0,0,11,0,0,0,0,0,1,0,0,0,0,0,0,0,3,0,0,1,0,0,0,0,0,0,0,0,0,0,1,0,0,0,0,0,0,0,0,1,0,0,0,0,17,1,0,0,0,0,0,0,0,1,1,6,2,2,0,0,0,0,0,0,0,0,0,0,0,0,0,0,0,15,2,0,0,0,0,0,0,0,0,0,0,0,0,0,0,0,5,1,0,0,0,0,0,0,0,0,0,2,0,0,0,6,0,0,13,0,0,0,0,0,12
"183","L-9-4",1,0,0,0,0,1,1,0,0,0,0,0,0,0,1,2,0,0,3,0,0,0,0,0,0,0,5,0,0,2,0,0,0,1,0,1,0,7,3,2,0,8,0,0,0,1,0,0,0,0,0,1,0,0,0,0,0,0,0,0,0,0,6,0,0,0,0,0,2,0,0,0,0,0,0,0,1,0,0,0,0,0,0,0,0,0,0,0,0,0,0,0,0,0,1,0,0,0,0,0,0,0,0,0,21,3,0,0,1,0,0,0,0,2,0,3,0,9,0,0,0,3,0,0,1,0,0,0,0,1,0,0,1,9,2,0,0,0,0,0,0,1,1,0,4,0,0,0,0,0,3,1,4,0,0,0,0,0,0,0,0,2,1,0,0,4,0,0,12,0,0,1,0,0,10
"184","L-9-5",0,1,0,0,0,2,2,0,0,0,0,0,0,0,5,1,0,0,1,0,0,0,0,0,0,0,3,0,0,1,0,0,0,0,0,0,0,6,2,1,0,2,0,0,0,5,0,0,1,0,0,0,1,0,0,0,0,0,0,0,0,0,11,0,0,0,0,0,1,0,0,0,0,0,0,0,0,0,0,3,0,0,0,0,0,0,0,0,0,0,5,0,0,0,0,0,0,0,0,0,0,1,1,0,24,0,0,0,1,0,0,0,0,2,1,2,2,7,0,0,0,0,0,0,0,0,0,1,0,0,0,0,3,12,1,0,0,0,0,0,0,0,3,0,2,0,0,0,0,2,4,4,0,0,0,0,0,0,0,0,0,0,0,0,1,7,0,0,17,0,0,0,0,0,10
"185","L-9-6",0,0,0,0,0,2,1,0,0,0,0,0,0,1,5,0,0,0,3,0,0,0,0,0,0,0,2,0,0,1,0,0,0,0,0,0,0,6,1,0,0,4,0,0,0,3,0,0,0,0,0,2,0,0,0,0,0,0,0,0,0,0,5,0,0,0,0,0,0,0,0,0,0,0,0,0,2,0,0,1,0,0,0,0,0,0,0,0,0,0,5,0,0,0,0,0,0,0,0,0,0,0,0,0,16,0,0,0,1,1,0,0,0,1,1,6,0,7,0,0,0,0,0,0,0,0,0,0,0,0,0,0,0,16,1,0,0,0,0,0,0,0,1,0,3,0,0,0,0,0,2,1,1,0,0,0,0,0,0,0,0,3,0,0,0,6,0,0,14,0,0,0,0,0,12
"186","L-9-7",3,1,0,0,0,1,1,0,0,0,0,0,0,0,3,1,0,2,1,0,0,2,2,0,0,0,0,0,0,1,0,1,0,0,0,5,0,10,4,1,0,8,1,6,0,7,1,0,0,0,0,1,0,0,0,0,0,0,0,0,0,0,14,0,0,0,0,0,5,3,0,0,0,0,0,0,4,0,0,3,0,0,0,0,0,0,0,0,0,0,1,0,0,0,1,0,0,0,0,0,0,0,1,0,15,5,0,0,1,0,1,0,0,1,1,5,0,6,1,0,0,9,0,0,0,0,1,2,0,1,0,0,4,13,4,0,0,0,0,0,0,0,2,0,7,0,0,0,0,1,6,4,1,0,0,0,0,0,0,0,0,1,0,0,0,3,0,0,12,0,1,0,1,1,14
"187","L-9-8",1,0,0,0,0,0,0,0,0,2,0,0,0,0,0,1,0,0,2,0,0,0,0,0,0,0,3,0,0,2,0,0,0,1,0,0,1,9,3,0,0,2,0,1,0,2,0,0,1,0,0,0,0,0,0,0,0,1,0,0,0,0,10,0,0,0,0,0,0,1,0,0,0,0,0,0,1,0,0,0,0,0,0,0,0,0,0,0,0,0,2,0,0,1,0,0,0,0,0,3,0,0,0,0,14,1,0,0,1,1,0,0,0,1,0,3,1,6,0,0,0,0,0,0,0,0,0,1,0,0,0,0,2,12,6,0,0,0,0,0,0,0,0,0,2,0,0,0,0,0,1,4,2,0,0,0,0,0,0,0,0,3,0,0,0,11,0,0,17,0,0,0,0,0,8
"188","L-9-9",2,0,0,0,0,1,0,0,0,0,0,0,0,3,2,1,0,0,3,1,0,0,0,0,0,0,4,0,0,4,0,0,0,0,0,1,0,9,1,1,0,0,1,1,0,2,0,0,0,0,0,3,0,0,0,0,0,0,0,0,0,0,5,0,0,0,0,0,0,1,0,0,0,0,0,0,1,0,0,3,0,0,0,0,0,0,0,0,0,0,6,0,0,0,0,0,0,0,0,0,0,0,0,0,14,0,0,0,0,1,0,0,0,2,2,3,0,4,0,0,0,0,0,0,0,0,0,0,0,0,0,0,1,13,3,0,0,0,0,0,0,0,0,0,3,0,1,0,0,0,3,1,0,0,0,0,0,0,0,0,0,7,0,0,0,16,0,0,20,0,0,0,0,0,12
