"","L4x4","DecidR_sum","Decid1_sum","Decid2_sum","Decid3_sum","Decid4_sum","Decid5_sum","Decid6_sum","Decid7_sum","Decid8_sum","Decid9_sum","MixedwoodR_sum","Mixedwood1_sum","Mixedwood2_sum","Mixedwood3_sum","Mixedwood4_sum","Mixedwood5_sum","Mixedwood6_sum","Mixedwood7_sum","Mixedwood8_sum","Mixedwood9_sum","PineR_sum","Pine1_sum","Pine2_sum","Pine3_sum","Pine4_sum","Pine5_sum","Pine6_sum","Pine7_sum","Pine8_sum","Pine9_sum","SpruceR_sum","Spruce1_sum","Spruce2_sum","Spruce3_sum","Spruce4_sum","Spruce5_sum","Spruce6_sum","Spruce7_sum","Spruce8_sum","Spruce9_sum","TreedBogR_sum","TreedBog1_sum","TreedBog2_sum","TreedBog3_sum","TreedBog4_sum","TreedBog5_sum","TreedBog6_sum","TreedBog7_sum","TreedBog8_sum","TreedBog9_sum","TreedFenR_sum","TreedFen1_sum","TreedFen2_sum","TreedFen3_sum","TreedFen4_sum","TreedFen5_sum","TreedFen6_sum","TreedFen7_sum","TreedFen8_sum","TreedFen9_sum","TreedSwampR_sum","TreedSwamp1_sum","TreedSwamp2_sum","TreedSwamp3_sum","TreedSwamp4_sum","TreedSwamp5_sum","TreedSwamp6_sum","TreedSwamp7_sum","TreedSwamp8_sum","TreedSwamp9_sum","GrassHerb_sum","Shrub_sum","GraminoidFen_sum","Marsh_sum","ShrubbyBog_sum","ShrubbyFen_sum","ShrubbySwamp_sum","Bare_sum","SnowIce_sum","Water_sum","UrbanIndustrial_sum","UrbanResidence_sum","RuralResidentialIndustrial_sum","IndustrialSiteRural_sum","WindGenerationFacility_sum","OtherDisturbedVegetation_sum","MineSite_sum","PeatMine_sum","WellSite_sum","Pipeline_sum","TransmissionLine_sum","SeismicLineNarrow_sum","SeismicLineWide_sum","RoadHardSurface_sum","RailHardSurface_sum","RoadTrailVegetated_sum","RoadVegetatedVerge_sum","RailVegetatedVerge_sum","CultivationCrop_sum","CultivationAbandoned_sum","CultivationRoughPasture_sum","CultivationTamePasture_sum","HighDensityLivestockOperation_sum","BorrowpitsDugoutsSumps_sum","MunicipalWaterSewage_sum","Reservoirs_sum","Canals_sum","CCDecidR_sum","CCDecid1_sum","CCDecid2_sum","CCDecid3_sum","CCDecid4_sum","CCMixedwoodR_sum","CCMixedwood1_sum","CCMixedwood2_sum","CCMixedwood3_sum","CCMixedwood4_sum","CCPineR_sum","CCPine1_sum","CCPine2_sum","CCPine3_sum","CCPine4_sum","CCSpruceR_sum","CCSpruce1_sum","CCSpruce2_sum","CCSpruce3_sum","CCSpruce4_sum","PropConifer.150.2016","PropWet.150.2016","TotalForest","Wt.For.Age.150.2016","PropSoftLinear.150.2016","PropHardLinear.150.2016","PropSoftPoly.150.2016","PropHardPoly.150.2016","zerolndscp"
"2","L-10-1",0,0,0,176482.629441926,13722.1226029159,0,0,6165.9246249763,0,0,0,0,0,5714.99259816216,0,0,0,41887.4053900288,0,0,0,0,0,30429.8591002843,0,0,0,16093.2334379973,0,0,0,0,0,0,0,0,25188.3855227704,25347.8799758295,0,0,0,0,0,0,0,0,0,0,0,0,0,0,0,0,0,0,15714.2119524182,0,22834.6069312902,86205.2154507758,0,0,0,35668.9384119011,694.89063988609,0,0,0,0,0,0,0,380981.83098412,119926.089983936,21701.5855237892,23833.3865517383,41874.2261240647,0,0,26719.8952833291,0,0,0,0,0,0,0,0,0,0,0,0,6546.95171939839,0,0,7230.89411986099,0,0,0,0,0,0,0,0,0,0,0,0,0,0,0,0,0,0,0,0,0,0,0,0,0,0,0,0,0,0,0,0.196127374626086,0.686276048826622,502150.296081162,84.8673202240918,0.012182369619652,0,0,0,"-1"
"3","L-10-2",0,0,0,32046.4905723648,119689.068335087,0,0,0,0,0,0,0,0,40982.0298523596,0,0,0,0,0,0,0,0,0,0,0,0,0,0,0,0,0,0,0,0,0,0,0,0,0,0,0,0,0,0,0,0,0,0,0,0,0,0,0,0,0,76339.8795569817,49695.9822691876,0,0,249769.058476663,0,0,0,0,0,0,0,0,0,0,0,0,153168.415261531,30388.8991823632,3643.09231111863,23165.9219380724,35550.5571013434,0,0,304366.166484559,0,0,0,0,0,0,0,0,0,0,0,0,6432.83140343975,0,0,3311.00380562008,0,0,0,0,2414.66866842884,0,0,0,0,0,0,0,0,0,0,0,0,0,0,0,0,0,0,0,0,0,0,0,0,0,0,0.332286664942034,0.818846873011055,568522.509062644,107.546001943963,0.00861549790980439,0,0,0.00213504974369596,"-2"
"4","L-10-3",0,0,0,46493.8273204483,24918.4897518508,61239.4381846995,0,0,0,0,0,0,0,0,0,0,0,44268.7653876218,0,0,0,0,0,16031.0545120901,33229.5688203788,0,0,101571.644035009,0,0,0,0,0,0,0,0,0,0,0,0,0,0,0,0,58308.6181545716,0,44794.0210229899,0,0,0,0,0,0,0,0,18799.9993864086,297069.114117747,12025.4421848505,21496.3618994355,81048.3133639955,0,0,0,0,0,0,0,0,0,0,0,0,101095.48941972,27566.2452091093,1431.82667615496,50856.6504538794,32952.9089540054,0,0,39927.630277039,0,0,0,0,0,0,0,0,0,0,0,0,9914.21752483263,0,0,5924.24900143231,0,0,0,0,0,0,0,0,0,0,0,0,0,0,0,0,0,0,0,0,0,0,0,0,0,0,0,0,0,0,0,0.605123529352321,0.696194776076298,861294.658142097,98.6874661188329,0.0140043701811239,0,0,0,"-3"
"5","L-10-4",0,0,0,98845.3237818286,25101.0528730127,51835.7018968428,0,0,0,0,0,0,0,0,0,0,0,0,0,0,0,0,0,0,17312.4894295368,0,0,0,0,0,0,0,0,0,0,0,0,0,0,0,0,0,0,0,0,0,35872.5889501538,0,0,0,0,0,0,0,0,101906.929129361,199989.391995024,82238.4201825662,1953.25794139382,126426.062222847,0,0,0,0,0,0,0,0,0,0,0,0,275919.854073722,703.547018656791,4842.09171409811,66905.9898647836,25625.2434153489,0,0,776.334845465867,0,0,0,0,0,0,0,0,0,0,0,0,11647.9473636213,0,0,2995.38969932545,0,0,0,0,65.9536900855866,0,0,0,0,0,0,0,0,0,0,0,0,0,0,0,0,0,0,0,0,0,0,0,0,0,0,0.50019111082993,0.816257704788137,741481.218402566,98.120449648259,0.0129476368546418,0,0,5.83162447726869e-05,"-4"
"7","L-11-1",0,0,0,0,58266.5689487498,486956.583405879,17710.0066727311,10686.6141006418,0,0,0,0,0,0,0,41543.7420421681,0,0,0,0,0,0,0,0,0,47520.5031315585,0,0,0,0,0,0,0,0,0,23440.1447274906,7145.66360199006,0,0,0,0,0,0,0,0,16145.3101513027,9033.33229707726,47062.5837134466,11908.3687289933,0,0,0,0,0,0,91.2879511479472,0,0,0,0,0,0,0,0,0,7476.94992210026,0,0,0,0,0,0,0,0,0,2198.79241511929,36897.7603579794,0,0,2412.3924267742,0,0,0,0,0,0,0,0,116987.420200556,78104.374119483,0,35416.0666599363,2003.11737376513,13262.5952019573,0,0,0,0,0,0,0,0,0,0,0,0,0,0,2642.53784496361,0,0,0,0,0,0,0,0,0,0,0,0,0,0,56050.3461781843,0,0,0,0.193107078799178,0.11779910091368,843680.543418425,78.1372295650099,0.102145916104626,0.0117267850686557,0.103440262749328,0,"-1"
"8","L-11-2",0,0,0,3555.90478810376,29736.2160779366,172096.966763243,281.801476657242,0,0,0,0,0,0,0,2937.2312437149,5086.20168737246,60.6812551044466,16769.9729951039,0,0,0,0,0,0,0,0,0,0,0,0,0,0,0,0,0,1441.45246888727,2785.66801253955,0,4600.04223420281,0,0,0,0,0,6028.94918752259,91576.1491403375,90049.4367641513,9573.74805696381,0,0,0,0,0,0,987.924214540091,0,5251.15596992379,0,0,0,0,0,0,0,0,6773.2717513932,0,0,0,0,0,0,0,0,1179.50108280697,10050.7288933643,45669.1848934647,0,0,694.248574038233,0,0,0,124576.050933458,0,0,0,0,64127.7899967646,86355.3053752864,0,14372.9673017925,4047.70951576988,7644.08693579956,0,6714.65123820923,31411.22729329,0,0,0,0,0,0,4623.99337436124,0,0,0,30873.3565193463,158979.685598117,125.442938160223,0,0,0,0,36514.7687024168,0,0,0,0,0,0,0,437.362377611979,42431.3133678618,10541.0330964209,0,0,0.234935652257418,0.236819054267331,729495.736687634,56.7903780689198,0.126353807916726,0.00675890074131279,0.0567017841356545,0.11423866350343,"-2"
"9","L-11-3",0,0,0,0,129945.538105472,373416.609026849,19427.0703000478,0,0,0,0,0,0,0,0,159990.147535062,0,2778.40046441008,0,0,0,0,0,0,34164.6208114098,26738.0313685277,8996.41828082465,0,0,0,0,0,0,0,0,0,0,0,0,0,0,0,0,0,14469.4055264263,51727.9801444309,15765.4346497901,6721.49930317312,0,0,0,0,0,0,0,0,0,0,0,0,0,0,0,0,0,0,0,0,0,0,0,0,0,0,0,0,33266.3773993376,0,0,560.726919450875,0,0,0,1095.19076485967,0,0,0,0,34557.1497522286,0,0,44598.2896345691,9654.87984504929,0,0,2921.94800715073,2761.90170522404,0,0,0,0,0,0,0,0,0,0,0,121026.388083502,0,0,0,0,36379.7158251044,0,0,0,0,0,0,0,0,0,0,0,0,0,0.140219414274684,0.108324586187922,1001547.25942503,66.6943431957446,0.0529963050984673,0,0.0305554276187159,0.000968367541428894,"-3"
"10","L-11-4",0,0,0,0,8830.63474426567,122594.805369689,4504.88956496424,97.5094001807597,0,0,0,0,0,0,3708.27773982496,14946.8490655392,0,0,0,0,0,0,0,0,66.5559881422183,0,0,0,0,0,0,0,0,0,0,10838.655333443,8627.61977492209,0,9577.99535356385,0,0,0,0,0,0,48827.4579414863,77156.8083203811,11060.9351803768,0,0,0,0,0,0,337.272238594249,11553.4379016997,8856.34940837955,0,0,0,0,0,0,0,0,31371.657880847,0,0,0,0,25.101387766871,0,0,0,0,520.370381592138,8520.35496635463,0,0,301.536322635524,0,0,0,307746.694288869,0,0,0,0,28969.8937860883,16712.9346310898,0,14045.6780008146,9279.66050147626,5.61952028219307,0,22627.1025825475,15132.0700651098,0,0,0,0,0,0,54674.9301127615,0,0,0,88876.40123153,56300.3809449364,2901.39274764517,0,0,0,70.3745333168679,58225.4124998376,0,0,0,0,0,0,0,0,60487.6615419108,12582.2201162152,0,0,0.229868067739538,0.175519140754317,652401.554821692,54.6050222410193,0.0687884921218127,4.96877915179861e-06,0.025615176571257,0.320453156329748,"-4"
"12","L-12-1",0,0,0,0,12841.2603808454,577987.036153616,17623.2333975984,18509.1639594364,0,0,0,0,0,0,2065.44916133401,31842.3218011798,0,0,0,0,0,0,0,0,0,0,0,0,0,0,0,0,0,0,4075.98639090807,0,0,0,0,0,0,0,0,0,0,3344.63487125963,0,34132.7393279255,0,0,0,0,0,0,2022.66509848092,0,0,32515.7106567751,0,0,0,0,0,0,0,0,0,5402.29620849381,0,0,4518.51239056897,0,0,0,0,11931.6529138945,32092.8146372236,0,0,33.4217581626608,0,0,0,50997.1989787726,0,0,0,0,76307.0927134374,42802.4618221145,7337.11575975485,0,14698.0006473432,48562.2709212277,0,2008.16154372445,87468.2809556637,0,0,0,8949.9019860976,0,0,894.655985697037,0,0,0,0,0,0,0,0,0,0,0,0,0,0,0,0,0,0,0,0,0,0,0,0.0672803040457001,0.107409007408017,742362.497407853,84.7884340411028,0.136444438408052,0.0429387540573525,0.0674707221202383,0.0537962741148427,"-1"
"13","L-12-2",0,0,0,41519.8568024412,145738.950021217,177668.153141843,76204.1825374227,2440.91623309514,14194.8639212352,0,0,0,0,0,16979.9471826169,0,0,0,0,0,0,0,0,0,0,0,0,0,11693.9720277251,0,0,0,0,0,0,0,0,0,0,0,0,0,0,0,0,58166.8903220878,0,0,0,0,0,0,0,0,43.055429605698,18485.3309408296,0,6294.20805786352,0,0,0,0,0,0,0,0,0,0,0,0,10167.9654599375,2644.1509539956,0,854.528008447692,0,4397.5512219492,58654.4387407324,0,0,115438.190317402,0,0,0,64697.4529666391,0,0,0,0,141410.432854374,55191.9226674336,6160.83904907174,7040.91770190151,2253.53701865068,31367.9554718094,0,663.615955846986,60589.3878739189,0,0,0,0,0,0,0,0,0,0,0,0,0,0,0,0,0,0,0,0,0,0,0,0,0,0,0,0,0,0,0.0837191009969458,0.231955861660667,569430.326617982,77.3847291304506,0.116626158758816,0.0277355424228575,0.125035087575023,0.0572054800645104,"-2"
"14","L-12-3",0,0,0,0,13160.5882400218,403382.25605959,57063.1177704641,184278.609599629,466.625396117512,99.1342619881529,0,0,0,0,720.227177854928,0,0,94274.2869923447,0,0,0,0,0,0,0,0,0,0,0,0,0,0,0,0,0,0,0,0,0,0,0,0,0,0,0,0,0,2051.8906006176,0,0,0,0,0,0,5628.45626026869,0,11467.7986558047,3157.13931355608,0,0,0,0,0,0,0,9874.7838795729,0,4636.27269116028,0,0,2977.25521033739,3197.39210667419,0,80.0843336136298,0,2699.99117651247,22458.4945687557,0,0,12152.6216425563,0,0,0,39424.3142026133,0,0,0,0,63379.0107453184,104848.385874552,0,5947.38481703562,743.362162770259,30371.2641188409,0,2637.75556777428,49784.4454212035,0,0,0,0,0,0,0,0,0,0,0,0,0,0.187924536949245,0,0,0,0,0,0,0,0,0,0,0,0,0,0,0,0,0.0197223301410008,0.0656142917845614,790261.374823527,95.8837088721468,0.144974591493764,0.0268542680494735,0.0560397136123618,0.0348589738352995,"-3"
"15","L-12-4",0,0,0,532.883255718691,35471.5878489639,192484.093014474,92222.4131646962,128761.971390076,55439.4583453272,0,0,0,0,0,0,0,0,0,0,0,0,0,0,0,290.643474083163,0,0,0,0,0,0,0,0,0,673.410228618104,0,0,0,0,0,0,0,0,0,0,11929.0304938444,0,0,0,0,0,0,0,0,28435.3080135067,45795.7734520824,6367.92042907608,28143.4096734894,0,0,0,0,0,0,0,28163.1037298774,0,0,0,0,0,11851.5896767373,0,6854.88848529124,0,0,2478.2783145235,0,0,72948.6275719115,0,0,0,105980.542796425,0,0,0,0,59710.6717741677,109828.888896031,0,2933.8926870894,724.031130502811,23614.318720651,0,8956.3158602195,51076.609725424,0,0,0,0,0,0,6121.75384500341,13171.1774365627,0,0,0,0,0,0,0,0,0,0,0,0,0,0,0,0,0,0,0,0,0,0,0.107550090599275,0.20435303993542,654711.006513835,95.6644000048422,0.153426131554146,0.0208797777480941,0.0527961687390847,0.110766790582556,"-4"
"17","L-13-1",0,0,0,0,105436.078259568,206012.038779589,306877.25959275,0,0,0,0,0,0,0,36200.5836508772,0,14519.6867058395,0,0,0,0,0,0,0,17183.528056771,5.86967878801245,10246.7133519617,6351.23146044481,0,0,0,0,0,0,0,0,3378.65304840634,2935.40617349595,0,4689.55107043141,0,0,0,0,10037.0365766209,15167.7706675375,0,0,0,0,0,0,0,0,0,38957.4489884922,16845.168123334,0,0,0,0,0,0,0,0,0,0,0,0,0,2254.1679271688,0,0,683.618503454907,0,0,44542.836736454,0,0,0,0,0,0,0,0,0,0,0,0,4651.1621295082,22131.9967150971,0,13468.975834105,0,0,2030.88301021013,0,0,0,0,0,0,0,0,0,0,0,246356.558953748,0,0,0,0,0,0,0,0,0,0,0,0,0,0,0,0,0,0,0,0.111230909856073,0.111615981024976,1041200.58313866,66.3685386329094,0.0373866391110965,0,0,0,"-1"
"18","L-13-2",0,0,0,0,110423.423516991,2.33221926882924,24660.7394332965,28759.8486205879,0,0,0,0,0,0,121105.475721299,7115.28086557834,0,3642.94666759389,0,0,0,0,0,0,116100.158554243,271113.223415448,1644.49628026949,0,0,0,0,0,0,0,0,0,0,0,0,0,0,0,0,0,6384.38853667566,0,0,0,0,0,0,0,0,0,2239.87997776483,0,0,0,0,0,0,0,0,0,0,0,0,0,0,0,0,0,1260.81198166166,21406.7525516651,0,991.871513638035,66603.3088032485,0,0,21053.6548813468,0,0,0,0,0,0,0,0,0,0,0,0,12665.8579425435,0,0,3440.02128000803,0,0,0,0,0,0,0,0,0,0,0,103295.235967166,69774.3558301403,0,0,0,0,0,0,0,0,137280.140916202,0,0,0,0,0,0,0,0,0,0.472836749893988,0.106051524312845,1003541.92652253,51.7495651014949,0.0142408164547401,0,0,0,"-2"
"19","L-13-3",0,0,0,0,206406.981382914,50533.839203909,0,0,0,0,0,0,0,0,0,0,0,0,0,0,0,0,0,0,188508.6098654,301704.368520257,74479.1439241782,0,0,0,0,0,0,0,0,0,0,0,0,0,0,0,0,0,42049.0071928602,14360.9002401192,41941.9780219672,10009.0934869384,0,0,0,0,0,0,25034.1640140904,0,0,0,0,0,0,0,0,0,0,0,0,0,0,0,0,0,46044.4973033484,30365.3054421977,42026.4811562286,0,127.962433187906,0,0,32261.4359316626,0,0,0,0,0,0,0,0,0,0,0,0,25109.6463067827,0,0,0,0,0,0,0,0,0,0,0,0,0,0,0,0,0,0,0,0,0,0,0,0,0,0,0,0,0,0,0,0,0,0,0.617248675261511,0.251308019182363,955028.085852633,73.1822014795599,0.0222019462183502,0,0,0,"-3"
"20","L-13-4",0,0,0,0,226069.422028531,77695.4222317359,3128.02814008986,0,0,0,0,0,0,0,70826.411967508,14849.4352275223,0,0,0,0,0,0,0,0,306814.43484203,333554.841545787,0,0,0,0,0,0,0,0,0,0,0,0,0,0,0,0,0,0,0,0,689.578345936277,0,0,0,0,0,0,0,0,0,0,0,0,0,0,0,0,0,0,0,0,0,0,0,19071.9897163824,2724.34349652337,0,0,613.580250276129,1253.89152637362,8793.19823325357,0,0,19735.9110908743,0,0,0,0,0,0,0,0,0,2387.53283080476,10363.4452147769,0,18650.9645373552,0,0,8388.12182784177,5352.41269766437,0,0,0,0,0,0,0,0,0,0,0,0,0,0,0,0,0,0,0,0,0,0,0,0,0,0,0,0,0,0,0.566824161587309,0.0274863784116533,1033627.57432914,68.3924795109807,0.0399149727829511,0,0,0,"-4"
"22","L-14-1",0,0,0,0,889.225376896298,47920.0289618759,0,0,0,0,0,0,0,0,0,0,0,0,0,0,0,0,0,0,55630.9293224964,12927.0883492518,0,0,0,0,0,0,0,0,0,0,0,0,0,0,0,0,0,24174.4047765476,121891.804308044,46969.698527358,0,0,0,0,0,16598.8654686321,0,8163.19451709539,153241.149031002,53460.4600745856,0,0,0,0,0,0,0,0,10592.415980622,0,0,0,0,0,0,179619.107062486,64600.5790640137,25381.5709633204,0,53628.8166203438,196340.511956252,0,0,0,0,0,0,0,0,0,0,0,10736.5748167055,9411.984796132,0,19858.1029659087,13981.8720532329,0,0,4945.48613247341,0,0,0,0,0,0,0,0,0,0,0,0,0,0,0,0,0,0,0,0,0,0,0,0,0,0,0,0,0,0,0,0.435961465132473,0.68529334329044,552459.264694407,63.1655732299545,0.0426161758600586,0,0.00949327815045325,0,"-1"
"23","L-14-2",0,0,0,0,0,0,0,0,0,0,0,12986.3321785861,0,2225.72577543542,115.444939136405,0,0,0,0,0,0,0,0,7310.12563679185,141203.810384527,82377.5862183086,0,0,0,0,0,0,0,0,0,0,0,0,29916.0633055601,0,0,0,0,0,128515.812808625,66132.4570427647,11828.3403024097,0,0,0,0,54052.1802233668,0,0,123742.27888755,0,0,0,0,0,0,0,0,0,0,0,0,0,0,0,0,225811.548053795,22254.768664593,2201.00606675672,12419.913501011,27458.5663359299,148655.892856209,0,0,2112.42188459593,0,0,0,7669.96958699071,0,0,0,0,115.327865664089,5321.52522586709,0,10880.9104550257,1906.38645767272,0,0,3748.83012352767,0,0,0,0,0,0,0,0,0,0,0,0,0,0,0,0,0,0,0,0,0,0,0,0,0,0,0,0,0,0,0,0.570378468326992,0.529966098515616,660406.157703063,63.4735849547482,0.0193265334785424,0,0.000101972884829507,0.00678178617835612,"-2"
"24","L-14-3",0,20094.7650645698,0,0,12016.5885288407,31.8388608035265,26227.3990494219,0,0,0,0,0,0,0,0,0,0,0,0,0,0,31199.8677907883,0,0,163636.418906411,38559.724312737,0,0,0,0,0,0,0,0,0,0,0,14653.7762138603,0,0,0,107258.149757411,0,29510.9654567667,132300.921923122,17859.4870270278,0,0,0,0,0,8267.19043224136,0,22055.3992016979,43662.1906227716,12391.8192979006,0,0,0,0,0,0,0,0,0,0,0,0,0,0,16874.5165871004,153341.028724626,70830.2208825676,30450.8309885555,0,50813.3356436083,75518.1442718382,0,0,16951.3526966992,0,0,0,0,0,0,0,0,4636.29148814528,0,0,25241.5419164025,2649.14583276612,0,0,2523.63478862693,1406.56769756168,0,0,0,0,0,0,0,0,0,0,0,0,0,0,0,0,0,0,0,0,0,0,0,0,0,0,0,0,0,0,0.549402821077499,0.546320586297207,679726.502446371,51.0741364375143,0.02813602728584,0,0.00409940837137923,0,"-3"
"25","L-14-4",0,0,0,0,19682.9812830862,5092.75392378145,16104.8431319255,0,0,0,0,36913.317389808,0,0,3505.06290800227,34.6017591984684,0,0,0,0,0,6294.18418565628,0,0,262662.266876536,7592.56872420958,0,0,0,0,0,0,0,0,0,0,926.032715784802,24144.0502053115,3808.06420181054,0,0,62581.9291999881,0,0,61617.1058210863,32015.4590771392,0,0,0,0,0,0,0,0,1507.05308859915,2065.88227431642,28288.4203966781,0,0,0,0,0,0,0,0,0,0,0,0,0,68339.7081705899,169793.05554399,6887.06942231457,7529.88384870784,0,42048.8879681233,191110.323808332,0,0,2271.96989454767,0,0,0,0,0,0,0,0,10952.5958877684,0,0,9289.01966854057,13140.6196340138,4366.260369738,0,7687.26692684127,17458.0000191341,0,0,0,0,0,0,5252.4017788787,0,0,0,0,0,0,0,0,0,0,0,0,0,0,0,0,0,0,0,0,0,0,0,0.436355307557536,0.38721233423448,574836.577162918,58.6302433480368,0.0420657263335324,0.00386064688924159,0.00968428395528103,0.00464417301570401,"-4"
"27","L-15-1",0,0,0,0,11206.5554884161,145911.948766282,1834.49984564701,0,0,0,0,0,0,0,0,27066.3623295771,12141.8780100854,0,0,0,0,0,0,0,147934.429187708,100780.373133271,0,935.345140765105,423.894289916627,0,0,0,0,0,0,0,411.342422104216,0,0,0,0,0,0,0,6277.79156605092,114977.681624978,286.613137778704,32266.9982719862,0,0,0,0,0,0,90156.0181560716,157983.56529903,48985.9587337033,0,0,0,0,0,0,0,0,7865.81741245512,0,0,20983.4258446405,0,0,0,0,0,0,0,3495.36300255374,0,0,63370.7078697641,0,0,0,0,0,0,0,0,14038.8327667493,13610.1679313083,0,17177.5978807337,18385.4435785295,0,0,3066.62513005064,6512.27113385368,0,0,0,0,0,0,0,0,0,0,0,23621.8297020261,0,0,0,0,39253.49782233,0,0,0,0,0,0,0,0,0,0,0,0,0,0.620195488602985,0.483347811445271,991305.826184823,74.3236185257213,0.0519486046923389,0,0.0124131342292777,0,"-1"
"28","L-15-2",0,0,0,0,13185.9338429226,85747.3733571221,26136.6147113793,0,0,0,0,0,0,0,0,61343.7112829578,18304.8655930298,0,0,0,0,0,0,0,107219.963890618,67790.9101643218,0,6449.4594759013,0,0,0,0,0,0,0,0,4392.57380066971,0,0,0,0,0,0,0,82179.3383274326,102207.956842566,0,0,0,0,0,0,0,0,17011.8111611363,265221.112372647,0,6481.26325385012,0,0,0,0,0,0,0,5553.12761799684,0,8756.96756702201,0,0,0,0,768.850197421499,574.515174378341,12772.5979330981,26841.4099889395,9456.62290224018,0,0,65012.8754143743,0,0,0,1135.01873333371,0,0,0,0,40775.8422481996,42039.8175537545,0,8314.05984177869,14413.3328668568,5213.62717403333,0,5254.40931575938,20407.4803208516,0,0,0,0,0,0,0,0,0,0,0,0,0,0,0,0,0,0,0,0,0,0,0,0,0,0,0,0,0,0,0.582647391070238,0.533029683255821,877982.983261573,77.0981758199855,0.0799573991605415,0.00460988851480357,0.03605399476925,0.00100358342632202,"-2"
"29","L-15-3",0,0,0,0,26265.0225705365,138384.351169302,0,0,0,0,0,0,0,0,1868.53507950895,9600.07601958159,0,0,0,0,0,0,0,0,217900.056206383,79585.9121091673,0,0,0,0,0,0,0,0,0,0,0,0,0,0,0,0,0,0,28304.3288918021,141674.557584548,89465.8372712334,0,0,0,0,0,0,0,15647.9560505006,203142.292369501,22177.8467378745,0,0,0,0,0,0,0,0,0,0,0,0,0,0,0,0,0,0,0,0,0,0,25516.1139620764,0,0,0,0,0,0,0,0,8100.15618819232,88959.5958292225,31214.426389262,0,3156.17622013541,0,0,0,0,0,0,0,0,0,0,0,0,0,0,0,0,0,0,0,0,0,0,0,0,0,0,0,0,0,0,0,0,0,0,0.70550201086594,0.465026298639867,974016.772059938,76.3380052601672,0.109048546497967,0,0.00716215711895169,0,"-3"
"30","L-15-4",0,0,0,0,0,80211.505025713,0,0,0,0,0,0,0,0,0,20720.7855641679,0,0,0,0,0,0,0,0,269238.534234587,18287.6802716099,0,0,0,0,0,0,0,0,0,0,0,0,0,0,0,0,0,0,0,117681.32021787,11914.3837927319,0,0,0,0,0,0,0,34029.056450036,284319.040728305,38682.9848369529,0,0,0,0,0,0,0,0,13946.7155642001,0,0,0,0,0,0,34892.8330582198,11038.5811434107,11155.7154798653,10802.4925995932,6470.52866137154,0,0,29968.5483546181,0,0,0,0,0,0,0,0,3692.95795307853,83207.6425097725,32668.0654747622,1214.95503821302,16818.7018324965,0,0,0,0,0,0,0,0,0,0,0,0,0,0,0,0,0,0,0,0,0,0,0,0,0,0,0,0,0,0,0,0,0,0,0.684505989156255,0.534854452642409,889032.006686174,74.3158351970532,0.118402644160164,0,0.0032653129741111,0,"-4"
"32","L-16-1",0,0,0,0,30287.9378106922,71653.917726109,136204.368160528,0,0,0,0,0,0,0,36503.9830064728,39189.1819686648,23036.9002930679,0,0,0,0,0,0,0,0,0,0,0,0,0,0,0,0,0,0,65175.627406324,19682.7091845366,6362.49539644918,0,19782.6574050351,0,0,0,0,3881.54384134778,378.429609027093,175293.999859307,34727.3381883612,6839.11218251151,30904.5852114172,0,0,0,0,0,74607.273311932,24665.7888864756,0,0,0,0,0,0,0,0,8154.34583166904,0,0,0,2699.7520054924,0,3202.88099922969,0,0,0,0,121816.063567983,0,0,1508.1876142643,0,0,0,0,0,0,0,0,53051.7396510953,32025.0208923454,0,0,24123.7492466984,11900.617931629,0,6486.03630276664,19995.3923379705,0,0,0,0,0,0,23166.7759701135,0,0,0,0,12813.1979081652,0,0,0,0,0,0,0,0,0,0,0,0,0,0,10842.315529369,0,0,0,0.418353757771757,0.429258191766851,833687.460722955,92.9943417028067,0.0730616117370292,0.0105225249314559,0.046908341763674,0.0204840605023613,"-1"
"33","L-16-2",0,0,0,0,11706.5281842749,44102.9108373621,328483.387404406,46619.8935522914,0,0,0,0,0,0,2525.35077621891,46561.2604930677,67601.4793477563,0,0,0,0,0,0,0,2344.88753393188,0,0,0,0,0,0,0,0,0,0,0,60404.374241817,8970.28432370443,0,103773.967247618,0,0,0,0,0,0,9922.41488781661,0,0,29885.359831595,0,0,0,0,0,0,0,0,0,0,0,0,0,0,0,0,0,0,0,0,0,0,0,0,0,0,0,0,0,315.588490359442,0,0,0,17919.9507265681,0,0,0,0,15204.8652491845,66259.0132634592,0,0,7502.68941811097,14268.9072541055,0,1093.87687112977,13055.7536022419,0,0,0,0,0,0,584.202258995307,0,0,0,0,185317.181105924,0,0,0,0,21062.6979045176,0,0,0,0,0,0,0,0,0,25477.6092543127,0,0,0,0.212896671801624,0.0354770728826252,994759.586926615,85.7129651880507,0.0777311901108802,0.0126165660630872,0.0134441400087929,0.0163613698250552,"-2"
"34","L-16-3",0,0,0,0,38327.5308825652,115625.917724034,196614.264142797,44260.1963936802,114986.141256152,7375.60347608866,0,0,0,29325.5680509308,7064.72801692387,61197.2402275973,49676.1514328852,0,0,39598.1400827765,0,0,0,0,0,0,0,22696.5733599857,0,0,0,0,0,0,30882.8814770022,66003.7046223408,63722.1777777482,25041.0592274554,0,37937.9226793573,0,0,0,0,0,0,0,0,0,0,0,0,0,0,0,0,0,0,0,0,0,0,0,0,0,0,0,0,0,19923.3479264344,0,0,0,0,0,0,0,0,0,849.148667028696,0,0,0,0,0,0,0,0,10976.1202073082,25136.1645030158,0,0,7687.94189224974,14345.7575566965,0,389.456907900174,18930.4820194192,0,0,0,0,0,0,923.64021389505,0,0,0,0,81466.0616743067,0,0,0,0,0,0,0,0,0,0,0,0,0,0,0,0,0,0,0.217764565109729,0.0183670389679823,1051725.21043106,95.9404610841413,0.0461057585485195,0.0126845170913153,0.00970508415576437,0.000816682565077155,"-3"
"35","L-16-4",0,0,0,0,113750.173643292,61073.6513955516,266006.316482986,53582.6013957919,0,0,0,0,0,0,26389.8106635588,22460.4874301764,14672.4638707694,88922.7034853376,0,0,0,0,0,0,0,0,0,0,0,0,0,0,0,0,0,21684.3312087945,47833.6894040432,0,0,0,0,0,0,0,0,0,21.4010108323316,0,0,0,0,0,0,0,0,0,0,0,0,0,0,0,0,0,0,0,0,0,0,0,0,9039.7257561432,0,0,0,0,165.605135196629,0,0,819.53161168528,0,0,0,0,0,0,0,0,37900.7735264167,81878.120889199,0,0,3154.35727264668,16624.7692767658,0,1625.67229120637,17112.5178716445,0,0,0,0,0,0,0,0,0,0,0,212826.730331047,0,0,0,0,11555.5768339288,0,0,0,0,0,0,0,0,0,21863.1326958132,0,0,0,0.08081812744104,0.000889980563265598,962643.069851923,71.9294169260788,0.0917540123440462,0.0146996189777286,0.0335118593542305,0,"-4"
"37","L-17-1",0,0,0,0,0,266179.956406385,168396.344943695,0,0,0,0,0,0,0,0,8877.64209685201,0,0,0,0,0,0,0,0,0,23753.8595781765,33827.1698394128,0,0,0,0,0,0,0,0,39409.888682574,13104.4765445211,22101.2778608453,0,0,0,0,0,0,0,741.70018135303,81124.9830159402,0,0,0,0,0,0,0,0,0,0,23590.5527415862,0,0,0,0,0,0,0,0,0,20896.3418265978,0,0,0,0,0,0,0,0,0,0,0,1522.0766678159,0,0,0,0,0,0,0,0,1118.77581825913,54664.828629548,0,0,6024.30618264151,10249.8852920787,0,201.513619789094,8831.75286343788,0,0,0,0,0,0,9522.67937631945,0,0,0,0,95952.5805792489,40414.7949927489,0,0,0,0,0,0,0,0,28307.233200159,154332.287231247,0,0,0,9004.77827883751,8812.62756248844,0,0,0.387377546908697,0.113067638137038,1038828.49556267,67.534499002918,0.0616485387672278,0.00906294733181959,0.000989221442783541,0.00841995194932425,"-1"
"38","L-17-2",0,0,0,0,20758.2774820738,349780.077301536,244220.494539949,0,0,0,0,0,0,0,0,25213.1970347504,7541.90331287988,0,0,0,0,0,0,0,0,0,43478.7356131098,0,0,0,0,0,0,0,0,17300.1868332918,50738.0069034948,0,0,0,0,0,0,0,0,0,0,0,0,0,0,0,0,0,0,0,0,0,0,0,0,0,0,0,0,0,0,0,0,0,0,0,0,0,0,0,6702.46368833372,0,0,1377.70145290047,0,0,0,0,0,0,0,0,0,9398.12015992234,0,0,4387.14355189635,0,0,0,0,0,0,0,0,0,0,0,0,0,0,0,243696.115489604,0,0,0,0,19.5475991385531,0,0,0,0,0,0,0,0,0,106351.480379624,0,0,0,0.19263922145274,0.00714448103765648,1109098.02248945,63.770340925651,0.0121889285016691,0,0,0,"-2"
"39","L-17-3",0,0,0,0,2108.2422580118,85161.700098539,10625.003520841,0,0,0,0,0,0,0,0,4223.93115188022,0,0,0,0,0,0,0,0,0,0,136490.011528222,0,0,0,0,0,0,0,990.51750912226,33304.8354940736,23522.8392233735,37821.2020894075,0,0,0,0,0,0,0,0,0,0,0,0,0,0,0,0,0,0,0,0,0,0,0,0,0,0,0,0,0,0,0,0,0,2.00031279256939,0,0,0,0,18.3711101753922,0,0,3436.71677550152,0,0,0,0,0,0,0,0,36729.582495909,28297.9460502325,0,0,1801.57983053336,7956.60264348777,0,2539.11684721164,10669.8493417751,0,0,0,0,0,0,1653.53099459989,0,0,0,0,12508.0520679503,104751.965268211,0,0,0,1158.62678425515,0,0,0,22775.4120899012,137833.008081901,310150.803467163,0,0,5801.1059932488,107449.876165601,1182.49333296989,0,0,0.722676106067719,0.00305498828937113,1037859.62612467,41.0877220135507,0.0382933634342258,0.00703522709213873,0.0324762923871354,0.0014620519048317,"-3"
"40","L-17-4",0,0,0,0,24386.9917550204,113336.591032643,99680.1385617034,13727.024446197,0,0,0,0,0,0,19275.8665126528,0,48769.925316117,0,0,0,0,0,0,0,61445.095927694,0,187309.620980584,2661.27288134161,0,0,0,0,0,0,0,0,0,0,2351.65945590758,0,0,0,0,0,0,0,0,0,0,0,0,0,0,0,0,0,0,0,0,0,0,0,0,0,0,0,0,0,0,0,0,0,0,0,0,0,0,0,0,1334.48169765761,0,0,0,0,0,0,0,0,0,4086.0310482321,0,0,10056.322146259,0,0,4866.44157413477,4301.36207972865,0,0,0,0,0,0,0,0,0,0,0,28214.8515600765,244437.841199811,6.06290433442035,0,0,1396.92644191743,0,0,0,0,98992.0927803679,96250.6734947331,0,0,0,1886.08444888981,3649.17076620514,58541.2388630047,0,0.453671383223481,0.00117994855517992,1106319.1293292,55.8417049093106,0.0206108378575081,0,0,0,"-4"
"42","L-18-1",0,0,0,0,136703.402805908,3699.61963167426,0,30734.5075084833,69491.6871120143,0,0,0,0,0,0,0,0,0,24306.9995211242,0,0,0,0,0,0,0,0,0,8587.10365624733,0,0,0,0,0,0,0,0,0,79051.0717832564,0,0,0,0,0,3372.40875881894,35807.0927773356,0,0,90236.7009070905,0,0,0,0,0,0,0,0,0,0,0,0,0,0,0,94157.2579781932,12278.2447267851,0,53989.8793435369,0,0,0,0,0,0,0,0,0,0,0,3587.59575112033,0,0,0,0,0,0,0,0,647.624561962724,8845.90852355436,0,0,11454.3288698946,4321.8219281386,0,1106.89617992004,13737.9077390752,0,0,0,0,0,0,0,0,0,0,44885.8770698693,13667.7664018736,0,1515.99470552359,0,0,93867.1948862955,0,494.906577171437,0,0,0,0,41039.0459185322,0,0,78961.0535156439,0,170413.746369067,0,0.448703341821056,0.259450045574209,1087261.56195444,70.8233446440319,0.0310752412649401,0.00382135442457032,0.000572629559122665,0,"-1"
"43","L-18-2",0,0,0,0,90289.3052312103,149238.569330743,0,15869.761463205,24665.906601368,0,0,0,0,0,722.114919885161,0,0,2587.22931257266,19329.3403787705,0,0,0,0,0,0,0,0,0,524.176324506844,0,0,0,0,0,0,0,0,1637.78061392002,111995.080336064,0,0,0,0,0,67709.9652339101,0,0,2682.54957871633,864.540426462117,0,0,0,0,0,0,0,0,0,0,0,0,0,0,0,0,10348.6071065885,0,0,0,0,0,29111.5695454928,0,0,0,5534.04617684657,27877.4384267585,0,0,6771.64060988175,0,0,0,0,0,0,0,0,0,1586.77363349706,0,0,3768.7379125867,0,0,0,0,0,0,0,0,0,0,0,0,0,0,98266.5769419752,68768.8804112697,0,12082.6015879271,0,2.7606135864643,0,111523.955279878,0,0,0,0,0,0,0,0,71169.1052822582,6227.63671477037,174304.281269022,15503.3351256376,0.400205179382286,0.107685631185344,1056314.06008425,56.4594407240859,0.00473534265935825,0,0,0,"-2"
"44","L-18-3",0,0,0,0,0,6849.36057591293,0,82095.7203158655,177878.814191657,0,0,0,0,0,0,0,0,21010.8379148723,210880.865254061,0,0,0,0,0,0,0,0,23165.6727745227,50277.9712097648,0,0,0,0,0,0,0,0,0,65397.3489473241,0,0,0,0,0,0,0,0,0,44127.1985418734,0,0,0,0,0,0,0,0,0,0,0,0,0,0,0,0,0,0,0,0,0,0,0,0,0,0,0,5341.66918170302,0,0,818.566755069682,0,0,0,0,0,0,0,0,0,0,0,0,3922.41686085445,0,0,0,0,0,0,0,0,0,0,0,0,0,0,29897.7363498121,0,0,52344.8747617681,0,0,0,0,31218.49377605,0,0,0,0,179867.123530379,0,0,0,0,145868.910335315,0,0.449796214332862,0.0444641434655384,1120880.92847918,97.2501515969001,0.00346820051253039,0,0,0,"-3"
"45","L-18-4",0,0,0,0,3807.67521678173,7930.45630358284,5094.66868256755,36291.25346768,355451.727950618,0,0,0,0,0,0,0,0,11509.5900010277,85970.9699908053,0,0,0,0,0,0,0,0,0,0,0,0,0,0,0,0,0,0,0,150348.990788402,0,0,0,0,0,0,0,0,15426.0859479644,8996.32441343763,0,0,0,0,0,0,0,0,0,0,0,0,0,0,0,0,0,0,0,0,0,0,9501.72853495671,0,0,0,0,0,0,0,7781.65553302178,0,0,0,0,0,0,0,0,0,0,0,0,8671.78143539563,0,0,1277.10395030595,0,0,0,0,0,0,0,0,0,0,0,83750.4619908557,0,244016.239206803,0,0,0,3391.07407479719,0,22849.2315829675,0,0,0,0,0,0,0,0,0,68897.4514815524,0,0.215451969936635,0.0284748311571027,1103732.20109984,92.4391778008858,0.00879680325111593,0,0,0,"-4"
"47","L-2-1",219832.750442664,0,0,0,0,0,0,0,0,0,0,0,0,0,0,0,0,0,0,0,0,0,0,0,0,0,0,0,0,0,14002.5406748606,0,0,0,0,0,0,0,0,0,450359.967976758,0,0,0,0,0,0,0,0,0,4349.24690681988,0,0,0,0,0,0,0,0,0,0,0,0,0,0,0,0,0,0,0,0,0,3776.10949983465,6941.48648208721,12170.6242021469,35842.0497587058,8559.18852486447,0,0,97467.0122833459,0,0,0,59030.7533072568,0,0,57262.9512410638,0,21369.8983986204,540.40347988604,32095.7880811303,24577.7955243991,13714.6383192159,11553.0671478627,4261.65240897679,1470.34930737652,6607.49818828302,30133.2874369585,0,0,0,0,0,0,0,0,0,0,15044.8071264105,0,0,0,0,0,0,0,0,0,0,0,0,0,0,0,0,0,0,0.414434877404306,0.547731484089321,703589.313127512,4.61760616264543,0.0965013628502089,0.0139833731136387,0.0188952615716303,0.102826879453777,"-1"
"48","L-2-2",138917.798815014,0,0,0,0,0,0,0,0,0,9070.54603564666,0,0,0,0,0,0,0,0,0,0,0,0,0,0,0,0,0,0,0,58622.0528342247,0,0,0,0,0,0,0,0,0,302696.426371806,0,0,0,0,0,0,0,0,0,67.216756291623,0,0,0,0,0,0,0,0,0,23021.4264662315,0,0,0,0,0,0,0,0,0,0,26083.2902596484,4394.23804865193,72.8425599084693,2053.42358263017,8684.41519289587,8811.49435171944,0,0,454.498030611148,0,0,0,284039.715495457,0,0,0,0,58380.0501938626,0,0,25921.4648407267,3557.86403390646,932.79728360655,0,3671.64746408919,6897.40036607424,0,0,0,0,0,0,0,0,0,0,0,130256.900321217,0,0,0,0,0,0,0,0,0,0,0,0,0,0,34355.7219167345,0,0,0,0.349914513680391,0.30969629622884,697008.089517166,5.79893674969526,0.0354107698240235,0.000824779245005199,0.0516196332991997,0.251147881983594,"-2"
"49","L-2-3",30418.2153313558,0,0,0,0,0,0,0,0,0,0,0,0,0,0,0,0,0,0,0,0,0,0,0,0,0,0,0,0,0,0,0,0,0,0,0,0,0,0,0,59735.7883369098,0,0,0,0,0,0,0,0,0,0,0,0,0,0,0,0,0,0,0,3829.44165936349,0,0,0,0,0,0,0,0,0,98338.1163352136,0,10333.622151971,26060.8557293707,3131.82497272239,17061.6372594931,12982.5940122608,0,0,61916.6785800628,0,0,0,470820.883991293,0,0,0,0,40290.7079411704,17485.9309991705,0,21565.8891020529,2806.58504176191,24786.1511933018,1499.30883334515,4850.49845907744,43635.735541136,8743.46607445687,0,0,0,0,0,34835.5297381945,0,0,0,2010.21919088576,114525.645597477,0,0,0,0,0,0,0,0,0,0,0,0,0,0,19297.9719465074,0,0,0,0.0698816412548363,0.172465346174999,229817.282062499,7.70267427186676,0.0876136906128527,0.0232416005668137,0.0356250390738275,0.447101339677309,"-3"
"50","L-2-4",122377.705690153,0,0,0,0,0,0,0,0,0,7119.8978468225,0,0,0,0,0,0,0,0,0,13694.8365753011,0,0,0,0,0,0,0,0,0,0,0,0,0,0,0,0,0,0,0,178608.407171574,0,0,0,0,0,0,0,0,0,54857.1703897813,0,0,0,0,0,0,0,0,0,81586.1090860456,0,0,0,0,0,0,0,0,0,243.185345498692,0,0,0,4674.68039081485,55915.7157632724,9044.94009939602,0,0,23937.7332672578,0,0,0,358755.727923329,0,0,0,0,70540.5459888577,795.469814887865,0,37548.5936088345,11384.6315580487,12131.7200777809,0,2797.46718462855,23947.1136016876,0,0,0,0,0,0,6804.08723045867,0,0,0,0,54132.8793273246,0,0,0,0,65.4820720332682,0,0,0,0,0,0,0,0,0,0,0,0,0,0.218539208196052,0.361305959832694,512442.488159036,5.08170622964417,0.0676176611569996,0.010726865421048,0.0623719422059175,0.323227944212105,"-4"
"52","L-4-1",0,0,0,0,54033.1076585553,47178.305982545,0,0,0,0,0,0,0,0,26735.1111367316,69071.7501899036,0,0,0,0,0,0,0,0,277013.353489731,0,0,0,0,0,0,0,0,0,0,0,0,0,8565.25954421222,0,0,0,0,11935.4854448972,6176.42986370992,24389.092249377,0,0,0,0,0,0,0,142705.652935591,227427.442344647,72047.159042945,0,0,0,0,0,0,0,0,0,0,0,0,0,0,0,0,0,0,0,0,112.946382605227,0,0,8553.37655069049,0,0,0,25649.568870464,0,0,0,0,5599.61305428618,36021.9718179967,0,36154.2605085373,4960.31286254855,11972.7738519252,0,7658.81644245513,17625.479733933,0,0,0,0,0,0,9376.76675165736,0,0,0,0,0,0,0,0,0,0,0,0,0,0,0,0,0,0,0,0,0,0,0,0.681063687958002,0.436217874643855,967278.149882846,61.9085762926065,0.0905604955104492,0.0105863251874285,0.00495117718329833,0.0309702817079571,"-1"
"53","L-4-2",0,0,0,0,28093.6198702162,140803.861322604,0,0,0,0,0,0,0,0,14763.6964334975,12520.8433079393,0,0,0,0,0,0,0,0,91672.623499138,0,4387.87139725035,0,0,0,0,0,0,0,0,0,0,0,0,0,0,0,0,13776.1422741054,300242.365408796,215865.043586292,0,0,0,0,0,0,0,13661.5327513273,10776.0963456426,74961.521824594,16729.3394103704,0,0,0,0,0,0,0,0,0,0,0,0,0,0,0,22891.2211407748,8988.76031701384,0,0,0,0,0,24257.2287877715,0,0,0,8611.98196190765,0,0,0,0,18264.4811677294,29629.9377095978,31119.7683225984,20356.2104707206,14705.2455013784,3843.68625503789,0,2810.77951555354,7229.51299995168,0,0,0,0,0,0,0,0,0,0,0,0,0,0,0,0,0,0,0,0,0,0,0,0,0,0,0,0,0,0,0.656140446748634,0.620840283303554,938254.557431772,69.7830170500315,0.0935938432453323,0.00339858692041838,0.0161494520328015,0.00761471340598006,"-2"
"54","L-4-3",0,0,0,0,0,14587.817557949,0,0,0,0,0,0,0,0,59476.1698855018,0,0,0,0,0,0,0,0,0,129259.694560803,77258.212146962,0,0,0,0,0,0,0,0,0,0,0,0,0,0,0,0,0,0,51234.4017349328,1494.1113209324,0,0,0,0,0,0,0,291116.646242893,288985.053792292,60523.9513361821,3961.41958232231,0,0,0,0,0,0,0,0,0,0,0,0,0,0,0,15511.4533312381,0,0,2813.83786989155,145.134909032209,0,0,19451.2036436348,0,0,0,0,0,0,0,0,18330.9304537997,32392.3850162002,0,57369.9254625253,7050.8036266525,0,0,0,0,0,0,0,0,0,0,0,0,0,0,0,0,0,0,0,0,0,0,0,0,0,0,0,0,0,0,0,0,0,0,0.799169462846204,0.650096655216295,977897.478160771,57.3549432817954,0.0856021437473611,0,0.0162082064834838,0,"-3"
"55","L-4-4",0,0,0,0,51995.7884239534,0,46609.4780987898,35926.6074829026,0,0,0,0,0,0,28676.566059298,0,23326.0045029155,8685.65382700331,0,0,0,0,0,0,95559.2337266183,33417.0303534189,0,0,0,0,0,0,0,0,0,0,0,22750.1169202885,0,0,0,0,0,0,176434.57211527,259935.706237382,0,1030.2548951902,0,0,0,0,0,0,136076.287432987,40935.2056963283,23764.5357578471,0,0,0,0,0,0,0,0,0,0,0,0,0,0,0,144.370874142769,0,0,12691.1165159173,3542.18126507256,0,0,3248.69087827632,0,0,0,0,0,0,0,0,17499.3558096498,22629.1784047007,10248.912863545,44787.4130924753,5405.87969945898,8084.50306054717,0,4652.80364807064,12905.9635449671,0,0,0,0,0,0,0,0,0,0,0,0,0,0,0,0,0,0,0,0,0,0,0,0,0,0,0,0,0,0,0.698432086495377,0.581629263539676,985123.041530193,74.7568546818953,0.0889771675304278,0.00714831662538676,0.0154729282840066,0,"-4"
"57","L-5-1",0,0,0,0,0,243977.239989589,0,70879.8597998567,0,0,0,0,0,0,20713.5547554031,15133.7283530369,0,112138.426441153,0,0,0,0,0,0,47399.631841281,152707.926466381,0,0,0,0,0,0,0,0,0,15572.6421935104,16783.0089590079,17383.0732339306,0,0,0,0,0,2801.47471690752,65297.8989181463,95141.3728728595,0,0,52458.9687531078,0,0,0,0,0,27266.5602710496,0,0,7951.09417914817,0,0,0,0,0,0,0,4059.84998614447,0,0,0,0,0,0,0,0,0,0,0,0,0,0,0,0,0,45522.0573968079,0,0,0,0,49845.1779520386,1554.89176348117,0,11769.5819381709,6520.7125032376,0,0,12593.5961594875,35491.0196536156,0,0,0,0,0,0,0,0,0,0,0,0,0,0,0,0,0,0,0,0,0,0,0,0,0,0,0,0,0,0,0.442775160708041,0.225450826724555,967666.311730513,88.7754264493824,0.060063522703594,0,0.0440731002983632,0.0402505976278756,"-1"
"58","L-5-2",0,0,0,0,0,9897.65531886765,0,0,0,0,0,0,0,0,0,0,0,0,0,0,0,0,0,0,43973.966540087,296521.777120041,0,0,0,0,0,0,0,0,0,0,0,0,0,0,0,0,0,40950.1482327746,329696.08402803,70016.9494036833,0,0,0,0,0,0,0,33544.9837447043,159070.60190397,0,0,0,0,0,0,0,0,0,0,19408.8601694112,0,0,0,0,0,0,0,0,0,6272.69510724966,9511.18313179783,0,0,97.1478919715875,0,0,0,20022.195365679,0,0,0,0,21169.0057022793,0,0,22275.3763334284,13862.1803568933,0,0,11211.6343333441,23461.7514193818,0,0,0,0,0,0,0,0,0,0,0,0,0,0,0,0,0,0,0,0,0,0,0,0,0,0,0,0,0,0,0.861011304471831,0.591148322419588,1003081.02646157,66.4072612592047,0.0626110267179098,0,0.0187176322738963,0.0177036227133963,"-2"
"59","L-5-3",0,0,0,0,0,16320.5281350605,0,0,0,0,0,0,0,0,0,2429.79010274257,0,0,0,0,0,0,0,0,18231.0520724491,156374.917468578,0,0,0,0,0,0,0,0,0,0,0,0,0,0,0,0,0,0,78375.157953917,102488.009883103,24537.2304181757,0,0,0,0,0,0,0,266360.836392414,153751.173161002,0,0,0,0,0,0,0,0,0,0,0,0,0,0,0,0,24268.1689418212,225.475744587532,3938.20669214603,4219.91563562882,4316.83212602539,0,0,38268.7610004537,0,0,0,54672.8708698123,0,0,0,0,76465.2066739884,32351.4933624811,0,20159.4659103314,12789.3626527843,0,0,16803.8665655959,23614.8776586231,0,0,0,0,0,0,0,0,0,0,0,0,0,0,0,0,0,0,0,0,0,0,0,0,0,0,0,0,0,0,0.707464572188411,0.619602859811236,818868.695587441,71.7342104338762,0.0934767854646521,0,0.0676105264649763,0.0483417457906005,"-3"
"60","L-5-4",0,0,0,0,13579.0371514484,138493.541842307,0,53750.0512484924,0,0,0,0,0,26435.3414509937,0,0,0,0,0,0,0,0,0,0,192066.467741446,14162.1225202965,0,0,0,0,0,0,0,0,0,0,0,0,0,0,0,0,0,27444.8524446182,167891.702436601,22506.4504532705,123803.014145892,0,0,0,0,0,0,0,102192.904217884,0,610.677452538452,0,0,0,0,0,0,0,0,18055.2918782754,0,0,0,0,0,0,0,0,0,0,0,0,0,470.875980819304,0,0,0,107240.970605483,0,0,0,0,33484.8598440776,27534.4818095799,0,13115.3201551391,12914.2653482321,0,0,11244.0215995403,23966.8593459397,0,0,0,0,0,0,0,0,0,0,0,0,0,0,0,0,0,0,0,0,0,0,0,0,0,0,0,0,0,0,0.575329577911756,0.409363118793933,900991.454984064,72.1957815848674,0.0784947984806184,0,0.0296073090120106,0.0948224531997279,"-4"
"62","L-6-1",0,0,0,0,72622.2842336155,76221.9971864788,0,0,0,0,0,0,0,0,124.827770456081,26865.0424736165,169.376549753282,0,0,0,0,0,0,0,0,7076.71062018898,0,0,0,0,0,0,0,0,0,18680.6970149856,0,15118.1562109805,0,0,0,0,0,0,0,35627.5742527594,281714.933317328,24356.9051453042,0,0,0,0,0,0,1993.71918426565,0,8926.57907759736,0,0,0,0,0,0,0,0,0,0,0,0,0,0,81.9026903720231,0,0,1991.94487521286,144817.42221893,65402.0882274586,0,0,4745.62991940214,0,0,0,496.400400606572,0,0,0,0,49081.9856687569,103066.705783865,0,15287.2236493,7942.06612550997,8491.26824717857,0,947.039982626849,25036.2915256276,0,0,0,0,0,0,0,0,0,0,61969.5914531229,255.326485854197,0,0,0,15543.1044390384,0,9354.98903802366,0,0,26850.642411596,0,0,0,0,0,19381.00047459,722.322105866507,0,0,0.389445164412955,0.503619734119556,703575.779445421,74.3741525731031,0.134645362519235,0.00750797835406066,0.04339828577407,0.000438917173996895,"-1"
"63","L-6-2",39531.6925841564,0,0,0,4435.96906454522,18813.3623984864,0,0,0,0,9168.17820841046,0,0,0,0,6978.10208030023,0,0,0,0,0,0,0,0,0,0,0,0,0,0,0,0,0,0,0,0,2810.9416966952,0,0,0,70031.5396302499,0,0,0,4506.39749278483,102229.640999214,158129.51270073,25848.1238276745,0,0,0,0,0,0,15220.7839833709,3684.30347858973,12879.8167641491,30426.137946986,0,0,0,0,0,0,0,0,0,0,0,0,0,0,13291.2284413478,13417.5422117952,3748.99947951946,45823.3550174288,10524.0538843656,0,0,73304.1736596054,0,0,0,44799.5594080889,0,0,0,0,113465.202553784,6434.92818243336,0,16383.5563601306,3722.88562971282,0,0,2230.68153960728,0,0,0,0,0,0,0,0,0,0,0,102325.540444676,30452.0026836212,1778.10443201675,0,0,0,0,0,0,0,22546.0586189417,0,0,0,0,15697.4185108638,43809.254375222,62513.9275804127,0,0,0.504289127706654,0.515546541202663,783816.809502096,50.1602733422951,0.0254402446332463,0,0.10032591833334,0.039611764993898,"-2"
"64","L-6-3",0,0,0,0,124092.679693571,105607.608699668,0,0,0,0,0,0,0,0,45359.8195257172,22950.3613494386,0,5923.3520039292,0,0,0,0,0,0,0,27855.6008297055,0,0,0,0,0,0,0,0,0,6399.16001581862,27138.9832185772,0,0,0,0,0,0,0,62464.7373620211,25320.9455269636,217192.599881828,1816.54275898428,0,0,0,0,0,0,15809.8949220358,20207.1925336136,3234.26330210874,0,0,0,0,0,0,0,0,3885.49783647039,0,0,0,0,0,0,0,0,1233.89405044169,2950.20808919942,13645.1376805978,0,0,4547.10526194184,0,0,0,0,0,0,0,0,50660.4006767941,64610.2858274612,0,15395.112931894,12453.5921189074,12694.4910079562,0,758.816780474754,41030.030710875,0,0,0,0,0,0,11725.6519095101,0,0,0,28103.3544957647,0,1194.29311421349,0,0,20716.4292437277,0,17832.4614435728,0,0,0,0,0,0,0,0,0,116152.784208645,0,0,0.462960605854023,0.329194705416614,899258.561966373,67.2224781661325,0.118701922400507,0.0112244674092379,0.0447939201326955,0.0103678199959239,"-3"
"65","L-6-4",0,0,0,0,4295.95070116175,28112.5739292828,7248.72255451175,0.164301659627012,0.0517981099612246,0.011004474780224,0,0,0,0,2256.69952310629,0,0,0,0,0,0,0,0,0,0,660.225144327703,0,0,0,0,0,0,0,0,0,8671.96775834357,5934.66257513585,0,0,0,0,0,0,0,39883.4669972887,48105.7392192761,319549.038304313,16847.4160533353,0,0,0,0,0,0,67571.308393549,7044.23977813175,42982.0519579263,17294.2042035613,0,0,0,0,0,0,0,0,0,0,0,0,0,0,5793.06994803443,6969.1099297973,1577.8818371046,4554.49602709967,13630.768956368,0,0,66518.7633451752,0,0,0,5133.73909868267,0,0,0,0,178912.443307344,14616.6710070142,0,17907.2324557053,9763.5928641651,0,0,1260.52265908851,0,0,0,0,0,0,0,0,0,0,0,120834.319777075,17444.4231341658,0,0,0,691.684153362753,0,0,0,0,487.188610330099,0,0,0,0,1846.52491468149,46562.8473795526,0,0,0,0.5512463516054,0.582087839025187,804325.482166663,71.0084892272184,0.0385051531044905,0,0.158194360668088,0.00453925148826991,"-4"
"67","L-7-1",0,0,21657.1594846023,0,165722.973946699,93208.5937597426,13135.1382826368,0,0,0,0,0,0,0,0,222057.938888919,0,19770.3361625831,3100.27682531901,0,0,0,15330.0487592015,0,2244.68630956419,0,0,0,0,0,0,0,0,0,0,0,0,17537.6140818728,22105.3823593452,0,0,0,0,0,53340.4627688021,71705.4315721071,8832.26107585023,1978.54495171052,0,0,0,0,0,0,17464.8955641979,532.192086550144,0,0,0,0,0,0,0,0,0,0,0,0,0,0,0,2012.94340087997,1123.01967570714,3686.17938918038,4862.03796118417,19874.6160973384,61295.7576766499,0,0,31952.2637879765,0,0,0,0,0,0,0,0,1246.82117783036,9560.31799236374,0,1221.44143746682,6301.34878136394,12156.7738296511,0,2390.50006571797,20273.6092532306,0,0,0,0,0,0,0,0,0,0,0,114657.930939254,0,0,0,0,67999.3341604076,0,0,0,0,0,0,0,0,0,20624.4781022843,0,0,0,0.204865572998203,0.244611829716591,953005.680081649,61.4258530516451,0.0351444849183292,0.0107490179454122,0.00110243913418296,0,"-1"
"68","L-7-2",0,0,0,0,84651.7068149981,51214.1171773438,0,0,0,0,0,0,0,0,0,59.6604370591683,0,0,62622.6768963139,0,0,0,0,0,0,34961.9364947091,55868.881025874,0,0,0,0,0,0,0,0,0,0,0,0,0,0,0,0,0,2146.26015837251,462808.209101338,4244.56986451902,8131.278582135,0,0,0,0,0,0,75452.071812747,4015.87703747482,32210.1641389952,0,334.93737817815,0,0,0,0,0,0,0,0,0,0,0,0,0,45286.5457232491,28042.1614130683,10728.8719455611,44703.4226692091,7945.88274236269,0,0,750.373173824528,0,0,0,0,0,0,0,0,3140.96118295035,0,0,8472.72637501523,9989.69953735506,7654.24461575087,0,1894.45017421128,13695.0289039229,0,0,0,0,0,0,28.2583049078145,0,0,0,0,77.3228673274494,0,0,0,0,28125.2941519635,0,0,0,0,41706.6122010165,0,0,0,0,0,0,0,0,0.638286913837692,0.642637025110423,948631.576140365,77.691973811678,0.0301086902616918,0.00676788216069349,0.00277723749692772,2.49859897714118e-05,"-2"
"69","L-7-3",0,0,0,0,9000.99072059884,152646.603471507,25888.3096037503,0,0,0,0,0,0,0,0,0,0,0,0,0,0,0,0,0,0,0,0,0,0,0,0,0,0,0,0,0,0,0,0,0,0,0,0,0,101638.555567586,275099.684295113,0,0,0,0,0,0,0,65255.3081391007,0,181654.98827368,94181.1982671759,0,0,0,0,0,0,0,0,0,0,0,0,0,0,0,59269.3846511589,6512.65318464543,9835.40805470152,17165.3110139781,7328.48910457084,0,0,78838.2412110856,0,0,0,0,0,0,0,0,4943.55819598593,1406.89558461315,0,21182.5180563729,5200.80598653971,0,0,699.368695102906,0,0,0,0,0,0,0,0,0,0,0,0,0,0,0,0,0,8838.24977185521,0,0,0,0,0,0,0,0,0,4376.42276737782,0,0,0,0.638574596681096,0.792932079092383,918580.310877744,76.3567255557028,0.025190490538733,0,0.00437109355717672,0,"-3"
"70","L-7-4",0,0,0,0,32872.3858338209,95448.2837231316,0,0,0,0,0,0,0,0,0,36391.5941964707,0,0,0,0,0,0,0,0,30705.3733739722,99059.5794518662,0,0,0,0,0,0,0,0,0,0,0,0,0,0,0,0,0,5540.83131038822,209283.63049125,372881.615305421,0,0,0,0,0,0,0,0,17639.2306325589,56928.4625263439,41483.370983538,0,0,0,0,0,0,2225.16917626793,0,0,0,0,0,0,0,0,4.22774531235012,0,14113.8494498359,31067.1302620011,21689.1405785977,0,0,0,0,0,0,0,0,0,0,0,7883.42928365862,7937.04241496599,0,35972.9835195097,11835.8936548028,0,0,0,0,0,0,0,0,0,0,0,0,0,0,0,0,0,0,0,0,0,0,0,0,0,0,0,0,0,0,0,0,0,0,0.737000134464996,0.683359763654712,1000459.52700503,74.7114452273081,0.0492905353381786,0,0.00697052721625462,0,"-4"
"72","L-9-1",0,0,0,16957.9585279103,48099.2176839461,479534.3171269,108232.826121946,0,0,0,0,0,0,0,10649.9205329081,0,33730.9880692212,12884.6954807565,0,38751.6139686813,0,0,0,0,43944.4701318065,0,0,0,0,0,0,0,0,0,0,0,40385.2153054669,855.771806888341,0,0,0,0,0,0,45565.0204922403,73569.7401791056,0,33098.8082506392,0,0,0,0,0,0,50683.1229764236,0,0,0,0,0,0,0,0,61595.390732028,13465.307392437,0,0,7302.93719049464,0,0,0,0,0,0,0,0,2121.31403749119,0,0,998.206829912513,0,0,0,0,0,0,0,0,0,0,0,0,7857.2507781952,0,0,679.842603525165,0,0,0,0,0,0,0,0,0,0,0,0,0,0,0,0,0,0,0,0,0,0,0,0,0,0,0,0,0,0,0,0.254739885321549,0.255003110686592,1119307.3219698,81.360236846576,0.00754849693246337,0,0,0,"-1"
"73","L-9-2",0,0,0,0,90022.025755304,153507.766316971,0,270605.859909215,0,0,0,0,0,0,5302.1129966424,57218.0067193035,0,118731.394474006,363.155785854428,1318.79394304934,0,0,0,0,29977.6156159146,0,0,0,0,0,0,0,0,0,1174.26676008832,18734.3312974422,0,56519.8569147411,5825.88164609181,0,0,0,0,0,81550.2944949328,92744.0052782614,10502.5811424434,15575.8741523359,0,0,0,0,0,0,11003.4613957236,34716.1069137054,16221.5707625248,0,0,0,0,0,0,5164.37164215816,4969.71504943124,10680.4144356896,0,0,0,0,0,0,0,0,0,0,2360.53910891451,0,0,494.206024676159,0,0,0,0,0,0,0,0,760.890683207208,0,0,0,12227.7908097032,0,0,5641.11835858244,0,0,0,0,0,0,0,0,0,0,0,0,0,604.068610467446,0,0,0,0,13823.2499394289,0,0,0,0,0,0,0,0,0,0,2622.71263625988,0,0.333492394121897,0.252866258049134,1109479.49458799,92.4486626020158,0.0157996873188811,0,0.000672779449786473,0,"-2"
"74","L-9-3",0,0,0,0,220228.40141869,193512.423934992,7807.27774957089,0,0,0,0,0,0,0,21858.4237118137,0,8643.57294182082,21097.3493410037,40261.7790589131,0,0,0,0,0,17450.3769487459,0,0,0,0,0,0,0,0,0,0,0,24869.5588766425,0,84125.254136428,0,0,0,0,0,188142.843708597,10891.5465899081,0,0,0,0,0,0,0,0,76570.6511557372,62335.5913685897,0,0,0,0,0,0,0,0,4474.51714353742,0,0,0,0,0,0,0,12965.6798028847,13947.4658867914,1556.82019925243,10406.6270170101,4654.58144987381,0,0,85064.0315689179,0,0,0,0,0,0,0,0,0,0,0,0,19636.3110156019,0,0,0,0,0,0,0,0,0,0,0,0,0,0,0,0,0,0,0,0,0,0,0,462.118367343599,0,0,0,0,0,0,0,0,0,0,0.410609888170509,0.416467299539597,982731.686452334,78.5242945634497,0.0173624238178706,0,0,0,"-3"
"75","L-9-4",0,0,0,0,220380.805053444,298780.368139175,0,91738.4495532421,0,0,0,0,0,0,44266.2418281953,0,0,22522.0325468982,1314.55293992734,0,0,0,0,0,54102.3001152103,0,0,0,0,0,0,0,0,0,0,0,0,16799.1860157968,5014.53339539171,0,0,0,0,0,96474.6730992143,0,0,22102.722056178,0,0,0,0,0,0,51206.3458116666,120790.338122067,8656.87485651804,0,0,0,0,0,0,0,17355.8158770991,16137.2940300588,13054.7332846816,0,0,0,0,0,0,0,0,518.583846914865,11582.7340911159,0,0,1756.99738012978,0,0,0,0,0,0,0,0,0,0,0,0,10470.3122005286,0,0,841.667248712303,0,0,0,0,0,0,0,0,0,0,0,0,0,0,0,0,0,0,5096.46994546922,0,0,0,0,0,0,0,0,0,0,0,0,0.331704908434067,0.317991091204903,1105793.73667023,77.2499040447144,0.0100020508567374,0,0,0,"-4"
